time,x,z,heading,state,lane_index,turn_phase,left_vel,right_vel,lane_dir
0.0160,9.500067,-9.499963,0.000000,DRIVE_LANE,0,NONE,-5.0000,-5.0000,-X
0.0320,9.498543,-9.499995,0.000082,DRIVE_LANE,0,NONE,-4.9986,-4.9986,-X
0.0480,9.494851,-9.500016,0.000149,DRIVE_LANE,0,NONE,-4.9976,-4.9976,-X
0.0640,9.488985,-9.500034,0.000214,DRIVE_LANE,0,NONE,-4.9966,-4.9966,-X
0.0800,9.481488,-9.500039,0.000214,DRIVE_LANE,0,NONE,-4.9965,-4.9965,-X
0.0960,9.472736,-9.500044,0.000214,DRIVE_LANE,0,NONE,-4.9964,-4.9964,-X
0.1120,9.462737,-9.500048,0.000215,DRIVE_LANE,0,NONE,-4.9963,-4.9963,-X
0.1280,9.451508,-9.500052,0.000215,DRIVE_LANE,0,NONE,-4.9962,-4.9962,-X
0.1440,9.444936,-9.500054,0.000215,DRIVE_LANE,0,NONE,-4.9962,-4.9962,-X
0.1600,9.437144,-9.500057,0.000215,DRIVE_LANE,0,NONE,-4.9961,-4.9961,-X
0.1760,9.428115,-9.500059,0.000215,DRIVE_LANE,0,NONE,-4.9961,-4.9961,-X
0.1920,9.420557,-9.500062,0.000215,DRIVE_LANE,0,NONE,-4.9960,-4.9960,-X
0.2080,9.411770,-9.500064,0.000215,DRIVE_LANE,0,NONE,-4.9960,-4.9960,-X
0.2240,9.404101,-9.500066,0.000215,DRIVE_LANE,0,NONE,-4.9959,-4.9959,-X
0.2400,9.396155,-9.500068,0.000215,DRIVE_LANE,0,NONE,-4.9959,-4.9959,-X
0.2560,9.388190,-9.500070,0.000215,DRIVE_LANE,0,NONE,-4.9958,-4.9958,-X
0.2720,9.380219,-9.500072,0.000215,DRIVE_LANE,0,NONE,-4.9958,-4.9958,-X
0.2880,9.372244,-9.500074,0.000215,DRIVE_LANE,0,NONE,-4.9958,-4.9958,-X
0.3040,9.364265,-9.500076,0.000215,DRIVE_LANE,0,NONE,-4.9957,-4.9957,-X
0.3200,9.356283,-9.500077,0.000215,DRIVE_LANE,0,NONE,-4.9957,-4.9957,-X
0.3360,9.348299,-9.500079,0.000215,DRIVE_LANE,0,NONE,-4.9956,-4.9956,-X
0.3520,9.340313,-9.500081,0.000215,DRIVE_LANE,0,NONE,-4.9956,-4.9956,-X
0.3680,9.332326,-9.500083,0.000215,DRIVE_LANE,0,NONE,-4.9956,-4.9956,-X
0.3840,9.324337,-9.500084,0.000215,DRIVE_LANE,0,NONE,-4.9955,-4.9955,-X
0.4000,9.316348,-9.500086,0.000215,DRIVE_LANE,0,NONE,-4.9955,-4.9955,-X
0.4160,9.308358,-9.500088,0.000215,DRIVE_LANE,0,NONE,-4.9955,-4.9955,-X
0.4320,9.300368,-9.500090,0.000215,DRIVE_LANE,0,NONE,-4.9938,-4.9971,-X
0.4480,9.292377,-9.500091,0.000210,DRIVE_LANE,0,NONE,-4.9938,-4.9971,-X
0.4640,9.284386,-9.500093,0.000205,DRIVE_LANE,0,NONE,-4.9938,-4.9971,-X
0.4800,9.276394,-9.500094,0.000201,DRIVE_LANE,0,NONE,-4.9955,-4.9955,-X
0.4960,9.268403,-9.500096,0.000201,DRIVE_LANE,0,NONE,-4.9938,-4.9971,-X
0.5120,9.260411,-9.500097,0.000196,DRIVE_LANE,0,NONE,-4.9938,-4.9971,-X
0.5280,9.252419,-9.500098,0.000191,DRIVE_LANE,0,NONE,-4.9955,-4.9955,-X
0.5440,9.244426,-9.500100,0.000191,DRIVE_LANE,0,NONE,-4.9938,-4.9971,-X
0.5600,9.236434,-9.500101,0.000186,DRIVE_LANE,0,NONE,-4.9938,-4.9971,-X
0.5760,9.228442,-9.500102,0.000181,DRIVE_LANE,0,NONE,-4.9955,-4.9955,-X
0.5920,9.220449,-9.500103,0.000181,DRIVE_LANE,0,NONE,-4.9955,-4.9955,-X
0.6080,9.212457,-9.500105,0.000181,DRIVE_LANE,0,NONE,-4.9938,-4.9971,-X
0.6240,9.204464,-9.500106,0.000175,DRIVE_LANE,0,NONE,-4.9955,-4.9955,-X
0.6400,9.196471,-9.500107,0.000175,DRIVE_LANE,0,NONE,-4.9938,-4.9971,-X
0.6560,9.188479,-9.500108,0.000169,DRIVE_LANE,0,NONE,-4.9955,-4.9955,-X
0.6720,9.180486,-9.500109,0.000169,DRIVE_LANE,0,NONE,-4.9938,-4.9971,-X
0.6880,9.172494,-9.500110,0.000163,DRIVE_LANE,0,NONE,-4.9955,-4.9955,-X
0.7040,9.164501,-9.500111,0.000163,DRIVE_LANE,0,NONE,-4.9938,-4.9971,-X
0.7200,9.156508,-9.500112,0.000157,DRIVE_LANE,0,NONE,-4.9955,-4.9955,-X
0.7360,9.148515,-9.500113,0.000157,DRIVE_LANE,0,NONE,-4.9955,-4.9955,-X
0.7520,9.140523,-9.500114,0.000157,DRIVE_LANE,0,NONE,-4.9938,-4.9971,-X
0.7680,9.132530,-9.500115,0.000152,DRIVE_LANE,0,NONE,-4.9955,-4.9955,-X
0.7840,9.124537,-9.500116,0.000152,DRIVE_LANE,0,NONE,-4.9955,-4.9955,-X
0.8000,9.116545,-9.500117,0.000152,DRIVE_LANE,0,NONE,-4.9938,-4.9971,-X
0.8160,9.108552,-9.500118,0.000146,DRIVE_LANE,0,NONE,-4.9955,-4.9955,-X
0.8320,9.100559,-9.500119,0.000146,DRIVE_LANE,0,NONE,-4.9938,-4.9971,-X
0.8480,9.092566,-9.500119,0.000140,DRIVE_LANE,0,NONE,-4.9955,-4.9955,-X
0.8640,9.084574,-9.500120,0.000140,DRIVE_LANE,0,NONE,-4.9955,-4.9955,-X
0.8800,9.076581,-9.500121,0.000140,DRIVE_LANE,0,NONE,-4.9938,-4.9971,-X
0.8960,9.068588,-9.500122,0.000134,DRIVE_LANE,0,NONE,-4.9955,-4.9955,-X
0.9120,9.060595,-9.500123,0.000134,DRIVE_LANE,0,NONE,-4.9955,-4.9955,-X
0.9280,9.052603,-9.500124,0.000134,DRIVE_LANE,0,NONE,-4.9938,-4.9971,-X
0.9440,9.044610,-9.500125,0.000129,DRIVE_LANE,0,NONE,-4.9955,-4.9955,-X
0.9600,9.036617,-9.500126,0.000129,DRIVE_LANE,0,NONE,-4.9955,-4.9955,-X
0.9760,9.028624,-9.500127,0.000129,DRIVE_LANE,0,NONE,-4.9938,-4.9971,-X
0.9920,9.020632,-9.500127,0.000123,DRIVE_LANE,0,NONE,-4.9955,-4.9955,-X
1.0080,9.012639,-9.500128,0.000123,DRIVE_LANE,0,NONE,-4.9955,-4.9955,-X
1.0240,9.004646,-9.500129,0.000123,DRIVE_LANE,0,NONE,-4.9938,-4.9971,-X
1.0400,8.996653,-9.500130,0.000118,DRIVE_LANE,0,NONE,-4.9955,-4.9955,-X
1.0560,8.988661,-9.500130,0.000118,DRIVE_LANE,0,NONE,-4.9955,-4.9955,-X
1.0720,8.980668,-9.500131,0.000118,DRIVE_LANE,0,NONE,-4.9938,-4.9971,-X
1.0880,8.972675,-9.500132,0.000113,DRIVE_LANE,0,NONE,-4.9955,-4.9955,-X
1.1040,8.964682,-9.500133,0.000113,DRIVE_LANE,0,NONE,-4.9955,-4.9955,-X
1.1200,8.956690,-9.500134,0.000113,DRIVE_LANE,0,NONE,-4.9938,-4.9971,-X
1.1360,8.948697,-9.500134,0.000107,DRIVE_LANE,0,NONE,-4.9955,-4.9955,-X
1.1520,8.940704,-9.500135,0.000107,DRIVE_LANE,0,NONE,-4.9955,-4.9955,-X
1.1680,8.932711,-9.500136,0.000107,DRIVE_LANE,0,NONE,-4.9938,-4.9971,-X
1.1840,8.924719,-9.500136,0.000102,DRIVE_LANE,0,NONE,-4.9955,-4.9955,-X
1.2000,8.916726,-9.500137,0.000102,DRIVE_LANE,0,NONE,-4.9955,-4.9955,-X
1.2160,8.908733,-9.500138,0.000102,DRIVE_LANE,0,NONE,-4.9955,-4.9955,-X
1.2320,8.900740,-9.500138,0.000102,DRIVE_LANE,0,NONE,-4.9938,-4.9971,-X
1.2480,8.892748,-9.500139,0.000097,DRIVE_LANE,0,NONE,-4.9955,-4.9955,-X
1.2640,8.884755,-9.500140,0.000097,DRIVE_LANE,0,NONE,-4.9955,-4.9955,-X
1.2800,8.876762,-9.500140,0.000097,DRIVE_LANE,0,NONE,-4.9938,-4.9971,-X
1.2960,8.868769,-9.500141,0.000092,DRIVE_LANE,0,NONE,-4.9955,-4.9955,-X
1.3120,8.860777,-9.500141,0.000092,DRIVE_LANE,0,NONE,-4.9955,-4.9955,-X
1.3280,8.852784,-9.500142,0.000092,DRIVE_LANE,0,NONE,-4.9955,-4.9955,-X
1.3440,8.844791,-9.500143,0.000092,DRIVE_LANE,0,NONE,-4.9938,-4.9971,-X
1.3600,8.836798,-9.500143,0.000087,DRIVE_LANE,0,NONE,-4.9955,-4.9955,-X
1.3760,8.828806,-9.500144,0.000087,DRIVE_LANE,0,NONE,-4.9955,-4.9955,-X
1.3920,8.820813,-9.500145,0.000087,DRIVE_LANE,0,NONE,-4.9938,-4.9971,-X
1.4080,8.812820,-9.500145,0.000082,DRIVE_LANE,0,NONE,-4.9955,-4.9955,-X
1.4240,8.804827,-9.500146,0.000082,DRIVE_LANE,0,NONE,-4.9955,-4.9955,-X
1.4400,8.796835,-9.500146,0.000082,DRIVE_LANE,0,NONE,-4.9955,-4.9955,-X
1.4560,8.788842,-9.500147,0.000082,DRIVE_LANE,0,NONE,-4.9938,-4.9971,-X
1.4720,8.780849,-9.500147,0.000077,DRIVE_LANE,0,NONE,-4.9955,-4.9955,-X
1.4880,8.772856,-9.500148,0.000077,DRIVE_LANE,0,NONE,-4.9955,-4.9955,-X
1.5040,8.764864,-9.500148,0.000077,DRIVE_LANE,0,NONE,-4.9955,-4.9955,-X
1.5200,8.756871,-9.500149,0.000077,DRIVE_LANE,0,NONE,-4.9938,-4.9971,-X
1.5360,8.748878,-9.500149,0.000072,DRIVE_LANE,0,NONE,-4.9955,-4.9955,-X
1.5520,8.740885,-9.500150,0.000072,DRIVE_LANE,0,NONE,-4.9955,-4.9955,-X
1.5680,8.732893,-9.500150,0.000072,DRIVE_LANE,0,NONE,-4.9955,-4.9955,-X
1.5840,8.724900,-9.500151,0.000072,DRIVE_LANE,0,NONE,-4.9955,-4.9955,-X
1.6000,8.716907,-9.500152,0.000072,DRIVE_LANE,0,NONE,-4.9938,-4.9971,-X
1.6160,8.708914,-9.500152,0.000068,DRIVE_LANE,0,NONE,-4.9955,-4.9955,-X
1.6320,8.700922,-9.500152,0.000068,DRIVE_LANE,0,NONE,-4.9955,-4.9955,-X
1.6480,8.692929,-9.500153,0.000068,DRIVE_LANE,0,NONE,-4.9955,-4.9955,-X
1.6640,8.684936,-9.500153,0.000068,DRIVE_LANE,0,NONE,-4.9938,-4.9971,-X
1.6800,8.676943,-9.500154,0.000063,DRIVE_LANE,0,NONE,-4.9955,-4.9955,-X
1.6960,8.668951,-9.500154,0.000063,DRIVE_LANE,0,NONE,-4.9955,-4.9955,-X
1.7120,8.660958,-9.500155,0.000063,DRIVE_LANE,0,NONE,-4.9955,-4.9955,-X
1.7280,8.652965,-9.500155,0.000063,DRIVE_LANE,0,NONE,-4.9938,-4.9971,-X
1.7440,8.644972,-9.500155,0.000058,DRIVE_LANE,0,NONE,-4.9955,-4.9955,-X
1.7600,8.636980,-9.500156,0.000058,DRIVE_LANE,0,NONE,-4.9955,-4.9955,-X
1.7760,8.628987,-9.500156,0.000058,DRIVE_LANE,0,NONE,-4.9955,-4.9955,-X
1.7920,8.620994,-9.500157,0.000058,DRIVE_LANE,0,NONE,-4.9955,-4.9955,-X
1.8080,8.613001,-9.500157,0.000058,DRIVE_LANE,0,NONE,-4.9938,-4.9971,-X
1.8240,8.605009,-9.500157,0.000054,DRIVE_LANE,0,NONE,-4.9955,-4.9955,-X
1.8400,8.597016,-9.500158,0.000054,DRIVE_LANE,0,NONE,-4.9955,-4.9955,-X
1.8560,8.589023,-9.500158,0.000054,DRIVE_LANE,0,NONE,-4.9955,-4.9955,-X
1.8720,8.581030,-9.500159,0.000054,DRIVE_LANE,0,NONE,-4.9955,-4.9955,-X
1.8880,8.573038,-9.500159,0.000054,DRIVE_LANE,0,NONE,-4.9955,-4.9955,-X
1.9040,8.565045,-9.500160,0.000054,DRIVE_LANE,0,NONE,-4.9938,-4.9971,-X
1.9200,8.557052,-9.500160,0.000049,DRIVE_LANE,0,NONE,-4.9955,-4.9955,-X
1.9360,8.549059,-9.500160,0.000049,DRIVE_LANE,0,NONE,-4.9955,-4.9955,-X
1.9520,8.541067,-9.500160,0.000049,DRIVE_LANE,0,NONE,-4.9955,-4.9955,-X
1.9680,8.533074,-9.500161,0.000049,DRIVE_LANE,0,NONE,-4.9955,-4.9955,-X
1.9840,8.525081,-9.500161,0.000049,DRIVE_LANE,0,NONE,-4.9955,-4.9955,-X
2.0000,8.517088,-9.500162,0.000049,DRIVE_LANE,0,NONE,-4.9938,-4.9971,-X
2.0160,8.509096,-9.500162,0.000044,DRIVE_LANE,0,NONE,-4.9955,-4.9955,-X
2.0320,8.501103,-9.500162,0.000044,DRIVE_LANE,0,NONE,-4.9955,-4.9955,-X
2.0480,8.493110,-9.500162,0.000044,DRIVE_LANE,0,NONE,-4.9955,-4.9955,-X
2.0640,8.485117,-9.500163,0.000044,DRIVE_LANE,0,NONE,-4.9955,-4.9955,-X
2.0800,8.477125,-9.500163,0.000044,DRIVE_LANE,0,NONE,-4.9955,-4.9955,-X
2.0960,8.469132,-9.500163,0.000044,DRIVE_LANE,0,NONE,-4.9938,-4.9971,-X
2.1120,8.461139,-9.500164,0.000040,DRIVE_LANE,0,NONE,-4.9955,-4.9955,-X
2.1280,8.453146,-9.500164,0.000040,DRIVE_LANE,0,NONE,-4.9955,-4.9955,-X
2.1440,8.445154,-9.500164,0.000040,DRIVE_LANE,0,NONE,-4.9955,-4.9955,-X
2.1600,8.437161,-9.500164,0.000040,DRIVE_LANE,0,NONE,-4.9955,-4.9955,-X
2.1760,8.429168,-9.500165,0.000040,DRIVE_LANE,0,NONE,-4.9955,-4.9955,-X
2.1920,8.421175,-9.500165,0.000040,DRIVE_LANE,0,NONE,-4.9955,-4.9955,-X
2.2080,8.413183,-9.500165,0.000040,DRIVE_LANE,0,NONE,-4.9955,-4.9955,-X
2.2240,8.405190,-9.500166,0.000040,DRIVE_LANE,0,NONE,-4.9938,-4.9971,-X
2.2400,8.397197,-9.500166,0.000035,DRIVE_LANE,0,NONE,-4.9955,-4.9955,-X
2.2560,8.389204,-9.500166,0.000035,DRIVE_LANE,0,NONE,-4.9955,-4.9955,-X
2.2720,8.381212,-9.500166,0.000035,DRIVE_LANE,0,NONE,-4.9955,-4.9955,-X
2.2880,8.373219,-9.500167,0.000035,DRIVE_LANE,0,NONE,-4.9955,-4.9955,-X
2.3040,8.365226,-9.500167,0.000035,DRIVE_LANE,0,NONE,-4.9955,-4.9955,-X
2.3200,8.357233,-9.500167,0.000035,DRIVE_LANE,0,NONE,-4.9955,-4.9955,-X
2.3360,8.349241,-9.500167,0.000035,DRIVE_LANE,0,NONE,-4.9955,-4.9955,-X
2.3520,8.341248,-9.500168,0.000035,DRIVE_LANE,0,NONE,-4.9938,-4.9971,-X
2.3680,8.333255,-9.500168,0.000030,DRIVE_LANE,0,NONE,-4.9955,-4.9955,-X
2.3840,8.325262,-9.500168,0.000030,DRIVE_LANE,0,NONE,-4.9955,-4.9955,-X
2.4000,8.317270,-9.500168,0.000030,DRIVE_LANE,0,NONE,-4.9955,-4.9955,-X
2.4160,8.309277,-9.500168,0.000030,DRIVE_LANE,0,NONE,-4.9955,-4.9955,-X
2.4320,8.301284,-9.500169,0.000030,DRIVE_LANE,0,NONE,-4.9955,-4.9955,-X
2.4480,8.293291,-9.500169,0.000030,DRIVE_LANE,0,NONE,-4.9955,-4.9955,-X
2.4640,8.285298,-9.500169,0.000030,DRIVE_LANE,0,NONE,-4.9955,-4.9955,-X
2.4800,8.277306,-9.500169,0.000030,DRIVE_LANE,0,NONE,-4.9955,-4.9955,-X
2.4960,8.269313,-9.500169,0.000030,DRIVE_LANE,0,NONE,-4.9955,-4.9955,-X
2.5120,8.261320,-9.500170,0.000030,DRIVE_LANE,0,NONE,-4.9938,-4.9971,-X
2.5280,8.253328,-9.500170,0.000026,DRIVE_LANE,0,NONE,-4.9955,-4.9955,-X
2.5440,8.245335,-9.500170,0.000026,DRIVE_LANE,0,NONE,-4.9955,-4.9955,-X
2.5600,8.237342,-9.500170,0.000026,DRIVE_LANE,0,NONE,-4.9955,-4.9955,-X
2.5760,8.229349,-9.500170,0.000026,DRIVE_LANE,0,NONE,-4.9955,-4.9955,-X
2.5920,8.221356,-9.500170,0.000026,DRIVE_LANE,0,NONE,-4.9955,-4.9955,-X
2.6080,8.213364,-9.500171,0.000026,DRIVE_LANE,0,NONE,-4.9955,-4.9955,-X
2.6240,8.205371,-9.500171,0.000026,DRIVE_LANE,0,NONE,-4.9955,-4.9955,-X
2.6400,8.197378,-9.500171,0.000026,DRIVE_LANE,0,NONE,-4.9955,-4.9955,-X
2.6560,8.189385,-9.500171,0.000026,DRIVE_LANE,0,NONE,-4.9955,-4.9955,-X
2.6720,8.181393,-9.500171,0.000026,DRIVE_LANE,0,NONE,-4.9955,-4.9955,-X
2.6880,8.173400,-9.500172,0.000026,DRIVE_LANE,0,NONE,-4.9938,-4.9971,-X
2.7040,8.165407,-9.500172,0.000021,DRIVE_LANE,0,NONE,-4.9955,-4.9955,-X
2.7200,8.157414,-9.500172,0.000021,DRIVE_LANE,0,NONE,-4.9955,-4.9955,-X
2.7360,8.149422,-9.500172,0.000021,DRIVE_LANE,0,NONE,-4.9955,-4.9955,-X
2.7520,8.141429,-9.500172,0.000021,DRIVE_LANE,0,NONE,-4.9955,-4.9955,-X
2.7680,8.133436,-9.500172,0.000021,DRIVE_LANE,0,NONE,-4.9955,-4.9955,-X
2.7840,8.125443,-9.500172,0.000021,DRIVE_LANE,0,NONE,-4.9955,-4.9955,-X
2.8000,8.117451,-9.500173,0.000021,DRIVE_LANE,0,NONE,-4.9955,-4.9955,-X
2.8160,8.109458,-9.500173,0.000021,DRIVE_LANE,0,NONE,-4.9955,-4.9955,-X
2.8320,8.101465,-9.500173,0.000021,DRIVE_LANE,0,NONE,-4.9955,-4.9955,-X
2.8480,8.093472,-9.500173,0.000021,DRIVE_LANE,0,NONE,-4.9955,-4.9955,-X
2.8640,8.085480,-9.500173,0.000021,DRIVE_LANE,0,NONE,-4.9955,-4.9955,-X
2.8800,8.077487,-9.500173,0.000021,DRIVE_LANE,0,NONE,-4.9955,-4.9955,-X
2.8960,8.069494,-9.500174,0.000021,DRIVE_LANE,0,NONE,-4.9955,-4.9955,-X
2.9120,8.061501,-9.500174,0.000021,DRIVE_LANE,0,NONE,-4.9938,-4.9971,-X
2.9280,8.053509,-9.500174,0.000016,DRIVE_LANE,0,NONE,-4.9955,-4.9955,-X
2.9440,8.045516,-9.500174,0.000016,DRIVE_LANE,0,NONE,-4.9955,-4.9955,-X
2.9600,8.037523,-9.500174,0.000016,DRIVE_LANE,0,NONE,-4.9955,-4.9955,-X
2.9760,8.029530,-9.500174,0.000016,DRIVE_LANE,0,NONE,-4.9955,-4.9955,-X
2.9920,8.021537,-9.500174,0.000016,DRIVE_LANE,0,NONE,-4.9955,-4.9955,-X
3.0080,8.013545,-9.500174,0.000016,DRIVE_LANE,0,NONE,-4.9955,-4.9955,-X
3.0240,8.005552,-9.500174,0.000016,DRIVE_LANE,0,NONE,-4.9955,-4.9955,-X
3.0400,7.997559,-9.500175,0.000016,DRIVE_LANE,0,NONE,-4.9955,-4.9955,-X
3.0560,7.989566,-9.500175,0.000016,DRIVE_LANE,0,NONE,-4.9955,-4.9955,-X
3.0720,7.981574,-9.500175,0.000016,DRIVE_LANE,0,NONE,-4.9955,-4.9955,-X
3.0880,7.973581,-9.500175,0.000016,DRIVE_LANE,0,NONE,-4.9955,-4.9955,-X
3.1040,7.965588,-9.500175,0.000016,DRIVE_LANE,0,NONE,-4.9955,-4.9955,-X
3.1200,7.957595,-9.500175,0.000016,DRIVE_LANE,0,NONE,-4.9955,-4.9955,-X
3.1360,7.949603,-9.500175,0.000016,DRIVE_LANE,0,NONE,-4.9955,-4.9955,-X
3.1520,7.941610,-9.500175,0.000016,DRIVE_LANE,0,NONE,-4.9955,-4.9955,-X
3.1680,7.933617,-9.500176,0.000016,DRIVE_LANE,0,NONE,-4.9955,-4.9955,-X
3.1840,7.925624,-9.500176,0.000016,DRIVE_LANE,0,NONE,-4.9938,-4.9971,-X
3.2000,7.917632,-9.500176,0.000012,DRIVE_LANE,0,NONE,-4.9955,-4.9955,-X
3.2160,7.909639,-9.500176,0.000012,DRIVE_LANE,0,NONE,-4.9955,-4.9955,-X
3.2320,7.901646,-9.500176,0.000012,DRIVE_LANE,0,NONE,-4.9955,-4.9955,-X
3.2480,7.893653,-9.500176,0.000012,DRIVE_LANE,0,NONE,-4.9955,-4.9955,-X
3.2640,7.885661,-9.500176,0.000012,DRIVE_LANE,0,NONE,-4.9955,-4.9955,-X
3.2800,7.877668,-9.500176,0.000012,DRIVE_LANE,0,NONE,-4.9955,-4.9955,-X
3.2960,7.869675,-9.500176,0.000012,DRIVE_LANE,0,NONE,-4.9955,-4.9955,-X
3.3120,7.861682,-9.500176,0.000012,DRIVE_LANE,0,NONE,-4.9955,-4.9955,-X
3.3280,7.853689,-9.500176,0.000012,DRIVE_LANE,0,NONE,-4.9955,-4.9955,-X
3.3440,7.845697,-9.500176,0.000012,DRIVE_LANE,0,NONE,-4.9955,-4.9955,-X
3.3600,7.837704,-9.500176,0.000012,DRIVE_LANE,0,NONE,-4.9955,-4.9955,-X
3.3760,7.829711,-9.500177,0.000012,DRIVE_LANE,0,NONE,-4.9955,-4.9955,-X
3.3920,7.821718,-9.500177,0.000012,DRIVE_LANE,0,NONE,-4.9955,-4.9955,-X
3.4080,7.813726,-9.500177,0.000012,DRIVE_LANE,0,NONE,-4.9955,-4.9955,-X
3.4240,7.805733,-9.500177,0.000012,DRIVE_LANE,0,NONE,-4.9955,-4.9955,-X
3.4400,7.797740,-9.500177,0.000012,DRIVE_LANE,0,NONE,-4.9955,-4.9955,-X
3.4560,7.789747,-9.500177,0.000012,DRIVE_LANE,0,NONE,-4.9955,-4.9955,-X
3.4720,7.781755,-9.500177,0.000012,DRIVE_LANE,0,NONE,-4.9955,-4.9955,-X
3.4880,7.773762,-9.500177,0.000012,DRIVE_LANE,0,NONE,-4.9955,-4.9955,-X
3.5040,7.765769,-9.500177,0.000012,DRIVE_LANE,0,NONE,-4.9955,-4.9955,-X
3.5200,7.757776,-9.500177,0.000012,DRIVE_LANE,0,NONE,-4.9955,-4.9955,-X
3.5360,7.749784,-9.500177,0.000012,DRIVE_LANE,0,NONE,-4.9955,-4.9955,-X
3.5520,7.741791,-9.500178,0.000012,DRIVE_LANE,0,NONE,-4.9955,-4.9955,-X
3.5680,7.733798,-9.500178,0.000012,DRIVE_LANE,0,NONE,-4.9955,-4.9955,-X
3.5840,7.725805,-9.500178,0.000012,DRIVE_LANE,0,NONE,-4.9955,-4.9955,-X
3.6000,7.717813,-9.500178,0.000012,DRIVE_LANE,0,NONE,-4.9938,-4.9971,-X
3.6160,7.709820,-9.500178,0.000007,DRIVE_LANE,0,NONE,-4.9955,-4.9955,-X
3.6320,7.701827,-9.500178,0.000007,DRIVE_LANE,0,NONE,-4.9955,-4.9955,-X
3.6480,7.693834,-9.500178,0.000007,DRIVE_LANE,0,NONE,-4.9955,-4.9955,-X
3.6640,7.685842,-9.500178,0.000007,DRIVE_LANE,0,NONE,-4.9955,-4.9955,-X
3.6800,7.677849,-9.500178,0.000007,DRIVE_LANE,0,NONE,-4.9955,-4.9955,-X
3.6960,7.669856,-9.500178,0.000007,DRIVE_LANE,0,NONE,-4.9955,-4.9955,-X
3.7120,7.661863,-9.500178,0.000007,DRIVE_LANE,0,NONE,-4.9955,-4.9955,-X
3.7280,7.653870,-9.500178,0.000007,DRIVE_LANE,0,NONE,-4.9955,-4.9955,-X
3.7440,7.645878,-9.500178,0.000007,DRIVE_LANE,0,NONE,-4.9955,-4.9955,-X
3.7600,7.637885,-9.500178,0.000007,DRIVE_LANE,0,NONE,-4.9955,-4.9955,-X
3.7760,7.629892,-9.500178,0.000007,DRIVE_LANE,0,NONE,-4.9955,-4.9955,-X
3.7920,7.621899,-9.500178,0.000007,DRIVE_LANE,0,NONE,-4.9955,-4.9955,-X
3.8080,7.613906,-9.500178,0.000007,DRIVE_LANE,0,NONE,-4.9955,-4.9955,-X
3.8240,7.605914,-9.500178,0.000007,DRIVE_LANE,0,NONE,-4.9955,-4.9955,-X
3.8400,7.597921,-9.500178,0.000007,DRIVE_LANE,0,NONE,-4.9955,-4.9955,-X
3.8560,7.589928,-9.500178,0.000007,DRIVE_LANE,0,NONE,-4.9955,-4.9955,-X
3.8720,7.581935,-9.500178,0.000007,DRIVE_LANE,0,NONE,-4.9955,-4.9955,-X
3.8880,7.573943,-9.500179,0.000007,DRIVE_LANE,0,NONE,-4.9955,-4.9955,-X
3.9040,7.565950,-9.500179,0.000007,DRIVE_LANE,0,NONE,-4.9955,-4.9955,-X
3.9200,7.557957,-9.500179,0.000007,DRIVE_LANE,0,NONE,-4.9955,-4.9955,-X
3.9360,7.549964,-9.500179,0.000007,DRIVE_LANE,0,NONE,-4.9955,-4.9955,-X
3.9520,7.541971,-9.500179,0.000007,DRIVE_LANE,0,NONE,-4.9955,-4.9955,-X
3.9680,7.533979,-9.500179,0.000007,DRIVE_LANE,0,NONE,-4.9955,-4.9955,-X
3.9840,7.525986,-9.500179,0.000007,DRIVE_LANE,0,NONE,-4.9955,-4.9955,-X
4.0000,7.517993,-9.500179,0.000007,DRIVE_LANE,0,NONE,-4.9955,-4.9955,-X
4.0160,7.510000,-9.500179,0.000007,DRIVE_LANE,0,NONE,-4.9955,-4.9955,-X
4.0320,7.502008,-9.500179,0.000007,DRIVE_LANE,0,NONE,-4.9955,-4.9955,-X
4.0480,7.494015,-9.500179,0.000007,DRIVE_LANE,0,NONE,-4.9955,-4.9955,-X
4.0640,7.486022,-9.500179,0.000007,DRIVE_LANE,0,NONE,-4.9955,-4.9955,-X
4.0800,7.478029,-9.500179,0.000007,DRIVE_LANE,0,NONE,-4.9955,-4.9955,-X
4.0960,7.470037,-9.500179,0.000007,DRIVE_LANE,0,NONE,-4.9955,-4.9955,-X
4.1120,7.462044,-9.500179,0.000007,DRIVE_LANE,0,NONE,-4.9955,-4.9955,-X
4.1280,7.454051,-9.500179,0.000007,DRIVE_LANE,0,NONE,-4.9955,-4.9955,-X
4.1440,7.446058,-9.500179,0.000007,DRIVE_LANE,0,NONE,-4.9955,-4.9955,-X
4.1600,7.438066,-9.500179,0.000007,DRIVE_LANE,0,NONE,-4.9955,-4.9955,-X
4.1760,7.430073,-9.500180,0.000007,DRIVE_LANE,0,NONE,-4.9955,-4.9955,-X
4.1920,7.422080,-9.500180,0.000007,DRIVE_LANE,0,NONE,-4.9955,-4.9955,-X
4.2080,7.414088,-9.500180,0.000007,DRIVE_LANE,0,NONE,-4.9955,-4.9955,-X
4.2240,7.406095,-9.500180,0.000007,DRIVE_LANE,0,NONE,-4.9955,-4.9955,-X
4.2400,7.398102,-9.500180,0.000007,DRIVE_LANE,0,NONE,-4.9955,-4.9955,-X
4.2560,7.390109,-9.500180,0.000007,DRIVE_LANE,0,NONE,-4.9938,-4.9971,-X
4.2720,7.382117,-9.500180,0.000002,DRIVE_LANE,0,NONE,-4.9955,-4.9955,-X
4.2880,7.374124,-9.500180,0.000002,DRIVE_LANE,0,NONE,-4.9955,-4.9955,-X
4.3040,7.366131,-9.500180,0.000002,DRIVE_LANE,0,NONE,-4.9955,-4.9955,-X
4.3200,7.358138,-9.500180,0.000002,DRIVE_LANE,0,NONE,-4.9955,-4.9955,-X
4.3360,7.350145,-9.500180,0.000002,DRIVE_LANE,0,NONE,-4.9955,-4.9955,-X
4.3520,7.342153,-9.500180,0.000002,DRIVE_LANE,0,NONE,-4.9955,-4.9955,-X
4.3680,7.334160,-9.500180,0.000002,DRIVE_LANE,0,NONE,-4.9955,-4.9955,-X
4.3840,7.326167,-9.500180,0.000002,DRIVE_LANE,0,NONE,-4.9955,-4.9955,-X
4.4000,7.318174,-9.500180,0.000002,DRIVE_LANE,0,NONE,-4.9955,-4.9955,-X
4.4160,7.310181,-9.500180,0.000002,DRIVE_LANE,0,NONE,-4.9955,-4.9955,-X
4.4320,7.302189,-9.500180,0.000002,DRIVE_LANE,0,NONE,-4.9955,-4.9955,-X
4.4480,7.294196,-9.500180,0.000002,DRIVE_LANE,0,NONE,-4.9955,-4.9955,-X
4.4640,7.286203,-9.500180,0.000002,DRIVE_LANE,0,NONE,-4.9955,-4.9955,-X
4.4800,7.278210,-9.500180,0.000002,DRIVE_LANE,0,NONE,-4.9955,-4.9955,-X
4.4960,7.270217,-9.500180,0.000002,DRIVE_LANE,0,NONE,-4.9955,-4.9955,-X
4.5120,7.262225,-9.500180,0.000002,DRIVE_LANE,0,NONE,-4.9955,-4.9955,-X
4.5280,7.254232,-9.500180,0.000002,DRIVE_LANE,0,NONE,-4.9955,-4.9955,-X
4.5440,7.246239,-9.500180,0.000002,DRIVE_LANE,0,NONE,-4.9955,-4.9955,-X
4.5600,7.238246,-9.500180,0.000002,DRIVE_LANE,0,NONE,-4.9955,-4.9955,-X
4.5760,7.230253,-9.500180,0.000002,DRIVE_LANE,0,NONE,-4.9955,-4.9955,-X
4.5920,7.222261,-9.500180,0.000002,DRIVE_LANE,0,NONE,-4.9955,-4.9955,-X
4.6080,7.214268,-9.500180,0.000002,DRIVE_LANE,0,NONE,-4.9955,-4.9955,-X
4.6240,7.206275,-9.500180,0.000002,DRIVE_LANE,0,NONE,-4.9955,-4.9955,-X
4.6400,7.198282,-9.500180,0.000002,DRIVE_LANE,0,NONE,-4.9955,-4.9955,-X
4.6560,7.190290,-9.500180,0.000002,DRIVE_LANE,0,NONE,-4.9955,-4.9955,-X
4.6720,7.182297,-9.500180,0.000002,DRIVE_LANE,0,NONE,-4.9955,-4.9955,-X
4.6880,7.174304,-9.500180,0.000002,DRIVE_LANE,0,NONE,-4.9955,-4.9955,-X
4.7040,7.166311,-9.500180,0.000002,DRIVE_LANE,0,NONE,-4.9955,-4.9955,-X
4.7200,7.158318,-9.500180,0.000002,DRIVE_LANE,0,NONE,-4.9955,-4.9955,-X
4.7360,7.150326,-9.500180,0.000002,DRIVE_LANE,0,NONE,-4.9955,-4.9955,-X
4.7520,7.142333,-9.500180,0.000002,DRIVE_LANE,0,NONE,-4.9955,-4.9955,-X
4.7680,7.134340,-9.500180,0.000002,DRIVE_LANE,0,NONE,-4.9955,-4.9955,-X
4.7840,7.126347,-9.500180,0.000002,DRIVE_LANE,0,NONE,-4.9955,-4.9955,-X
4.8000,7.118354,-9.500180,0.000002,DRIVE_LANE,0,NONE,-4.9955,-4.9955,-X
4.8160,7.110362,-9.500180,0.000002,DRIVE_LANE,0,NONE,-4.9955,-4.9955,-X
4.8320,7.102369,-9.500180,0.000002,DRIVE_LANE,0,NONE,-4.9955,-4.9955,-X
4.8480,7.094376,-9.500180,0.000002,DRIVE_LANE,0,NONE,-4.9955,-4.9955,-X
4.8640,7.086383,-9.500180,0.000002,DRIVE_LANE,0,NONE,-4.9955,-4.9955,-X
4.8800,7.078391,-9.500180,0.000002,DRIVE_LANE,0,NONE,-4.9955,-4.9955,-X
4.8960,7.070398,-9.500180,0.000002,DRIVE_LANE,0,NONE,-4.9955,-4.9955,-X
4.9120,7.062405,-9.500180,0.000002,DRIVE_LANE,0,NONE,-4.9955,-4.9955,-X
4.9280,7.054412,-9.500180,0.000002,DRIVE_LANE,0,NONE,-4.9955,-4.9955,-X
4.9440,7.046419,-9.500180,0.000002,DRIVE_LANE,0,NONE,-4.9955,-4.9955,-X
4.9600,7.038427,-9.500180,0.000002,DRIVE_LANE,0,NONE,-4.9955,-4.9955,-X
4.9760,7.030434,-9.500180,0.000002,DRIVE_LANE,0,NONE,-4.9955,-4.9955,-X
4.9920,7.022441,-9.500180,0.000002,DRIVE_LANE,0,NONE,-4.9955,-4.9955,-X
5.0080,7.014448,-9.500180,0.000002,DRIVE_LANE,0,NONE,-4.9955,-4.9955,-X
5.0240,7.006456,-9.500180,0.000002,DRIVE_LANE,0,NONE,-4.9955,-4.9955,-X
5.0400,6.998463,-9.500180,0.000002,DRIVE_LANE,0,NONE,-4.9955,-4.9955,-X
5.0560,6.990470,-9.500180,0.000002,DRIVE_LANE,0,NONE,-4.9955,-4.9955,-X
5.0720,6.982477,-9.500180,0.000002,DRIVE_LANE,0,NONE,-4.9955,-4.9955,-X
5.0880,6.974484,-9.500180,0.000002,DRIVE_LANE,0,NONE,-4.9955,-4.9955,-X
5.1040,6.966492,-9.500180,0.000002,DRIVE_LANE,0,NONE,-4.9955,-4.9955,-X
5.1200,6.958499,-9.500180,0.000002,DRIVE_LANE,0,NONE,-4.9955,-4.9955,-X
5.1360,6.950506,-9.500180,0.000002,DRIVE_LANE,0,NONE,-4.9955,-4.9955,-X
5.1520,6.942513,-9.500180,0.000002,DRIVE_LANE,0,NONE,-4.9955,-4.9955,-X
5.1680,6.934521,-9.500181,0.000002,DRIVE_LANE,0,NONE,-4.9955,-4.9955,-X
5.1840,6.926528,-9.500181,0.000002,DRIVE_LANE,0,NONE,-4.9955,-4.9955,-X
5.2000,6.918535,-9.500181,0.000002,DRIVE_LANE,0,NONE,-4.9955,-4.9955,-X
5.2160,6.910542,-9.500181,0.000002,DRIVE_LANE,0,NONE,-4.9955,-4.9955,-X
5.2320,6.902549,-9.500181,0.000002,DRIVE_LANE,0,NONE,-4.9955,-4.9955,-X
5.2480,6.894557,-9.500181,0.000002,DRIVE_LANE,0,NONE,-4.9955,-4.9955,-X
5.2640,6.886564,-9.500181,0.000002,DRIVE_LANE,0,NONE,-4.9955,-4.9955,-X
5.2800,6.878571,-9.500181,0.000002,DRIVE_LANE,0,NONE,-4.9955,-4.9955,-X
5.2960,6.870578,-9.500181,0.000002,DRIVE_LANE,0,NONE,-4.9955,-4.9955,-X
5.3120,6.862586,-9.500181,0.000002,DRIVE_LANE,0,NONE,-4.9955,-4.9955,-X
5.3280,6.854593,-9.500181,0.000002,DRIVE_LANE,0,NONE,-4.9955,-4.9955,-X
5.3440,6.846600,-9.500181,0.000002,DRIVE_LANE,0,NONE,-4.9955,-4.9955,-X
5.3600,6.838607,-9.500181,0.000002,DRIVE_LANE,0,NONE,-4.9955,-4.9955,-X
5.3760,6.830615,-9.500181,0.000002,DRIVE_LANE,0,NONE,-4.9955,-4.9955,-X
5.3920,6.822622,-9.500181,0.000002,DRIVE_LANE,0,NONE,-4.9955,-4.9955,-X
5.4080,6.814629,-9.500181,0.000002,DRIVE_LANE,0,NONE,-4.9955,-4.9955,-X
5.4240,6.806636,-9.500181,0.000002,DRIVE_LANE,0,NONE,-4.9955,-4.9955,-X
5.4400,6.798644,-9.500181,0.000002,DRIVE_LANE,0,NONE,-4.9955,-4.9955,-X
5.4560,6.790651,-9.500181,0.000002,DRIVE_LANE,0,NONE,-4.9955,-4.9955,-X
5.4720,6.782658,-9.500181,0.000002,DRIVE_LANE,0,NONE,-4.9955,-4.9955,-X
5.4880,6.774665,-9.500181,0.000002,DRIVE_LANE,0,NONE,-4.9955,-4.9955,-X
5.5040,6.766672,-9.500181,0.000002,DRIVE_LANE,0,NONE,-4.9955,-4.9955,-X
5.5200,6.758680,-9.500181,0.000002,DRIVE_LANE,0,NONE,-4.9955,-4.9955,-X
5.5360,6.750687,-9.500181,0.000002,DRIVE_LANE,0,NONE,-4.9955,-4.9955,-X
5.5520,6.742694,-9.500181,0.000002,DRIVE_LANE,0,NONE,-4.9955,-4.9955,-X
5.5680,6.734701,-9.500181,0.000002,DRIVE_LANE,0,NONE,-4.9955,-4.9955,-X
5.5840,6.726709,-9.500181,0.000002,DRIVE_LANE,0,NONE,-4.9955,-4.9955,-X
5.6000,6.718716,-9.500181,0.000002,DRIVE_LANE,0,NONE,-4.9955,-4.9955,-X
5.6160,6.710723,-9.500181,0.000002,DRIVE_LANE,0,NONE,-4.9955,-4.9955,-X
5.6320,6.702730,-9.500181,0.000002,DRIVE_LANE,0,NONE,-4.9955,-4.9955,-X
5.6480,6.694738,-9.500181,0.000002,DRIVE_LANE,0,NONE,-4.9955,-4.9955,-X
5.6640,6.686745,-9.500181,0.000002,DRIVE_LANE,0,NONE,-4.9955,-4.9955,-X
5.6800,6.678752,-9.500181,0.000002,DRIVE_LANE,0,NONE,-4.9955,-4.9955,-X
5.6960,6.670759,-9.500181,0.000002,DRIVE_LANE,0,NONE,-4.9955,-4.9955,-X
5.7120,6.662767,-9.500181,0.000002,DRIVE_LANE,0,NONE,-4.9955,-4.9955,-X
5.7280,6.654774,-9.500181,0.000002,DRIVE_LANE,0,NONE,-4.9955,-4.9955,-X
5.7440,6.646781,-9.500181,0.000002,DRIVE_LANE,0,NONE,-4.9955,-4.9955,-X
5.7600,6.638788,-9.500181,0.000002,DRIVE_LANE,0,NONE,-4.9955,-4.9955,-X
5.7760,6.630796,-9.500181,0.000002,DRIVE_LANE,0,NONE,-4.9955,-4.9955,-X
5.7920,6.622803,-9.500181,0.000002,DRIVE_LANE,0,NONE,-4.9955,-4.9955,-X
5.8080,6.614810,-9.500181,0.000002,DRIVE_LANE,0,NONE,-4.9955,-4.9955,-X
5.8240,6.606817,-9.500181,0.000002,DRIVE_LANE,0,NONE,-4.9955,-4.9955,-X
5.8400,6.598825,-9.500181,0.000002,DRIVE_LANE,0,NONE,-4.9955,-4.9955,-X
5.8560,6.590832,-9.500181,0.000002,DRIVE_LANE,0,NONE,-4.9955,-4.9955,-X
5.8720,6.582839,-9.500181,0.000002,DRIVE_LANE,0,NONE,-4.9955,-4.9955,-X
5.8880,6.574846,-9.500181,0.000002,DRIVE_LANE,0,NONE,-4.9955,-4.9955,-X
5.9040,6.566854,-9.500181,0.000002,DRIVE_LANE,0,NONE,-4.9955,-4.9955,-X
5.9200,6.558861,-9.500181,0.000002,DRIVE_LANE,0,NONE,-4.9955,-4.9955,-X
5.9360,6.550868,-9.500181,0.000002,DRIVE_LANE,0,NONE,-4.9955,-4.9955,-X
5.9520,6.542876,-9.500181,0.000002,DRIVE_LANE,0,NONE,-4.9955,-4.9955,-X
5.9680,6.534883,-9.500181,0.000002,DRIVE_LANE,0,NONE,-4.9955,-4.9955,-X
5.9840,6.526890,-9.500181,0.000002,DRIVE_LANE,0,NONE,-4.9955,-4.9955,-X
6.0000,6.518897,-9.500181,0.000002,DRIVE_LANE,0,NONE,-4.9955,-4.9955,-X
6.0160,6.510905,-9.500181,0.000002,DRIVE_LANE,0,NONE,-4.9955,-4.9955,-X
6.0320,6.502912,-9.500181,0.000002,DRIVE_LANE,0,NONE,-4.9955,-4.9955,-X
6.0480,6.494919,-9.500182,0.000002,DRIVE_LANE,0,NONE,-4.9955,-4.9955,-X
6.0640,6.486926,-9.500182,0.000002,DRIVE_LANE,0,NONE,-4.9955,-4.9955,-X
6.0800,6.478934,-9.500182,0.000002,DRIVE_LANE,0,NONE,-4.9955,-4.9955,-X
6.0960,6.470941,-9.500182,0.000002,DRIVE_LANE,0,NONE,-4.9955,-4.9955,-X
6.1120,6.462948,-9.500182,0.000002,DRIVE_LANE,0,NONE,-4.9955,-4.9955,-X
6.1280,6.454955,-9.500182,0.000002,DRIVE_LANE,0,NONE,-4.9955,-4.9955,-X
6.1440,6.446963,-9.500182,0.000002,DRIVE_LANE,0,NONE,-4.9955,-4.9955,-X
6.1600,6.438970,-9.500182,0.000002,DRIVE_LANE,0,NONE,-4.9955,-4.9955,-X
6.1760,6.430977,-9.500182,0.000002,DRIVE_LANE,0,NONE,-4.9955,-4.9955,-X
6.1920,6.422984,-9.500182,0.000002,DRIVE_LANE,0,NONE,-4.9955,-4.9955,-X
6.2080,6.414992,-9.500182,0.000002,DRIVE_LANE,0,NONE,-4.9955,-4.9955,-X
6.2240,6.406999,-9.500182,0.000002,DRIVE_LANE,0,NONE,-4.9955,-4.9955,-X
6.2400,6.399006,-9.500182,0.000002,DRIVE_LANE,0,NONE,-4.9955,-4.9955,-X
6.2560,6.391014,-9.500182,0.000002,DRIVE_LANE,0,NONE,-4.9955,-4.9955,-X
6.2720,6.383021,-9.500182,0.000002,DRIVE_LANE,0,NONE,-4.9955,-4.9955,-X
6.2880,6.375028,-9.500182,0.000002,DRIVE_LANE,0,NONE,-4.9955,-4.9955,-X
6.3040,6.367035,-9.500182,0.000002,DRIVE_LANE,0,NONE,-4.9955,-4.9955,-X
6.3200,6.359043,-9.500182,0.000002,DRIVE_LANE,0,NONE,-4.9955,-4.9955,-X
6.3360,6.351050,-9.500182,0.000002,DRIVE_LANE,0,NONE,-4.9955,-4.9955,-X
6.3520,6.343057,-9.500182,0.000002,DRIVE_LANE,0,NONE,-4.9938,-4.9971,-X
6.3680,6.335064,-9.500182,-0.000002,DRIVE_LANE,0,NONE,-4.9955,-4.9955,-X
6.3840,6.327072,-9.500182,-0.000002,DRIVE_LANE,0,NONE,-4.9955,-4.9955,-X
6.4000,6.319079,-9.500182,-0.000002,DRIVE_LANE,0,NONE,-4.9955,-4.9955,-X
6.4160,6.311086,-9.500182,-0.000002,DRIVE_LANE,0,NONE,-4.9955,-4.9955,-X
6.4320,6.303093,-9.500182,-0.000002,DRIVE_LANE,0,NONE,-4.9955,-4.9955,-X
6.4480,6.295100,-9.500181,-0.000002,DRIVE_LANE,0,NONE,-4.9955,-4.9955,-X
6.4640,6.287108,-9.500181,-0.000002,DRIVE_LANE,0,NONE,-4.9955,-4.9955,-X
6.4800,6.279115,-9.500181,-0.000002,DRIVE_LANE,0,NONE,-4.9955,-4.9955,-X
6.4960,6.271122,-9.500181,-0.000002,DRIVE_LANE,0,NONE,-4.9955,-4.9955,-X
6.5120,6.263129,-9.500181,-0.000002,DRIVE_LANE,0,NONE,-4.9955,-4.9955,-X
6.5280,6.255136,-9.500181,-0.000002,DRIVE_LANE,0,NONE,-4.9955,-4.9955,-X
6.5440,6.247144,-9.500181,-0.000002,DRIVE_LANE,0,NONE,-4.9955,-4.9955,-X
6.5600,6.239151,-9.500181,-0.000002,DRIVE_LANE,0,NONE,-4.9955,-4.9955,-X
6.5760,6.231158,-9.500181,-0.000002,DRIVE_LANE,0,NONE,-4.9955,-4.9955,-X
6.5920,6.223165,-9.500181,-0.000002,DRIVE_LANE,0,NONE,-4.9955,-4.9955,-X
6.6080,6.215172,-9.500181,-0.000002,DRIVE_LANE,0,NONE,-4.9955,-4.9955,-X
6.6240,6.207179,-9.500181,-0.000002,DRIVE_LANE,0,NONE,-4.9955,-4.9955,-X
6.6400,6.199187,-9.500181,-0.000002,DRIVE_LANE,0,NONE,-4.9955,-4.9955,-X
6.6560,6.191194,-9.500181,-0.000002,DRIVE_LANE,0,NONE,-4.9955,-4.9955,-X
6.6720,6.183201,-9.500181,-0.000002,DRIVE_LANE,0,NONE,-4.9955,-4.9955,-X
6.6880,6.175208,-9.500181,-0.000002,DRIVE_LANE,0,NONE,-4.9955,-4.9955,-X
6.7040,6.167215,-9.500181,-0.000002,DRIVE_LANE,0,NONE,-4.9955,-4.9955,-X
6.7200,6.159223,-9.500181,-0.000002,DRIVE_LANE,0,NONE,-4.9955,-4.9955,-X
6.7360,6.151230,-9.500181,-0.000002,DRIVE_LANE,0,NONE,-4.9955,-4.9955,-X
6.7520,6.143237,-9.500181,-0.000002,DRIVE_LANE,0,NONE,-4.9955,-4.9955,-X
6.7680,6.135244,-9.500181,-0.000002,DRIVE_LANE,0,NONE,-4.9955,-4.9955,-X
6.7840,6.127251,-9.500181,-0.000002,DRIVE_LANE,0,NONE,-4.9955,-4.9955,-X
6.8000,6.119259,-9.500181,-0.000002,DRIVE_LANE,0,NONE,-4.9955,-4.9955,-X
6.8160,6.111266,-9.500181,-0.000002,DRIVE_LANE,0,NONE,-4.9955,-4.9955,-X
6.8320,6.103273,-9.500181,-0.000002,DRIVE_LANE,0,NONE,-4.9955,-4.9955,-X
6.8480,6.095280,-9.500181,-0.000002,DRIVE_LANE,0,NONE,-4.9955,-4.9955,-X
6.8640,6.087287,-9.500181,-0.000002,DRIVE_LANE,0,NONE,-4.9955,-4.9955,-X
6.8800,6.079294,-9.500181,-0.000002,DRIVE_LANE,0,NONE,-4.9955,-4.9955,-X
6.8960,6.071302,-9.500181,-0.000002,DRIVE_LANE,0,NONE,-4.9955,-4.9955,-X
6.9120,6.063309,-9.500181,-0.000002,DRIVE_LANE,0,NONE,-4.9955,-4.9955,-X
6.9280,6.055316,-9.500181,-0.000002,DRIVE_LANE,0,NONE,-4.9955,-4.9955,-X
6.9440,6.047323,-9.500181,-0.000002,DRIVE_LANE,0,NONE,-4.9955,-4.9955,-X
6.9600,6.039330,-9.500181,-0.000002,DRIVE_LANE,0,NONE,-4.9955,-4.9955,-X
6.9760,6.031337,-9.500181,-0.000002,DRIVE_LANE,0,NONE,-4.9955,-4.9955,-X
6.9920,6.023345,-9.500181,-0.000002,DRIVE_LANE,0,NONE,-4.9955,-4.9955,-X
7.0080,6.015352,-9.500181,-0.000002,DRIVE_LANE,0,NONE,-4.9955,-4.9955,-X
7.0240,6.007359,-9.500181,-0.000002,DRIVE_LANE,0,NONE,-4.9955,-4.9955,-X
7.0400,5.999366,-9.500181,-0.000002,DRIVE_LANE,0,NONE,-4.9955,-4.9955,-X
7.0560,5.991373,-9.500181,-0.000002,DRIVE_LANE,0,NONE,-4.9955,-4.9955,-X
7.0720,5.983380,-9.500181,-0.000002,DRIVE_LANE,0,NONE,-4.9955,-4.9955,-X
7.0880,5.975388,-9.500181,-0.000002,DRIVE_LANE,0,NONE,-4.9955,-4.9955,-X
7.1040,5.967395,-9.500181,-0.000002,DRIVE_LANE,0,NONE,-4.9955,-4.9955,-X
7.1200,5.959402,-9.500181,-0.000002,DRIVE_LANE,0,NONE,-4.9955,-4.9955,-X
7.1360,5.951409,-9.500181,-0.000002,DRIVE_LANE,0,NONE,-4.9955,-4.9955,-X
7.1520,5.943416,-9.500181,-0.000002,DRIVE_LANE,0,NONE,-4.9955,-4.9955,-X
7.1680,5.935423,-9.500181,-0.000002,DRIVE_LANE,0,NONE,-4.9955,-4.9955,-X
7.1840,5.927431,-9.500181,-0.000002,DRIVE_LANE,0,NONE,-4.9955,-4.9955,-X
7.2000,5.919438,-9.500181,-0.000002,DRIVE_LANE,0,NONE,-4.9955,-4.9955,-X
7.2160,5.911445,-9.500181,-0.000002,DRIVE_LANE,0,NONE,-4.9955,-4.9955,-X
7.2320,5.903452,-9.500181,-0.000002,DRIVE_LANE,0,NONE,-4.9955,-4.9955,-X
7.2480,5.895459,-9.500180,-0.000002,DRIVE_LANE,0,NONE,-4.9955,-4.9955,-X
7.2640,5.887466,-9.500180,-0.000002,DRIVE_LANE,0,NONE,-4.9955,-4.9955,-X
7.2800,5.879474,-9.500180,-0.000002,DRIVE_LANE,0,NONE,-4.9955,-4.9955,-X
7.2960,5.871481,-9.500180,-0.000002,DRIVE_LANE,0,NONE,-4.9955,-4.9955,-X
7.3120,5.863488,-9.500180,-0.000002,DRIVE_LANE,0,NONE,-4.9955,-4.9955,-X
7.3280,5.855495,-9.500180,-0.000002,DRIVE_LANE,0,NONE,-4.9955,-4.9955,-X
7.3440,5.847502,-9.500180,-0.000002,DRIVE_LANE,0,NONE,-4.9955,-4.9955,-X
7.3600,5.839509,-9.500180,-0.000002,DRIVE_LANE,0,NONE,-4.9955,-4.9955,-X
7.3760,5.831517,-9.500180,-0.000002,DRIVE_LANE,0,NONE,-4.9955,-4.9955,-X
7.3920,5.823524,-9.500180,-0.000002,DRIVE_LANE,0,NONE,-4.9955,-4.9955,-X
7.4080,5.815531,-9.500180,-0.000002,DRIVE_LANE,0,NONE,-4.9955,-4.9955,-X
7.4240,5.807538,-9.500180,-0.000002,DRIVE_LANE,0,NONE,-4.9955,-4.9955,-X
7.4400,5.799545,-9.500180,-0.000002,DRIVE_LANE,0,NONE,-4.9955,-4.9955,-X
7.4560,5.791552,-9.500180,-0.000002,DRIVE_LANE,0,NONE,-4.9955,-4.9955,-X
7.4720,5.783559,-9.500180,-0.000002,DRIVE_LANE,0,NONE,-4.9955,-4.9955,-X
7.4880,5.775567,-9.500180,-0.000002,DRIVE_LANE,0,NONE,-4.9955,-4.9955,-X
7.5040,5.767574,-9.500180,-0.000002,DRIVE_LANE,0,NONE,-4.9955,-4.9955,-X
7.5200,5.759581,-9.500180,-0.000002,DRIVE_LANE,0,NONE,-4.9955,-4.9955,-X
7.5360,5.751588,-9.500180,-0.000002,DRIVE_LANE,0,NONE,-4.9955,-4.9955,-X
7.5520,5.743595,-9.500180,-0.000002,DRIVE_LANE,0,NONE,-4.9955,-4.9955,-X
7.5680,5.735602,-9.500180,-0.000002,DRIVE_LANE,0,NONE,-4.9955,-4.9955,-X
7.5840,5.727610,-9.500180,-0.000002,DRIVE_LANE,0,NONE,-4.9955,-4.9955,-X
7.6000,5.719617,-9.500180,-0.000002,DRIVE_LANE,0,NONE,-4.9955,-4.9955,-X
7.6160,5.711624,-9.500180,-0.000002,DRIVE_LANE,0,NONE,-4.9955,-4.9955,-X
7.6320,5.703631,-9.500180,-0.000002,DRIVE_LANE,0,NONE,-4.9955,-4.9955,-X
7.6480,5.695638,-9.500180,-0.000002,DRIVE_LANE,0,NONE,-4.9955,-4.9955,-X
7.6640,5.687645,-9.500180,-0.000002,DRIVE_LANE,0,NONE,-4.9955,-4.9955,-X
7.6800,5.679652,-9.500180,-0.000002,DRIVE_LANE,0,NONE,-4.9955,-4.9955,-X
7.6960,5.671660,-9.500180,-0.000002,DRIVE_LANE,0,NONE,-4.9955,-4.9955,-X
7.7120,5.663667,-9.500180,-0.000002,DRIVE_LANE,0,NONE,-4.9955,-4.9955,-X
7.7280,5.655674,-9.500180,-0.000002,DRIVE_LANE,0,NONE,-4.9955,-4.9955,-X
7.7440,5.647681,-9.500180,-0.000002,DRIVE_LANE,0,NONE,-4.9955,-4.9955,-X
7.7600,5.639688,-9.500180,-0.000002,DRIVE_LANE,0,NONE,-4.9955,-4.9955,-X
7.7760,5.631695,-9.500180,-0.000002,DRIVE_LANE,0,NONE,-4.9955,-4.9955,-X
7.7920,5.623702,-9.500180,-0.000002,DRIVE_LANE,0,NONE,-4.9955,-4.9955,-X
7.8080,5.615710,-9.500180,-0.000002,DRIVE_LANE,0,NONE,-4.9955,-4.9955,-X
7.8240,5.607717,-9.500180,-0.000002,DRIVE_LANE,0,NONE,-4.9955,-4.9955,-X
7.8400,5.599724,-9.500180,-0.000002,DRIVE_LANE,0,NONE,-4.9955,-4.9955,-X
7.8560,5.591731,-9.500180,-0.000002,DRIVE_LANE,0,NONE,-4.9955,-4.9955,-X
7.8720,5.583738,-9.500180,-0.000002,DRIVE_LANE,0,NONE,-4.9955,-4.9955,-X
7.8880,5.575745,-9.500180,-0.000002,DRIVE_LANE,0,NONE,-4.9955,-4.9955,-X
7.9040,5.567752,-9.500180,-0.000002,DRIVE_LANE,0,NONE,-4.9955,-4.9955,-X
7.9200,5.559759,-9.500180,-0.000002,DRIVE_LANE,0,NONE,-4.9955,-4.9955,-X
7.9360,5.551767,-9.500180,-0.000002,DRIVE_LANE,0,NONE,-4.9955,-4.9955,-X
7.9520,5.543774,-9.500180,-0.000002,DRIVE_LANE,0,NONE,-4.9955,-4.9955,-X
7.9680,5.535781,-9.500180,-0.000002,DRIVE_LANE,0,NONE,-4.9955,-4.9955,-X
7.9840,5.527788,-9.500180,-0.000002,DRIVE_LANE,0,NONE,-4.9955,-4.9955,-X
8.0000,5.519795,-9.500180,-0.000002,DRIVE_LANE,0,NONE,-4.9955,-4.9955,-X
8.0160,5.511802,-9.500180,-0.000002,DRIVE_LANE,0,NONE,-4.9955,-4.9955,-X
8.0320,5.503809,-9.500180,-0.000002,DRIVE_LANE,0,NONE,-4.9955,-4.9955,-X
8.0480,5.495817,-9.500180,-0.000002,DRIVE_LANE,0,NONE,-4.9955,-4.9955,-X
8.0640,5.487824,-9.500180,-0.000002,DRIVE_LANE,0,NONE,-4.9955,-4.9955,-X
8.0800,5.479831,-9.500179,-0.000002,DRIVE_LANE,0,NONE,-4.9955,-4.9955,-X
8.0960,5.471838,-9.500179,-0.000002,DRIVE_LANE,0,NONE,-4.9955,-4.9955,-X
8.1120,5.463845,-9.500179,-0.000002,DRIVE_LANE,0,NONE,-4.9955,-4.9955,-X
8.1280,5.455852,-9.500179,-0.000002,DRIVE_LANE,0,NONE,-4.9955,-4.9955,-X
8.1440,5.447859,-9.500179,-0.000002,DRIVE_LANE,0,NONE,-4.9955,-4.9955,-X
8.1600,5.439866,-9.500179,-0.000002,DRIVE_LANE,0,NONE,-4.9955,-4.9955,-X
8.1760,5.431874,-9.500179,-0.000002,DRIVE_LANE,0,NONE,-4.9955,-4.9955,-X
8.1920,5.423881,-9.500179,-0.000002,DRIVE_LANE,0,NONE,-4.9955,-4.9955,-X
8.2080,5.415888,-9.500179,-0.000002,DRIVE_LANE,0,NONE,-4.9955,-4.9955,-X
8.2240,5.407895,-9.500179,-0.000002,DRIVE_LANE,0,NONE,-4.9955,-4.9955,-X
8.2400,5.399902,-9.500179,-0.000002,DRIVE_LANE,0,NONE,-4.9955,-4.9955,-X
8.2560,5.391909,-9.500179,-0.000002,DRIVE_LANE,0,NONE,-4.9955,-4.9955,-X
8.2720,5.383916,-9.500179,-0.000002,DRIVE_LANE,0,NONE,-4.9955,-4.9955,-X
8.2880,5.375923,-9.500179,-0.000002,DRIVE_LANE,0,NONE,-4.9956,-4.9956,-X
8.3040,5.367930,-9.500179,-0.000002,DRIVE_LANE,0,NONE,-4.9956,-4.9956,-X
8.3200,5.359938,-9.500179,-0.000002,DRIVE_LANE,0,NONE,-4.9956,-4.9956,-X
8.3360,5.351945,-9.500179,-0.000002,DRIVE_LANE,0,NONE,-4.9956,-4.9956,-X
8.3520,5.343952,-9.500179,-0.000002,DRIVE_LANE,0,NONE,-4.9956,-4.9956,-X
8.3680,5.335959,-9.500179,-0.000002,DRIVE_LANE,0,NONE,-4.9956,-4.9956,-X
8.3840,5.327966,-9.500179,-0.000002,DRIVE_LANE,0,NONE,-4.9956,-4.9956,-X
8.4000,5.319973,-9.500179,-0.000002,DRIVE_LANE,0,NONE,-4.9956,-4.9956,-X
8.4160,5.311980,-9.500179,-0.000002,DRIVE_LANE,0,NONE,-4.9956,-4.9956,-X
8.4320,5.303987,-9.500179,-0.000002,DRIVE_LANE,0,NONE,-4.9956,-4.9956,-X
8.4480,5.295995,-9.500179,-0.000002,DRIVE_LANE,0,NONE,-4.9956,-4.9956,-X
8.4640,5.288002,-9.500179,-0.000002,DRIVE_LANE,0,NONE,-4.9956,-4.9956,-X
8.4800,5.280009,-9.500179,-0.000002,DRIVE_LANE,0,NONE,-4.9956,-4.9956,-X
8.4960,5.272016,-9.500179,-0.000002,DRIVE_LANE,0,NONE,-4.9956,-4.9956,-X
8.5120,5.264023,-9.500179,-0.000002,DRIVE_LANE,0,NONE,-4.9956,-4.9956,-X
8.5280,5.256030,-9.500179,-0.000002,DRIVE_LANE,0,NONE,-4.9956,-4.9956,-X
8.5440,5.248037,-9.500179,-0.000002,DRIVE_LANE,0,NONE,-4.9956,-4.9956,-X
8.5600,5.240044,-9.500179,-0.000002,DRIVE_LANE,0,NONE,-4.9956,-4.9956,-X
8.5760,5.232051,-9.500179,-0.000002,DRIVE_LANE,0,NONE,-4.9956,-4.9956,-X
8.5920,5.224059,-9.500179,-0.000002,DRIVE_LANE,0,NONE,-4.9956,-4.9956,-X
8.6080,5.216066,-9.500179,-0.000002,DRIVE_LANE,0,NONE,-4.9956,-4.9956,-X
8.6240,5.208073,-9.500179,-0.000002,DRIVE_LANE,0,NONE,-4.9956,-4.9956,-X
8.6400,5.200080,-9.500179,-0.000002,DRIVE_LANE,0,NONE,-4.9956,-4.9956,-X
8.6560,5.192087,-9.500179,-0.000002,DRIVE_LANE,0,NONE,-4.9956,-4.9956,-X
8.6720,5.184094,-9.500179,-0.000002,DRIVE_LANE,0,NONE,-4.9956,-4.9956,-X
8.6880,5.176101,-9.500179,-0.000002,DRIVE_LANE,0,NONE,-4.9956,-4.9956,-X
8.7040,5.168108,-9.500179,-0.000002,DRIVE_LANE,0,NONE,-4.9956,-4.9956,-X
8.7200,5.160115,-9.500179,-0.000002,DRIVE_LANE,0,NONE,-4.9956,-4.9956,-X
8.7360,5.152122,-9.500179,-0.000002,DRIVE_LANE,0,NONE,-4.9956,-4.9956,-X
8.7520,5.144130,-9.500179,-0.000002,DRIVE_LANE,0,NONE,-4.9956,-4.9956,-X
8.7680,5.136137,-9.500179,-0.000002,DRIVE_LANE,0,NONE,-4.9956,-4.9956,-X
8.7840,5.128144,-9.500179,-0.000002,DRIVE_LANE,0,NONE,-4.9956,-4.9956,-X
8.8000,5.120151,-9.500179,-0.000002,DRIVE_LANE,0,NONE,-4.9956,-4.9956,-X
8.8160,5.112158,-9.500179,-0.000002,DRIVE_LANE,0,NONE,-4.9956,-4.9956,-X
8.8320,5.104165,-9.500179,-0.000002,DRIVE_LANE,0,NONE,-4.9956,-4.9956,-X
8.8480,5.096172,-9.500179,-0.000002,DRIVE_LANE,0,NONE,-4.9956,-4.9956,-X
8.8640,5.088179,-9.500179,-0.000002,DRIVE_LANE,0,NONE,-4.9956,-4.9956,-X
8.8800,5.080186,-9.500179,-0.000002,DRIVE_LANE,0,NONE,-4.9956,-4.9956,-X
8.8960,5.072193,-9.500178,-0.000002,DRIVE_LANE,0,NONE,-4.9956,-4.9956,-X
8.9120,5.064201,-9.500178,-0.000002,DRIVE_LANE,0,NONE,-4.9956,-4.9956,-X
8.9280,5.056208,-9.500178,-0.000002,DRIVE_LANE,0,NONE,-4.9956,-4.9956,-X
8.9440,5.048215,-9.500178,-0.000002,DRIVE_LANE,0,NONE,-4.9956,-4.9956,-X
8.9600,5.040222,-9.500178,-0.000002,DRIVE_LANE,0,NONE,-4.9956,-4.9956,-X
8.9760,5.032229,-9.500178,-0.000002,DRIVE_LANE,0,NONE,-4.9956,-4.9956,-X
8.9920,5.024236,-9.500178,-0.000002,DRIVE_LANE,0,NONE,-4.9956,-4.9956,-X
9.0080,5.016243,-9.500178,-0.000002,DRIVE_LANE,0,NONE,-4.9956,-4.9956,-X
9.0240,5.008250,-9.500178,-0.000002,DRIVE_LANE,0,NONE,-4.9956,-4.9956,-X
9.0400,5.000257,-9.500178,-0.000002,DRIVE_LANE,0,NONE,-4.9956,-4.9956,-X
9.0560,4.992264,-9.500178,-0.000002,DRIVE_LANE,0,NONE,-4.9956,-4.9956,-X
9.0720,4.984271,-9.500178,-0.000002,DRIVE_LANE,0,NONE,-4.9956,-4.9956,-X
9.0880,4.976279,-9.500178,-0.000002,DRIVE_LANE,0,NONE,-4.9956,-4.9956,-X
9.1040,4.968286,-9.500178,-0.000002,DRIVE_LANE,0,NONE,-4.9956,-4.9956,-X
9.1200,4.960293,-9.500178,-0.000002,DRIVE_LANE,0,NONE,-4.9956,-4.9956,-X
9.1360,4.952300,-9.500178,-0.000002,DRIVE_LANE,0,NONE,-4.9956,-4.9956,-X
9.1520,4.944307,-9.500178,-0.000002,DRIVE_LANE,0,NONE,-4.9956,-4.9956,-X
9.1680,4.936314,-9.500178,-0.000002,DRIVE_LANE,0,NONE,-4.9956,-4.9956,-X
9.1840,4.928321,-9.500178,-0.000002,DRIVE_LANE,0,NONE,-4.9956,-4.9956,-X
9.2000,4.920328,-9.500178,-0.000002,DRIVE_LANE,0,NONE,-4.9956,-4.9956,-X
9.2160,4.912335,-9.500178,-0.000002,DRIVE_LANE,0,NONE,-4.9956,-4.9956,-X
9.2320,4.904342,-9.500178,-0.000002,DRIVE_LANE,0,NONE,-4.9956,-4.9956,-X
9.2480,4.896349,-9.500178,-0.000002,DRIVE_LANE,0,NONE,-4.9956,-4.9956,-X
9.2640,4.888356,-9.500178,-0.000002,DRIVE_LANE,0,NONE,-4.9956,-4.9956,-X
9.2800,4.880364,-9.500178,-0.000002,DRIVE_LANE,0,NONE,-4.9956,-4.9956,-X
9.2960,4.872371,-9.500178,-0.000002,DRIVE_LANE,0,NONE,-4.9956,-4.9956,-X
9.3120,4.864378,-9.500178,-0.000002,DRIVE_LANE,0,NONE,-4.9956,-4.9956,-X
9.3280,4.856385,-9.500178,-0.000002,DRIVE_LANE,0,NONE,-4.9956,-4.9956,-X
9.3440,4.848392,-9.500178,-0.000002,DRIVE_LANE,0,NONE,-4.9956,-4.9956,-X
9.3600,4.840399,-9.500178,-0.000002,DRIVE_LANE,0,NONE,-4.9956,-4.9956,-X
9.3760,4.832406,-9.500178,-0.000002,DRIVE_LANE,0,NONE,-4.9956,-4.9956,-X
9.3920,4.824413,-9.500178,-0.000002,DRIVE_LANE,0,NONE,-4.9956,-4.9956,-X
9.4080,4.816420,-9.500178,-0.000002,DRIVE_LANE,0,NONE,-4.9956,-4.9956,-X
9.4240,4.808427,-9.500178,-0.000002,DRIVE_LANE,0,NONE,-4.9956,-4.9956,-X
9.4400,4.800434,-9.500178,-0.000002,DRIVE_LANE,0,NONE,-4.9956,-4.9956,-X
9.4560,4.792441,-9.500178,-0.000002,DRIVE_LANE,0,NONE,-4.9956,-4.9956,-X
9.4720,4.784448,-9.500178,-0.000002,DRIVE_LANE,0,NONE,-4.9956,-4.9956,-X
9.4880,4.776456,-9.500178,-0.000002,DRIVE_LANE,0,NONE,-4.9956,-4.9956,-X
9.5040,4.768463,-9.500178,-0.000002,DRIVE_LANE,0,NONE,-4.9956,-4.9956,-X
9.5200,4.760470,-9.500178,-0.000002,DRIVE_LANE,0,NONE,-4.9956,-4.9956,-X
9.5360,4.752477,-9.500178,-0.000002,DRIVE_LANE,0,NONE,-4.9956,-4.9956,-X
9.5520,4.744484,-9.500178,-0.000002,DRIVE_LANE,0,NONE,-4.9956,-4.9956,-X
9.5680,4.736491,-9.500178,-0.000002,DRIVE_LANE,0,NONE,-4.9956,-4.9956,-X
9.5840,4.728498,-9.500178,-0.000002,DRIVE_LANE,0,NONE,-4.9956,-4.9956,-X
9.6000,4.720505,-9.500178,-0.000002,DRIVE_LANE,0,NONE,-4.9956,-4.9956,-X
9.6160,4.712512,-9.500178,-0.000002,DRIVE_LANE,0,NONE,-4.9956,-4.9956,-X
9.6320,4.704519,-9.500178,-0.000002,DRIVE_LANE,0,NONE,-4.9956,-4.9956,-X
9.6480,4.696526,-9.500178,-0.000002,DRIVE_LANE,0,NONE,-4.9956,-4.9956,-X
9.6640,4.688533,-9.500178,-0.000002,DRIVE_LANE,0,NONE,-4.9956,-4.9956,-X
9.6800,4.680540,-9.500178,-0.000002,DRIVE_LANE,0,NONE,-4.9956,-4.9956,-X
9.6960,4.672547,-9.500178,-0.000002,DRIVE_LANE,0,NONE,-4.9956,-4.9956,-X
9.7120,4.664554,-9.500178,-0.000002,DRIVE_LANE,0,NONE,-4.9956,-4.9956,-X
9.7280,4.656562,-9.500177,-0.000002,DRIVE_LANE,0,NONE,-4.9956,-4.9956,-X
9.7440,4.648569,-9.500177,-0.000002,DRIVE_LANE,0,NONE,-4.9956,-4.9956,-X
9.7600,4.640576,-9.500177,-0.000002,DRIVE_LANE,0,NONE,-4.9956,-4.9956,-X
9.7760,4.632583,-9.500177,-0.000002,DRIVE_LANE,0,NONE,-4.9956,-4.9956,-X
9.7920,4.624590,-9.500177,-0.000002,DRIVE_LANE,0,NONE,-4.9956,-4.9956,-X
9.8080,4.616597,-9.500177,-0.000002,DRIVE_LANE,0,NONE,-4.9956,-4.9956,-X
9.8240,4.608604,-9.500177,-0.000002,DRIVE_LANE,0,NONE,-4.9956,-4.9956,-X
9.8400,4.600611,-9.500177,-0.000002,DRIVE_LANE,0,NONE,-4.9956,-4.9956,-X
9.8560,4.592618,-9.500177,-0.000002,DRIVE_LANE,0,NONE,-4.9956,-4.9956,-X
9.8720,4.584625,-9.500177,-0.000002,DRIVE_LANE,0,NONE,-4.9956,-4.9956,-X
9.8880,4.576632,-9.500177,-0.000002,DRIVE_LANE,0,NONE,-4.9956,-4.9956,-X
9.9040,4.568639,-9.500177,-0.000002,DRIVE_LANE,0,NONE,-4.9956,-4.9956,-X
9.9200,4.560646,-9.500177,-0.000002,DRIVE_LANE,0,NONE,-4.9956,-4.9956,-X
9.9360,4.552653,-9.500177,-0.000002,DRIVE_LANE,0,NONE,-4.9956,-4.9956,-X
9.9520,4.544660,-9.500177,-0.000002,DRIVE_LANE,0,NONE,-4.9956,-4.9956,-X
9.9680,4.536667,-9.500177,-0.000002,DRIVE_LANE,0,NONE,-4.9956,-4.9956,-X
9.9840,4.528674,-9.500177,-0.000002,DRIVE_LANE,0,NONE,-4.9956,-4.9956,-X
10.0000,4.520681,-9.500177,-0.000002,DRIVE_LANE,0,NONE,-4.9956,-4.9956,-X
10.0160,4.512689,-9.500177,-0.000002,DRIVE_LANE,0,NONE,-4.9956,-4.9956,-X
10.0320,4.504696,-9.500177,-0.000002,DRIVE_LANE,0,NONE,-4.9956,-4.9956,-X
10.0480,4.496703,-9.500177,-0.000002,DRIVE_LANE,0,NONE,-4.9956,-4.9956,-X
10.0640,4.488710,-9.500177,-0.000002,DRIVE_LANE,0,NONE,-4.9956,-4.9956,-X
10.0800,4.480717,-9.500177,-0.000002,DRIVE_LANE,0,NONE,-4.9956,-4.9956,-X
10.0960,4.472724,-9.500177,-0.000002,DRIVE_LANE,0,NONE,-4.9956,-4.9956,-X
10.1120,4.464731,-9.500177,-0.000002,DRIVE_LANE,0,NONE,-4.9956,-4.9956,-X
10.1280,4.456738,-9.500177,-0.000002,DRIVE_LANE,0,NONE,-4.9956,-4.9956,-X
10.1440,4.448745,-9.500177,-0.000002,DRIVE_LANE,0,NONE,-4.9956,-4.9956,-X
10.1600,4.440752,-9.500177,-0.000002,DRIVE_LANE,0,NONE,-4.9956,-4.9956,-X
10.1760,4.432759,-9.500177,-0.000002,DRIVE_LANE,0,NONE,-4.9956,-4.9956,-X
10.1920,4.424766,-9.500177,-0.000002,DRIVE_LANE,0,NONE,-4.9956,-4.9956,-X
10.2080,4.416773,-9.500177,-0.000002,DRIVE_LANE,0,NONE,-4.9956,-4.9956,-X
10.2240,4.408780,-9.500177,-0.000002,DRIVE_LANE,0,NONE,-4.9956,-4.9956,-X
10.2400,4.400787,-9.500177,-0.000002,DRIVE_LANE,0,NONE,-4.9956,-4.9956,-X
10.2560,4.392794,-9.500177,-0.000002,DRIVE_LANE,0,NONE,-4.9956,-4.9956,-X
10.2720,4.384801,-9.500177,-0.000002,DRIVE_LANE,0,NONE,-4.9956,-4.9956,-X
10.2880,4.376808,-9.500177,-0.000002,DRIVE_LANE,0,NONE,-4.9956,-4.9956,-X
10.3040,4.368815,-9.500177,-0.000002,DRIVE_LANE,0,NONE,-4.9956,-4.9956,-X
10.3200,4.360822,-9.500177,-0.000002,DRIVE_LANE,0,NONE,-4.9956,-4.9956,-X
10.3360,4.352829,-9.500177,-0.000002,DRIVE_LANE,0,NONE,-4.9956,-4.9956,-X
10.3520,4.344836,-9.500177,-0.000002,DRIVE_LANE,0,NONE,-4.9956,-4.9956,-X
10.3680,4.336843,-9.500177,-0.000002,DRIVE_LANE,0,NONE,-4.9956,-4.9956,-X
10.3840,4.328850,-9.500177,-0.000002,DRIVE_LANE,0,NONE,-4.9956,-4.9956,-X
10.4000,4.320858,-9.500177,-0.000002,DRIVE_LANE,0,NONE,-4.9956,-4.9956,-X
10.4160,4.312865,-9.500177,-0.000002,DRIVE_LANE,0,NONE,-4.9956,-4.9956,-X
10.4320,4.304872,-9.500177,-0.000002,DRIVE_LANE,0,NONE,-4.9956,-4.9956,-X
10.4480,4.296879,-9.500177,-0.000002,DRIVE_LANE,0,NONE,-4.9956,-4.9956,-X
10.4640,4.288886,-9.500177,-0.000002,DRIVE_LANE,0,NONE,-4.9956,-4.9956,-X
10.4800,4.280893,-9.500177,-0.000002,DRIVE_LANE,0,NONE,-4.9956,-4.9956,-X
10.4960,4.272900,-9.500177,-0.000002,DRIVE_LANE,0,NONE,-4.9956,-4.9956,-X
10.5120,4.264907,-9.500177,-0.000002,DRIVE_LANE,0,NONE,-4.9956,-4.9956,-X
10.5280,4.256914,-9.500177,-0.000002,DRIVE_LANE,0,NONE,-4.9956,-4.9956,-X
10.5440,4.248921,-9.500177,-0.000002,DRIVE_LANE,0,NONE,-4.9956,-4.9956,-X
10.5600,4.240928,-9.500176,-0.000002,DRIVE_LANE,0,NONE,-4.9956,-4.9956,-X
10.5760,4.232935,-9.500176,-0.000002,DRIVE_LANE,0,NONE,-4.9956,-4.9956,-X
10.5920,4.224942,-9.500176,-0.000002,DRIVE_LANE,0,NONE,-4.9956,-4.9956,-X
10.6080,4.216949,-9.500176,-0.000002,DRIVE_LANE,0,NONE,-4.9956,-4.9956,-X
10.6240,4.208956,-9.500176,-0.000002,DRIVE_LANE,0,NONE,-4.9956,-4.9956,-X
10.6400,4.200963,-9.500176,-0.000002,DRIVE_LANE,0,NONE,-4.9956,-4.9956,-X
10.6560,4.192970,-9.500176,-0.000002,DRIVE_LANE,0,NONE,-4.9956,-4.9956,-X
10.6720,4.184977,-9.500176,-0.000002,DRIVE_LANE,0,NONE,-4.9956,-4.9956,-X
10.6880,4.176984,-9.500176,-0.000002,DRIVE_LANE,0,NONE,-4.9956,-4.9956,-X
10.7040,4.168991,-9.500176,-0.000002,DRIVE_LANE,0,NONE,-4.9956,-4.9956,-X
10.7200,4.160998,-9.500176,-0.000002,DRIVE_LANE,0,NONE,-4.9956,-4.9956,-X
10.7360,4.153005,-9.500176,-0.000002,DRIVE_LANE,0,NONE,-4.9956,-4.9956,-X
10.7520,4.145012,-9.500176,-0.000002,DRIVE_LANE,0,NONE,-4.9956,-4.9956,-X
10.7680,4.137019,-9.500176,-0.000002,DRIVE_LANE,0,NONE,-4.9956,-4.9956,-X
10.7840,4.129026,-9.500176,-0.000002,DRIVE_LANE,0,NONE,-4.9956,-4.9956,-X
10.8000,4.121033,-9.500176,-0.000002,DRIVE_LANE,0,NONE,-4.9956,-4.9956,-X
10.8160,4.113040,-9.500176,-0.000002,DRIVE_LANE,0,NONE,-4.9956,-4.9956,-X
10.8320,4.105047,-9.500176,-0.000002,DRIVE_LANE,0,NONE,-4.9956,-4.9956,-X
10.8480,4.097054,-9.500176,-0.000002,DRIVE_LANE,0,NONE,-4.9956,-4.9956,-X
10.8640,4.089061,-9.500176,-0.000002,DRIVE_LANE,0,NONE,-4.9956,-4.9956,-X
10.8800,4.081068,-9.500176,-0.000002,DRIVE_LANE,0,NONE,-4.9956,-4.9956,-X
10.8960,4.073075,-9.500176,-0.000002,DRIVE_LANE,0,NONE,-4.9956,-4.9956,-X
10.9120,4.065082,-9.500176,-0.000002,DRIVE_LANE,0,NONE,-4.9956,-4.9956,-X
10.9280,4.057089,-9.500176,-0.000002,DRIVE_LANE,0,NONE,-4.9956,-4.9956,-X
10.9440,4.049096,-9.500176,-0.000002,DRIVE_LANE,0,NONE,-4.9956,-4.9956,-X
10.9600,4.041103,-9.500176,-0.000002,DRIVE_LANE,0,NONE,-4.9956,-4.9956,-X
10.9760,4.033110,-9.500176,-0.000002,DRIVE_LANE,0,NONE,-4.9956,-4.9956,-X
10.9920,4.025117,-9.500176,-0.000002,DRIVE_LANE,0,NONE,-4.9956,-4.9956,-X
11.0080,4.017124,-9.500176,-0.000002,DRIVE_LANE,0,NONE,-4.9956,-4.9956,-X
11.0240,4.009131,-9.500176,-0.000002,DRIVE_LANE,0,NONE,-4.9956,-4.9956,-X
11.0400,4.001138,-9.500176,-0.000002,DRIVE_LANE,0,NONE,-4.9956,-4.9956,-X
11.0560,3.993145,-9.500176,-0.000002,DRIVE_LANE,0,NONE,-4.9956,-4.9956,-X
11.0720,3.985152,-9.500176,-0.000002,DRIVE_LANE,0,NONE,-4.9956,-4.9956,-X
11.0880,3.977159,-9.500176,-0.000002,DRIVE_LANE,0,NONE,-4.9956,-4.9956,-X
11.1040,3.969166,-9.500176,-0.000002,DRIVE_LANE,0,NONE,-4.9956,-4.9956,-X
11.1200,3.961173,-9.500176,-0.000002,DRIVE_LANE,0,NONE,-4.9956,-4.9956,-X
11.1360,3.953180,-9.500176,-0.000002,DRIVE_LANE,0,NONE,-4.9956,-4.9956,-X
11.1520,3.945187,-9.500176,-0.000002,DRIVE_LANE,0,NONE,-4.9956,-4.9956,-X
11.1680,3.937194,-9.500176,-0.000002,DRIVE_LANE,0,NONE,-4.9956,-4.9956,-X
11.1840,3.929201,-9.500176,-0.000002,DRIVE_LANE,0,NONE,-4.9956,-4.9956,-X
11.2000,3.921208,-9.500176,-0.000002,DRIVE_LANE,0,NONE,-4.9956,-4.9956,-X
11.2160,3.913215,-9.500176,-0.000002,DRIVE_LANE,0,NONE,-4.9956,-4.9956,-X
11.2320,3.905222,-9.500176,-0.000002,DRIVE_LANE,0,NONE,-4.9956,-4.9956,-X
11.2480,3.897229,-9.500176,-0.000002,DRIVE_LANE,0,NONE,-4.9956,-4.9956,-X
11.2640,3.889236,-9.500176,-0.000002,DRIVE_LANE,0,NONE,-4.9956,-4.9956,-X
11.2800,3.881243,-9.500176,-0.000002,DRIVE_LANE,0,NONE,-4.9956,-4.9956,-X
11.2960,3.873250,-9.500176,-0.000002,DRIVE_LANE,0,NONE,-4.9956,-4.9956,-X
11.3120,3.865257,-9.500176,-0.000002,DRIVE_LANE,0,NONE,-4.9956,-4.9956,-X
11.3280,3.857264,-9.500176,-0.000002,DRIVE_LANE,0,NONE,-4.9956,-4.9956,-X
11.3440,3.849271,-9.500176,-0.000002,DRIVE_LANE,0,NONE,-4.9956,-4.9956,-X
11.3600,3.841278,-9.500175,-0.000002,DRIVE_LANE,0,NONE,-4.9956,-4.9956,-X
11.3760,3.833285,-9.500175,-0.000002,DRIVE_LANE,0,NONE,-4.9956,-4.9956,-X
11.3920,3.825292,-9.500175,-0.000002,DRIVE_LANE,0,NONE,-4.9956,-4.9956,-X
11.4080,3.817299,-9.500175,-0.000002,DRIVE_LANE,0,NONE,-4.9956,-4.9956,-X
11.4240,3.809306,-9.500175,-0.000002,DRIVE_LANE,0,NONE,-4.9956,-4.9956,-X
11.4400,3.801313,-9.500175,-0.000002,DRIVE_LANE,0,NONE,-4.9956,-4.9956,-X
11.4560,3.793320,-9.500175,-0.000002,DRIVE_LANE,0,NONE,-4.9956,-4.9956,-X
11.4720,3.785327,-9.500175,-0.000002,DRIVE_LANE,0,NONE,-4.9956,-4.9956,-X
11.4880,3.777334,-9.500175,-0.000002,DRIVE_LANE,0,NONE,-4.9956,-4.9956,-X
11.5040,3.769341,-9.500175,-0.000002,DRIVE_LANE,0,NONE,-4.9956,-4.9956,-X
11.5200,3.761348,-9.500175,-0.000002,DRIVE_LANE,0,NONE,-4.9956,-4.9956,-X
11.5360,3.753355,-9.500175,-0.000002,DRIVE_LANE,0,NONE,-4.9956,-4.9956,-X
11.5520,3.745362,-9.500175,-0.000002,DRIVE_LANE,0,NONE,-4.9956,-4.9956,-X
11.5680,3.737369,-9.500175,-0.000002,DRIVE_LANE,0,NONE,-4.9956,-4.9956,-X
11.5840,3.729376,-9.500175,-0.000002,DRIVE_LANE,0,NONE,-4.9956,-4.9956,-X
11.6000,3.721383,-9.500175,-0.000002,DRIVE_LANE,0,NONE,-4.9956,-4.9956,-X
11.6160,3.713390,-9.500175,-0.000002,DRIVE_LANE,0,NONE,-4.9956,-4.9956,-X
11.6320,3.705397,-9.500175,-0.000002,DRIVE_LANE,0,NONE,-4.9956,-4.9956,-X
11.6480,3.697404,-9.500175,-0.000002,DRIVE_LANE,0,NONE,-4.9956,-4.9956,-X
11.6640,3.689411,-9.500175,-0.000002,DRIVE_LANE,0,NONE,-4.9956,-4.9956,-X
11.6800,3.681418,-9.500175,-0.000002,DRIVE_LANE,0,NONE,-4.9956,-4.9956,-X
11.6960,3.673425,-9.500175,-0.000002,DRIVE_LANE,0,NONE,-4.9956,-4.9956,-X
11.7120,3.665432,-9.500175,-0.000002,DRIVE_LANE,0,NONE,-4.9956,-4.9956,-X
11.7280,3.657439,-9.500175,-0.000002,DRIVE_LANE,0,NONE,-4.9956,-4.9956,-X
11.7440,3.649446,-9.500175,-0.000002,DRIVE_LANE,0,NONE,-4.9956,-4.9956,-X
11.7600,3.641453,-9.500175,-0.000002,DRIVE_LANE,0,NONE,-4.9956,-4.9956,-X
11.7760,3.633460,-9.500175,-0.000002,DRIVE_LANE,0,NONE,-4.9956,-4.9956,-X
11.7920,3.625467,-9.500175,-0.000002,DRIVE_LANE,0,NONE,-4.9956,-4.9956,-X
11.8080,3.617474,-9.500175,-0.000002,DRIVE_LANE,0,NONE,-4.9956,-4.9956,-X
11.8240,3.609481,-9.500175,-0.000002,DRIVE_LANE,0,NONE,-4.9956,-4.9956,-X
11.8400,3.601488,-9.500175,-0.000002,DRIVE_LANE,0,NONE,-4.9956,-4.9956,-X
11.8560,3.593495,-9.500175,-0.000002,DRIVE_LANE,0,NONE,-4.9956,-4.9956,-X
11.8720,3.585502,-9.500175,-0.000002,DRIVE_LANE,0,NONE,-4.9956,-4.9956,-X
11.8880,3.577509,-9.500175,-0.000002,DRIVE_LANE,0,NONE,-4.9956,-4.9956,-X
11.9040,3.569516,-9.500175,-0.000002,DRIVE_LANE,0,NONE,-4.9956,-4.9956,-X
11.9200,3.561523,-9.500175,-0.000002,DRIVE_LANE,0,NONE,-4.9956,-4.9956,-X
11.9360,3.553530,-9.500175,-0.000002,DRIVE_LANE,0,NONE,-4.9956,-4.9956,-X
11.9520,3.545537,-9.500175,-0.000002,DRIVE_LANE,0,NONE,-4.9956,-4.9956,-X
11.9680,3.537544,-9.500175,-0.000002,DRIVE_LANE,0,NONE,-4.9956,-4.9956,-X
11.9840,3.529551,-9.500175,-0.000002,DRIVE_LANE,0,NONE,-4.9956,-4.9956,-X
12.0000,3.521558,-9.500175,-0.000002,DRIVE_LANE,0,NONE,-4.9956,-4.9956,-X
12.0160,3.513565,-9.500175,-0.000002,DRIVE_LANE,0,NONE,-4.9956,-4.9956,-X
12.0320,3.505572,-9.500175,-0.000002,DRIVE_LANE,0,NONE,-4.9956,-4.9956,-X
12.0480,3.497579,-9.500175,-0.000002,DRIVE_LANE,0,NONE,-4.9956,-4.9956,-X
12.0640,3.489586,-9.500175,-0.000002,DRIVE_LANE,0,NONE,-4.9956,-4.9956,-X
12.0800,3.481593,-9.500175,-0.000002,DRIVE_LANE,0,NONE,-4.9956,-4.9956,-X
12.0960,3.473600,-9.500175,-0.000002,DRIVE_LANE,0,NONE,-4.9956,-4.9956,-X
12.1120,3.465607,-9.500175,-0.000002,DRIVE_LANE,0,NONE,-4.9956,-4.9956,-X
12.1280,3.457614,-9.500175,-0.000002,DRIVE_LANE,0,NONE,-4.9956,-4.9956,-X
12.1440,3.449621,-9.500175,-0.000002,DRIVE_LANE,0,NONE,-4.9956,-4.9956,-X
12.1600,3.441627,-9.500175,-0.000002,DRIVE_LANE,0,NONE,-4.9956,-4.9956,-X
12.1760,3.433634,-9.500175,-0.000002,DRIVE_LANE,0,NONE,-4.9956,-4.9956,-X
12.1920,3.425641,-9.500175,-0.000002,DRIVE_LANE,0,NONE,-4.9956,-4.9956,-X
12.2080,3.417648,-9.500174,-0.000002,DRIVE_LANE,0,NONE,-4.9956,-4.9956,-X
12.2240,3.409655,-9.500174,-0.000002,DRIVE_LANE,0,NONE,-4.9956,-4.9956,-X
12.2400,3.401662,-9.500174,-0.000002,DRIVE_LANE,0,NONE,-4.9956,-4.9956,-X
12.2560,3.393669,-9.500174,-0.000002,DRIVE_LANE,0,NONE,-4.9956,-4.9956,-X
12.2720,3.385676,-9.500174,-0.000002,DRIVE_LANE,0,NONE,-4.9957,-4.9957,-X
12.2880,3.377683,-9.500174,-0.000002,DRIVE_LANE,0,NONE,-4.9957,-4.9957,-X
12.3040,3.369690,-9.500174,-0.000002,DRIVE_LANE,0,NONE,-4.9957,-4.9957,-X
12.3200,3.361697,-9.500174,-0.000002,DRIVE_LANE,0,NONE,-4.9957,-4.9957,-X
12.3360,3.353704,-9.500174,-0.000002,DRIVE_LANE,0,NONE,-4.9957,-4.9957,-X
12.3520,3.345711,-9.500174,-0.000002,DRIVE_LANE,0,NONE,-4.9957,-4.9957,-X
12.3680,3.337718,-9.500174,-0.000002,DRIVE_LANE,0,NONE,-4.9957,-4.9957,-X
12.3840,3.329725,-9.500174,-0.000002,DRIVE_LANE,0,NONE,-4.9957,-4.9957,-X
12.4000,3.321732,-9.500174,-0.000002,DRIVE_LANE,0,NONE,-4.9957,-4.9957,-X
12.4160,3.313739,-9.500174,-0.000002,DRIVE_LANE,0,NONE,-4.9957,-4.9957,-X
12.4320,3.305746,-9.500174,-0.000002,DRIVE_LANE,0,NONE,-4.9957,-4.9957,-X
12.4480,3.297753,-9.500174,-0.000002,DRIVE_LANE,0,NONE,-4.9957,-4.9957,-X
12.4640,3.289760,-9.500174,-0.000002,DRIVE_LANE,0,NONE,-4.9957,-4.9957,-X
12.4800,3.281767,-9.500174,-0.000002,DRIVE_LANE,0,NONE,-4.9957,-4.9957,-X
12.4960,3.273774,-9.500174,-0.000002,DRIVE_LANE,0,NONE,-4.9957,-4.9957,-X
12.5120,3.265781,-9.500174,-0.000002,DRIVE_LANE,0,NONE,-4.9957,-4.9957,-X
12.5280,3.257787,-9.500174,-0.000002,DRIVE_LANE,0,NONE,-4.9957,-4.9957,-X
12.5440,3.249794,-9.500174,-0.000002,DRIVE_LANE,0,NONE,-4.9957,-4.9957,-X
12.5600,3.241801,-9.500174,-0.000002,DRIVE_LANE,0,NONE,-4.9957,-4.9957,-X
12.5760,3.233808,-9.500174,-0.000002,DRIVE_LANE,0,NONE,-4.9957,-4.9957,-X
12.5920,3.225815,-9.500174,-0.000002,DRIVE_LANE,0,NONE,-4.9957,-4.9957,-X
12.6080,3.217822,-9.500174,-0.000002,DRIVE_LANE,0,NONE,-4.9957,-4.9957,-X
12.6240,3.209829,-9.500174,-0.000002,DRIVE_LANE,0,NONE,-4.9957,-4.9957,-X
12.6400,3.201836,-9.500174,-0.000002,DRIVE_LANE,0,NONE,-4.9957,-4.9957,-X
12.6560,3.193843,-9.500174,-0.000002,DRIVE_LANE,0,NONE,-4.9957,-4.9957,-X
12.6720,3.185850,-9.500174,-0.000002,DRIVE_LANE,0,NONE,-4.9957,-4.9957,-X
12.6880,3.177857,-9.500174,-0.000002,DRIVE_LANE,0,NONE,-4.9957,-4.9957,-X
12.7040,3.169864,-9.500174,-0.000002,DRIVE_LANE,0,NONE,-4.9957,-4.9957,-X
12.7200,3.161871,-9.500174,-0.000002,DRIVE_LANE,0,NONE,-4.9957,-4.9957,-X
12.7360,3.153878,-9.500174,-0.000002,DRIVE_LANE,0,NONE,-4.9957,-4.9957,-X
12.7520,3.145885,-9.500174,-0.000002,DRIVE_LANE,0,NONE,-4.9957,-4.9957,-X
12.7680,3.137892,-9.500174,-0.000002,DRIVE_LANE,0,NONE,-4.9957,-4.9957,-X
12.7840,3.129899,-9.500174,-0.000002,DRIVE_LANE,0,NONE,-4.9957,-4.9957,-X
12.8000,3.121906,-9.500174,-0.000002,DRIVE_LANE,0,NONE,-4.9957,-4.9957,-X
12.8160,3.113912,-9.500174,-0.000002,DRIVE_LANE,0,NONE,-4.9957,-4.9957,-X
12.8320,3.105919,-9.500174,-0.000002,DRIVE_LANE,0,NONE,-4.9957,-4.9957,-X
12.8480,3.097926,-9.500174,-0.000002,DRIVE_LANE,0,NONE,-4.9957,-4.9957,-X
12.8640,3.089933,-9.500174,-0.000002,DRIVE_LANE,0,NONE,-4.9957,-4.9957,-X
12.8800,3.081940,-9.500174,-0.000002,DRIVE_LANE,0,NONE,-4.9957,-4.9957,-X
12.8960,3.073947,-9.500174,-0.000002,DRIVE_LANE,0,NONE,-4.9957,-4.9957,-X
12.9120,3.065954,-9.500174,-0.000002,DRIVE_LANE,0,NONE,-4.9957,-4.9957,-X
12.9280,3.057961,-9.500174,-0.000002,DRIVE_LANE,0,NONE,-4.9957,-4.9957,-X
12.9440,3.049968,-9.500174,-0.000002,DRIVE_LANE,0,NONE,-4.9957,-4.9957,-X
12.9600,3.041975,-9.500174,-0.000002,DRIVE_LANE,0,NONE,-4.9957,-4.9957,-X
12.9760,3.033982,-9.500174,-0.000002,DRIVE_LANE,0,NONE,-4.9957,-4.9957,-X
12.9920,3.025989,-9.500174,-0.000002,DRIVE_LANE,0,NONE,-4.9957,-4.9957,-X
13.0080,3.017996,-9.500174,-0.000002,DRIVE_LANE,0,NONE,-4.9957,-4.9957,-X
13.0240,3.010003,-9.500173,-0.000002,DRIVE_LANE,0,NONE,-4.9957,-4.9957,-X
13.0400,3.002010,-9.500173,-0.000002,DRIVE_LANE,0,NONE,-4.9957,-4.9957,-X
13.0560,2.994016,-9.500173,-0.000002,DRIVE_LANE,0,NONE,-4.9957,-4.9957,-X
13.0720,2.986023,-9.500173,-0.000002,DRIVE_LANE,0,NONE,-4.9957,-4.9957,-X
13.0880,2.978030,-9.500173,-0.000002,DRIVE_LANE,0,NONE,-4.9957,-4.9957,-X
13.1040,2.970037,-9.500173,-0.000002,DRIVE_LANE,0,NONE,-4.9957,-4.9957,-X
13.1200,2.962044,-9.500173,-0.000002,DRIVE_LANE,0,NONE,-4.9957,-4.9957,-X
13.1360,2.954051,-9.500173,-0.000002,DRIVE_LANE,0,NONE,-4.9957,-4.9957,-X
13.1520,2.946058,-9.500173,-0.000002,DRIVE_LANE,0,NONE,-4.9957,-4.9957,-X
13.1680,2.938065,-9.500173,-0.000002,DRIVE_LANE,0,NONE,-4.9957,-4.9957,-X
13.1840,2.930072,-9.500173,-0.000002,DRIVE_LANE,0,NONE,-4.9957,-4.9957,-X
13.2000,2.922079,-9.500173,-0.000002,DRIVE_LANE,0,NONE,-4.9957,-4.9957,-X
13.2160,2.914086,-9.500173,-0.000002,DRIVE_LANE,0,NONE,-4.9957,-4.9957,-X
13.2320,2.906093,-9.500173,-0.000002,DRIVE_LANE,0,NONE,-4.9957,-4.9957,-X
13.2480,2.898100,-9.500173,-0.000002,DRIVE_LANE,0,NONE,-4.9957,-4.9957,-X
13.2640,2.890106,-9.500173,-0.000002,DRIVE_LANE,0,NONE,-4.9957,-4.9957,-X
13.2800,2.882113,-9.500173,-0.000002,DRIVE_LANE,0,NONE,-4.9957,-4.9957,-X
13.2960,2.874120,-9.500173,-0.000002,DRIVE_LANE,0,NONE,-4.9957,-4.9957,-X
13.3120,2.866127,-9.500173,-0.000002,DRIVE_LANE,0,NONE,-4.9957,-4.9957,-X
13.3280,2.858134,-9.500173,-0.000002,DRIVE_LANE,0,NONE,-4.9957,-4.9957,-X
13.3440,2.850141,-9.500173,-0.000002,DRIVE_LANE,0,NONE,-4.9957,-4.9957,-X
13.3600,2.842148,-9.500173,-0.000002,DRIVE_LANE,0,NONE,-4.9957,-4.9957,-X
13.3760,2.834155,-9.500173,-0.000002,DRIVE_LANE,0,NONE,-4.9957,-4.9957,-X
13.3920,2.826162,-9.500173,-0.000002,DRIVE_LANE,0,NONE,-4.9957,-4.9957,-X
13.4080,2.818169,-9.500173,-0.000002,DRIVE_LANE,0,NONE,-4.9957,-4.9957,-X
13.4240,2.810176,-9.500173,-0.000002,DRIVE_LANE,0,NONE,-4.9957,-4.9957,-X
13.4400,2.802183,-9.500173,-0.000002,DRIVE_LANE,0,NONE,-4.9957,-4.9957,-X
13.4560,2.794189,-9.500173,-0.000002,DRIVE_LANE,0,NONE,-4.9957,-4.9957,-X
13.4720,2.786196,-9.500173,-0.000002,DRIVE_LANE,0,NONE,-4.9957,-4.9957,-X
13.4880,2.778203,-9.500173,-0.000002,DRIVE_LANE,0,NONE,-4.9957,-4.9957,-X
13.5040,2.770210,-9.500173,-0.000002,DRIVE_LANE,0,NONE,-4.9957,-4.9957,-X
13.5200,2.762217,-9.500173,-0.000002,DRIVE_LANE,0,NONE,-4.9957,-4.9957,-X
13.5360,2.754224,-9.500173,-0.000002,DRIVE_LANE,0,NONE,-4.9957,-4.9957,-X
13.5520,2.746231,-9.500173,-0.000002,DRIVE_LANE,0,NONE,-4.9957,-4.9957,-X
13.5680,2.738238,-9.500173,-0.000002,DRIVE_LANE,0,NONE,-4.9957,-4.9957,-X
13.5840,2.730245,-9.500173,-0.000002,DRIVE_LANE,0,NONE,-4.9957,-4.9957,-X
13.6000,2.722252,-9.500173,-0.000002,DRIVE_LANE,0,NONE,-4.9957,-4.9957,-X
13.6160,2.714259,-9.500173,-0.000002,DRIVE_LANE,0,NONE,-4.9957,-4.9957,-X
13.6320,2.706265,-9.500173,-0.000002,DRIVE_LANE,0,NONE,-4.9957,-4.9957,-X
13.6480,2.698272,-9.500173,-0.000002,DRIVE_LANE,0,NONE,-4.9957,-4.9957,-X
13.6640,2.690279,-9.500173,-0.000002,DRIVE_LANE,0,NONE,-4.9957,-4.9957,-X
13.6800,2.682286,-9.500173,-0.000002,DRIVE_LANE,0,NONE,-4.9957,-4.9957,-X
13.6960,2.674293,-9.500173,-0.000002,DRIVE_LANE,0,NONE,-4.9957,-4.9957,-X
13.7120,2.666300,-9.500173,-0.000002,DRIVE_LANE,0,NONE,-4.9957,-4.9957,-X
13.7280,2.658307,-9.500173,-0.000002,DRIVE_LANE,0,NONE,-4.9957,-4.9957,-X
13.7440,2.650314,-9.500173,-0.000002,DRIVE_LANE,0,NONE,-4.9957,-4.9957,-X
13.7600,2.642321,-9.500173,-0.000002,DRIVE_LANE,0,NONE,-4.9957,-4.9957,-X
13.7760,2.634328,-9.500173,-0.000002,DRIVE_LANE,0,NONE,-4.9957,-4.9957,-X
13.7920,2.626334,-9.500173,-0.000002,DRIVE_LANE,0,NONE,-4.9957,-4.9957,-X
13.8080,2.618341,-9.500173,-0.000002,DRIVE_LANE,0,NONE,-4.9957,-4.9957,-X
13.8240,2.610348,-9.500173,-0.000002,DRIVE_LANE,0,NONE,-4.9957,-4.9957,-X
13.8400,2.602355,-9.500172,-0.000002,DRIVE_LANE,0,NONE,-4.9957,-4.9957,-X
13.8560,2.594362,-9.500172,-0.000002,DRIVE_LANE,0,NONE,-4.9957,-4.9957,-X
13.8720,2.586369,-9.500172,-0.000002,DRIVE_LANE,0,NONE,-4.9957,-4.9957,-X
13.8880,2.578376,-9.500172,-0.000002,DRIVE_LANE,0,NONE,-4.9957,-4.9957,-X
13.9040,2.570383,-9.500172,-0.000002,DRIVE_LANE,0,NONE,-4.9957,-4.9957,-X
13.9200,2.562390,-9.500172,-0.000002,DRIVE_LANE,0,NONE,-4.9957,-4.9957,-X
13.9360,2.554397,-9.500172,-0.000002,DRIVE_LANE,0,NONE,-4.9957,-4.9957,-X
13.9520,2.546403,-9.500172,-0.000002,DRIVE_LANE,0,NONE,-4.9957,-4.9957,-X
13.9680,2.538410,-9.500172,-0.000002,DRIVE_LANE,0,NONE,-4.9957,-4.9957,-X
13.9840,2.530417,-9.500172,-0.000002,DRIVE_LANE,0,NONE,-4.9957,-4.9957,-X
14.0000,2.522424,-9.500172,-0.000002,DRIVE_LANE,0,NONE,-4.9957,-4.9957,-X
14.0160,2.514431,-9.500172,-0.000002,DRIVE_LANE,0,NONE,-4.9957,-4.9957,-X
14.0320,2.506438,-9.500172,-0.000002,DRIVE_LANE,0,NONE,-4.9957,-4.9957,-X
14.0480,2.498445,-9.500172,-0.000002,DRIVE_LANE,0,NONE,-4.9957,-4.9957,-X
14.0640,2.490452,-9.500172,-0.000002,DRIVE_LANE,0,NONE,-4.9957,-4.9957,-X
14.0800,2.482459,-9.500172,-0.000002,DRIVE_LANE,0,NONE,-4.9957,-4.9957,-X
14.0960,2.474465,-9.500172,-0.000002,DRIVE_LANE,0,NONE,-4.9957,-4.9957,-X
14.1120,2.466472,-9.500172,-0.000002,DRIVE_LANE,0,NONE,-4.9957,-4.9957,-X
14.1280,2.458479,-9.500172,-0.000002,DRIVE_LANE,0,NONE,-4.9957,-4.9957,-X
14.1440,2.450486,-9.500172,-0.000002,DRIVE_LANE,0,NONE,-4.9957,-4.9957,-X
14.1600,2.442493,-9.500172,-0.000002,DRIVE_LANE,0,NONE,-4.9957,-4.9957,-X
14.1760,2.434500,-9.500172,-0.000002,DRIVE_LANE,0,NONE,-4.9957,-4.9957,-X
14.1920,2.426507,-9.500172,-0.000002,DRIVE_LANE,0,NONE,-4.9957,-4.9957,-X
14.2080,2.418514,-9.500172,-0.000002,DRIVE_LANE,0,NONE,-4.9957,-4.9957,-X
14.2240,2.410521,-9.500172,-0.000002,DRIVE_LANE,0,NONE,-4.9957,-4.9957,-X
14.2400,2.402527,-9.500172,-0.000002,DRIVE_LANE,0,NONE,-4.9957,-4.9957,-X
14.2560,2.394534,-9.500172,-0.000002,DRIVE_LANE,0,NONE,-4.9957,-4.9957,-X
14.2720,2.386541,-9.500172,-0.000002,DRIVE_LANE,0,NONE,-4.9957,-4.9957,-X
14.2880,2.378548,-9.500172,-0.000002,DRIVE_LANE,0,NONE,-4.9957,-4.9957,-X
14.3040,2.370555,-9.500172,-0.000002,DRIVE_LANE,0,NONE,-4.9957,-4.9957,-X
14.3200,2.362562,-9.500172,-0.000002,DRIVE_LANE,0,NONE,-4.9957,-4.9957,-X
14.3360,2.354569,-9.500172,-0.000002,DRIVE_LANE,0,NONE,-4.9957,-4.9957,-X
14.3520,2.346576,-9.500172,-0.000002,DRIVE_LANE,0,NONE,-4.9957,-4.9957,-X
14.3680,2.338582,-9.500172,-0.000002,DRIVE_LANE,0,NONE,-4.9957,-4.9957,-X
14.3840,2.330589,-9.500172,-0.000002,DRIVE_LANE,0,NONE,-4.9957,-4.9957,-X
14.4000,2.322596,-9.500172,-0.000002,DRIVE_LANE,0,NONE,-4.9957,-4.9957,-X
14.4160,2.314603,-9.500172,-0.000002,DRIVE_LANE,0,NONE,-4.9957,-4.9957,-X
14.4320,2.306610,-9.500172,-0.000002,DRIVE_LANE,0,NONE,-4.9957,-4.9957,-X
14.4480,2.298617,-9.500172,-0.000002,DRIVE_LANE,0,NONE,-4.9957,-4.9957,-X
14.4640,2.290624,-9.500172,-0.000002,DRIVE_LANE,0,NONE,-4.9957,-4.9957,-X
14.4800,2.282631,-9.500172,-0.000002,DRIVE_LANE,0,NONE,-4.9957,-4.9957,-X
14.4960,2.274637,-9.500172,-0.000002,DRIVE_LANE,0,NONE,-4.9957,-4.9957,-X
14.5120,2.266644,-9.500172,-0.000002,DRIVE_LANE,0,NONE,-4.9957,-4.9957,-X
14.5280,2.258651,-9.500172,-0.000002,DRIVE_LANE,0,NONE,-4.9957,-4.9957,-X
14.5440,2.250658,-9.500172,-0.000002,DRIVE_LANE,0,NONE,-4.9957,-4.9957,-X
14.5600,2.242665,-9.500172,-0.000002,DRIVE_LANE,0,NONE,-4.9957,-4.9957,-X
14.5760,2.234672,-9.500172,-0.000002,DRIVE_LANE,0,NONE,-4.9957,-4.9957,-X
14.5920,2.226679,-9.500172,-0.000002,DRIVE_LANE,0,NONE,-4.9957,-4.9957,-X
14.6080,2.218685,-9.500172,-0.000002,DRIVE_LANE,0,NONE,-4.9957,-4.9957,-X
14.6240,2.210692,-9.500172,-0.000002,DRIVE_LANE,0,NONE,-4.9957,-4.9957,-X
14.6400,2.202699,-9.500172,-0.000002,DRIVE_LANE,0,NONE,-4.9957,-4.9957,-X
14.6560,2.194706,-9.500172,-0.000002,DRIVE_LANE,0,NONE,-4.9957,-4.9957,-X
14.6720,2.186713,-9.500171,-0.000002,DRIVE_LANE,0,NONE,-4.9957,-4.9957,-X
14.6880,2.178720,-9.500171,-0.000002,DRIVE_LANE,0,NONE,-4.9957,-4.9957,-X
14.7040,2.170727,-9.500171,-0.000002,DRIVE_LANE,0,NONE,-4.9957,-4.9957,-X
14.7200,2.162734,-9.500171,-0.000002,DRIVE_LANE,0,NONE,-4.9957,-4.9957,-X
14.7360,2.154740,-9.500171,-0.000002,DRIVE_LANE,0,NONE,-4.9957,-4.9957,-X
14.7520,2.146747,-9.500171,-0.000002,DRIVE_LANE,0,NONE,-4.9957,-4.9957,-X
14.7680,2.138754,-9.500171,-0.000002,DRIVE_LANE,0,NONE,-4.9957,-4.9957,-X
14.7840,2.130761,-9.500171,-0.000002,DRIVE_LANE,0,NONE,-4.9957,-4.9957,-X
14.8000,2.122768,-9.500171,-0.000002,DRIVE_LANE,0,NONE,-4.9957,-4.9957,-X
14.8160,2.114775,-9.500171,-0.000002,DRIVE_LANE,0,NONE,-4.9957,-4.9957,-X
14.8320,2.106782,-9.500171,-0.000002,DRIVE_LANE,0,NONE,-4.9957,-4.9957,-X
14.8480,2.098788,-9.500171,-0.000002,DRIVE_LANE,0,NONE,-4.9957,-4.9957,-X
14.8640,2.090795,-9.500171,-0.000002,DRIVE_LANE,0,NONE,-4.9957,-4.9957,-X
14.8800,2.082802,-9.500171,-0.000002,DRIVE_LANE,0,NONE,-4.9957,-4.9957,-X
14.8960,2.074809,-9.500171,-0.000002,DRIVE_LANE,0,NONE,-4.9957,-4.9957,-X
14.9120,2.066816,-9.500171,-0.000002,DRIVE_LANE,0,NONE,-4.9957,-4.9957,-X
14.9280,2.058823,-9.500171,-0.000002,DRIVE_LANE,0,NONE,-4.9957,-4.9957,-X
14.9440,2.050830,-9.500171,-0.000002,DRIVE_LANE,0,NONE,-4.9957,-4.9957,-X
14.9600,2.042836,-9.500171,-0.000002,DRIVE_LANE,0,NONE,-4.9957,-4.9957,-X
14.9760,2.034843,-9.500171,-0.000002,DRIVE_LANE,0,NONE,-4.9957,-4.9957,-X
14.9920,2.026850,-9.500171,-0.000002,DRIVE_LANE,0,NONE,-4.9957,-4.9957,-X
15.0080,2.018857,-9.500171,-0.000002,DRIVE_LANE,0,NONE,-4.9957,-4.9957,-X
15.0240,2.010864,-9.500171,-0.000002,DRIVE_LANE,0,NONE,-4.9957,-4.9957,-X
15.0400,2.002871,-9.500171,-0.000002,DRIVE_LANE,0,NONE,-4.9957,-4.9957,-X
15.0560,1.994877,-9.500171,-0.000002,DRIVE_LANE,0,NONE,-4.9957,-4.9957,-X
15.0720,1.986884,-9.500171,-0.000002,DRIVE_LANE,0,NONE,-4.9957,-4.9957,-X
15.0880,1.978891,-9.500171,-0.000002,DRIVE_LANE,0,NONE,-4.9957,-4.9957,-X
15.1040,1.970898,-9.500171,-0.000002,DRIVE_LANE,0,NONE,-4.9957,-4.9957,-X
15.1200,1.962905,-9.500171,-0.000002,DRIVE_LANE,0,NONE,-4.9957,-4.9957,-X
15.1360,1.954912,-9.500171,-0.000002,DRIVE_LANE,0,NONE,-4.9957,-4.9957,-X
15.1520,1.946919,-9.500171,-0.000002,DRIVE_LANE,0,NONE,-4.9957,-4.9957,-X
15.1680,1.938925,-9.500171,-0.000002,DRIVE_LANE,0,NONE,-4.9957,-4.9957,-X
15.1840,1.930932,-9.500171,-0.000002,DRIVE_LANE,0,NONE,-4.9957,-4.9957,-X
15.2000,1.922939,-9.500171,-0.000002,DRIVE_LANE,0,NONE,-4.9957,-4.9957,-X
15.2160,1.914946,-9.500171,-0.000002,DRIVE_LANE,0,NONE,-4.9957,-4.9957,-X
15.2320,1.906953,-9.500171,-0.000002,DRIVE_LANE,0,NONE,-4.9957,-4.9957,-X
15.2480,1.898960,-9.500171,-0.000002,DRIVE_LANE,0,NONE,-4.9957,-4.9957,-X
15.2640,1.890966,-9.500171,-0.000002,DRIVE_LANE,0,NONE,-4.9957,-4.9957,-X
15.2800,1.882973,-9.500171,-0.000002,DRIVE_LANE,0,NONE,-4.9957,-4.9957,-X
15.2960,1.874980,-9.500171,-0.000002,DRIVE_LANE,0,NONE,-4.9957,-4.9957,-X
15.3120,1.866987,-9.500171,-0.000002,DRIVE_LANE,0,NONE,-4.9957,-4.9957,-X
15.3280,1.858994,-9.500171,-0.000002,DRIVE_LANE,0,NONE,-4.9957,-4.9957,-X
15.3440,1.851001,-9.500171,-0.000002,DRIVE_LANE,0,NONE,-4.9957,-4.9957,-X
15.3600,1.843007,-9.500171,-0.000002,DRIVE_LANE,0,NONE,-4.9957,-4.9957,-X
15.3760,1.835014,-9.500171,-0.000002,DRIVE_LANE,0,NONE,-4.9957,-4.9957,-X
15.3920,1.827021,-9.500171,-0.000002,DRIVE_LANE,0,NONE,-4.9957,-4.9957,-X
15.4080,1.819028,-9.500171,-0.000002,DRIVE_LANE,0,NONE,-4.9957,-4.9957,-X
15.4240,1.811035,-9.500171,-0.000002,DRIVE_LANE,0,NONE,-4.9957,-4.9957,-X
15.4400,1.803042,-9.500171,-0.000002,DRIVE_LANE,0,NONE,-4.9957,-4.9957,-X
15.4560,1.795048,-9.500171,-0.000002,DRIVE_LANE,0,NONE,-4.9957,-4.9957,-X
15.4720,1.787055,-9.500171,-0.000002,DRIVE_LANE,0,NONE,-4.9957,-4.9957,-X
15.4880,1.779062,-9.500171,-0.000002,DRIVE_LANE,0,NONE,-4.9957,-4.9957,-X
15.5040,1.771069,-9.500170,-0.000002,DRIVE_LANE,0,NONE,-4.9957,-4.9957,-X
15.5200,1.763076,-9.500170,-0.000002,DRIVE_LANE,0,NONE,-4.9957,-4.9957,-X
15.5360,1.755083,-9.500170,-0.000002,DRIVE_LANE,0,NONE,-4.9957,-4.9957,-X
15.5520,1.747089,-9.500170,-0.000002,DRIVE_LANE,0,NONE,-4.9957,-4.9957,-X
15.5680,1.739096,-9.500170,-0.000002,DRIVE_LANE,0,NONE,-4.9957,-4.9957,-X
15.5840,1.731103,-9.500170,-0.000002,DRIVE_LANE,0,NONE,-4.9957,-4.9957,-X
15.6000,1.723110,-9.500170,-0.000002,DRIVE_LANE,0,NONE,-4.9957,-4.9957,-X
15.6160,1.715117,-9.500170,-0.000002,DRIVE_LANE,0,NONE,-4.9957,-4.9957,-X
15.6320,1.707124,-9.500170,-0.000002,DRIVE_LANE,0,NONE,-4.9957,-4.9957,-X
15.6480,1.699130,-9.500170,-0.000002,DRIVE_LANE,0,NONE,-4.9957,-4.9957,-X
15.6640,1.691137,-9.500170,-0.000002,DRIVE_LANE,0,NONE,-4.9957,-4.9957,-X
15.6800,1.683144,-9.500170,-0.000002,DRIVE_LANE,0,NONE,-4.9957,-4.9957,-X
15.6960,1.675151,-9.500170,-0.000002,DRIVE_LANE,0,NONE,-4.9957,-4.9957,-X
15.7120,1.667158,-9.500170,-0.000002,DRIVE_LANE,0,NONE,-4.9957,-4.9957,-X
15.7280,1.659165,-9.500170,-0.000002,DRIVE_LANE,0,NONE,-4.9957,-4.9957,-X
15.7440,1.651171,-9.500170,-0.000002,DRIVE_LANE,0,NONE,-4.9957,-4.9957,-X
15.7600,1.643178,-9.500170,-0.000002,DRIVE_LANE,0,NONE,-4.9957,-4.9957,-X
15.7760,1.635185,-9.500170,-0.000002,DRIVE_LANE,0,NONE,-4.9957,-4.9957,-X
15.7920,1.627192,-9.500170,-0.000002,DRIVE_LANE,0,NONE,-4.9957,-4.9957,-X
15.8080,1.619199,-9.500170,-0.000002,DRIVE_LANE,0,NONE,-4.9957,-4.9957,-X
15.8240,1.611205,-9.500170,-0.000002,DRIVE_LANE,0,NONE,-4.9957,-4.9957,-X
15.8400,1.603212,-9.500170,-0.000002,DRIVE_LANE,0,NONE,-4.9957,-4.9957,-X
15.8560,1.595219,-9.500170,-0.000002,DRIVE_LANE,0,NONE,-4.9957,-4.9957,-X
15.8720,1.587226,-9.500170,-0.000002,DRIVE_LANE,0,NONE,-4.9957,-4.9957,-X
15.8880,1.579233,-9.500170,-0.000002,DRIVE_LANE,0,NONE,-4.9957,-4.9957,-X
15.9040,1.571240,-9.500170,-0.000002,DRIVE_LANE,0,NONE,-4.9957,-4.9957,-X
15.9200,1.563246,-9.500170,-0.000002,DRIVE_LANE,0,NONE,-4.9957,-4.9957,-X
15.9360,1.555253,-9.500170,-0.000002,DRIVE_LANE,0,NONE,-4.9957,-4.9957,-X
15.9520,1.547260,-9.500170,-0.000002,DRIVE_LANE,0,NONE,-4.9957,-4.9957,-X
15.9680,1.539267,-9.500170,-0.000002,DRIVE_LANE,0,NONE,-4.9957,-4.9957,-X
15.9840,1.531274,-9.500170,-0.000002,DRIVE_LANE,0,NONE,-4.9957,-4.9957,-X
16.0000,1.523280,-9.500170,-0.000002,DRIVE_LANE,0,NONE,-4.9957,-4.9957,-X
16.0160,1.515287,-9.500170,-0.000002,DRIVE_LANE,0,NONE,-4.9957,-4.9957,-X
16.0320,1.507294,-9.500170,-0.000002,DRIVE_LANE,0,NONE,-4.9957,-4.9957,-X
16.0480,1.499301,-9.500170,-0.000002,DRIVE_LANE,0,NONE,-4.9957,-4.9957,-X
16.0640,1.491308,-9.500170,-0.000002,DRIVE_LANE,0,NONE,-4.9957,-4.9957,-X
16.0800,1.483314,-9.500170,-0.000002,DRIVE_LANE,0,NONE,-4.9957,-4.9957,-X
16.0960,1.475321,-9.500170,-0.000002,DRIVE_LANE,0,NONE,-4.9957,-4.9957,-X
16.1120,1.467328,-9.500170,-0.000002,DRIVE_LANE,0,NONE,-4.9957,-4.9957,-X
16.1280,1.459335,-9.500170,-0.000002,DRIVE_LANE,0,NONE,-4.9957,-4.9957,-X
16.1440,1.451342,-9.500170,-0.000002,DRIVE_LANE,0,NONE,-4.9957,-4.9957,-X
16.1600,1.443348,-9.500170,-0.000002,DRIVE_LANE,0,NONE,-4.9957,-4.9957,-X
16.1760,1.435355,-9.500170,-0.000002,DRIVE_LANE,0,NONE,-4.9957,-4.9957,-X
16.1920,1.427362,-9.500170,-0.000002,DRIVE_LANE,0,NONE,-4.9957,-4.9957,-X
16.2080,1.419369,-9.500170,-0.000002,DRIVE_LANE,0,NONE,-4.9957,-4.9957,-X
16.2240,1.411376,-9.500170,-0.000002,DRIVE_LANE,0,NONE,-4.9957,-4.9957,-X
16.2400,1.403383,-9.500170,-0.000002,DRIVE_LANE,0,NONE,-4.9957,-4.9957,-X
16.2560,1.395389,-9.500170,-0.000002,DRIVE_LANE,0,NONE,-4.9958,-4.9958,-X
16.2720,1.387396,-9.500170,-0.000002,DRIVE_LANE,0,NONE,-4.9958,-4.9958,-X
16.2880,1.379403,-9.500170,-0.000002,DRIVE_LANE,0,NONE,-4.9958,-4.9958,-X
16.3040,1.371410,-9.500170,-0.000002,DRIVE_LANE,0,NONE,-4.9958,-4.9958,-X
16.3200,1.363416,-9.500169,-0.000002,DRIVE_LANE,0,NONE,-4.9958,-4.9958,-X
16.3360,1.355423,-9.500169,-0.000002,DRIVE_LANE,0,NONE,-4.9958,-4.9958,-X
16.3520,1.347430,-9.500169,-0.000002,DRIVE_LANE,0,NONE,-4.9958,-4.9958,-X
16.3680,1.339437,-9.500169,-0.000002,DRIVE_LANE,0,NONE,-4.9958,-4.9958,-X
16.3840,1.331444,-9.500169,-0.000002,DRIVE_LANE,0,NONE,-4.9958,-4.9958,-X
16.4000,1.323450,-9.500169,-0.000002,DRIVE_LANE,0,NONE,-4.9958,-4.9958,-X
16.4160,1.315457,-9.500169,-0.000002,DRIVE_LANE,0,NONE,-4.9958,-4.9958,-X
16.4320,1.307464,-9.500169,-0.000002,DRIVE_LANE,0,NONE,-4.9958,-4.9958,-X
16.4480,1.299471,-9.500169,-0.000002,DRIVE_LANE,0,NONE,-4.9958,-4.9958,-X
16.4640,1.291478,-9.500169,-0.000002,DRIVE_LANE,0,NONE,-4.9958,-4.9958,-X
16.4800,1.283484,-9.500169,-0.000002,DRIVE_LANE,0,NONE,-4.9958,-4.9958,-X
16.4960,1.275491,-9.500169,-0.000002,DRIVE_LANE,0,NONE,-4.9958,-4.9958,-X
16.5120,1.267498,-9.500169,-0.000002,DRIVE_LANE,0,NONE,-4.9958,-4.9958,-X
16.5280,1.259505,-9.500169,-0.000002,DRIVE_LANE,0,NONE,-4.9958,-4.9958,-X
16.5440,1.251512,-9.500169,-0.000002,DRIVE_LANE,0,NONE,-4.9958,-4.9958,-X
16.5600,1.243518,-9.500169,-0.000002,DRIVE_LANE,0,NONE,-4.9958,-4.9958,-X
16.5760,1.235525,-9.500169,-0.000002,DRIVE_LANE,0,NONE,-4.9958,-4.9958,-X
16.5920,1.227532,-9.500169,-0.000002,DRIVE_LANE,0,NONE,-4.9958,-4.9958,-X
16.6080,1.219539,-9.500169,-0.000002,DRIVE_LANE,0,NONE,-4.9958,-4.9958,-X
16.6240,1.211546,-9.500169,-0.000002,DRIVE_LANE,0,NONE,-4.9958,-4.9958,-X
16.6400,1.203552,-9.500169,-0.000002,DRIVE_LANE,0,NONE,-4.9958,-4.9958,-X
16.6560,1.195559,-9.500169,-0.000002,DRIVE_LANE,0,NONE,-4.9958,-4.9958,-X
16.6720,1.187566,-9.500169,-0.000002,DRIVE_LANE,0,NONE,-4.9958,-4.9958,-X
16.6880,1.179573,-9.500169,-0.000002,DRIVE_LANE,0,NONE,-4.9958,-4.9958,-X
16.7040,1.171579,-9.500169,-0.000002,DRIVE_LANE,0,NONE,-4.9958,-4.9958,-X
16.7200,1.163586,-9.500169,-0.000002,DRIVE_LANE,0,NONE,-4.9958,-4.9958,-X
16.7360,1.155593,-9.500169,-0.000002,DRIVE_LANE,0,NONE,-4.9958,-4.9958,-X
16.7520,1.147600,-9.500169,-0.000002,DRIVE_LANE,0,NONE,-4.9958,-4.9958,-X
16.7680,1.139607,-9.500169,-0.000002,DRIVE_LANE,0,NONE,-4.9958,-4.9958,-X
16.7840,1.131613,-9.500169,-0.000002,DRIVE_LANE,0,NONE,-4.9958,-4.9958,-X
16.8000,1.123620,-9.500169,-0.000002,DRIVE_LANE,0,NONE,-4.9958,-4.9958,-X
16.8160,1.115627,-9.500169,-0.000002,DRIVE_LANE,0,NONE,-4.9958,-4.9958,-X
16.8320,1.107634,-9.500169,-0.000002,DRIVE_LANE,0,NONE,-4.9958,-4.9958,-X
16.8480,1.099640,-9.500169,-0.000002,DRIVE_LANE,0,NONE,-4.9958,-4.9958,-X
16.8640,1.091647,-9.500169,-0.000002,DRIVE_LANE,0,NONE,-4.9958,-4.9958,-X
16.8800,1.083654,-9.500169,-0.000002,DRIVE_LANE,0,NONE,-4.9958,-4.9958,-X
16.8960,1.075661,-9.500169,-0.000002,DRIVE_LANE,0,NONE,-4.9958,-4.9958,-X
16.9120,1.067668,-9.500169,-0.000002,DRIVE_LANE,0,NONE,-4.9958,-4.9958,-X
16.9280,1.059674,-9.500169,-0.000002,DRIVE_LANE,0,NONE,-4.9958,-4.9958,-X
16.9440,1.051681,-9.500169,-0.000002,DRIVE_LANE,0,NONE,-4.9958,-4.9958,-X
16.9600,1.043688,-9.500169,-0.000002,DRIVE_LANE,0,NONE,-4.9958,-4.9958,-X
16.9760,1.035695,-9.500169,-0.000002,DRIVE_LANE,0,NONE,-4.9958,-4.9958,-X
16.9920,1.027701,-9.500169,-0.000002,DRIVE_LANE,0,NONE,-4.9958,-4.9958,-X
17.0080,1.019708,-9.500169,-0.000002,DRIVE_LANE,0,NONE,-4.9958,-4.9958,-X
17.0240,1.011715,-9.500169,-0.000002,DRIVE_LANE,0,NONE,-4.9958,-4.9958,-X
17.0400,1.003722,-9.500169,-0.000002,DRIVE_LANE,0,NONE,-4.9958,-4.9958,-X
17.0560,0.995728,-9.500169,-0.000002,DRIVE_LANE,0,NONE,-4.9958,-4.9958,-X
17.0720,0.987735,-9.500169,-0.000002,DRIVE_LANE,0,NONE,-4.9958,-4.9958,-X
17.0880,0.979742,-9.500169,-0.000002,DRIVE_LANE,0,NONE,-4.9958,-4.9958,-X
17.1040,0.971749,-9.500169,-0.000002,DRIVE_LANE,0,NONE,-4.9958,-4.9958,-X
17.1200,0.963756,-9.500169,-0.000002,DRIVE_LANE,0,NONE,-4.9958,-4.9958,-X
17.1360,0.955762,-9.500169,-0.000002,DRIVE_LANE,0,NONE,-4.9958,-4.9958,-X
17.1520,0.947769,-9.500168,-0.000002,DRIVE_LANE,0,NONE,-4.9958,-4.9958,-X
17.1680,0.939776,-9.500168,-0.000002,DRIVE_LANE,0,NONE,-4.9958,-4.9958,-X
17.1840,0.931783,-9.500168,-0.000002,DRIVE_LANE,0,NONE,-4.9958,-4.9958,-X
17.2000,0.923789,-9.500168,-0.000002,DRIVE_LANE,0,NONE,-4.9958,-4.9958,-X
17.2160,0.915796,-9.500168,-0.000002,DRIVE_LANE,0,NONE,-4.9958,-4.9958,-X
17.2320,0.907803,-9.500168,-0.000002,DRIVE_LANE,0,NONE,-4.9958,-4.9958,-X
17.2480,0.899810,-9.500168,-0.000002,DRIVE_LANE,0,NONE,-4.9958,-4.9958,-X
17.2640,0.891816,-9.500168,-0.000002,DRIVE_LANE,0,NONE,-4.9958,-4.9958,-X
17.2800,0.883823,-9.500168,-0.000002,DRIVE_LANE,0,NONE,-4.9958,-4.9958,-X
17.2960,0.875830,-9.500168,-0.000002,DRIVE_LANE,0,NONE,-4.9958,-4.9958,-X
17.3120,0.867837,-9.500168,-0.000002,DRIVE_LANE,0,NONE,-4.9958,-4.9958,-X
17.3280,0.859843,-9.500168,-0.000002,DRIVE_LANE,0,NONE,-4.9958,-4.9958,-X
17.3440,0.851850,-9.500168,-0.000002,DRIVE_LANE,0,NONE,-4.9958,-4.9958,-X
17.3600,0.843857,-9.500168,-0.000002,DRIVE_LANE,0,NONE,-4.9958,-4.9958,-X
17.3760,0.835864,-9.500168,-0.000002,DRIVE_LANE,0,NONE,-4.9958,-4.9958,-X
17.3920,0.827870,-9.500168,-0.000002,DRIVE_LANE,0,NONE,-4.9958,-4.9958,-X
17.4080,0.819877,-9.500168,-0.000002,DRIVE_LANE,0,NONE,-4.9958,-4.9958,-X
17.4240,0.811884,-9.500168,-0.000002,DRIVE_LANE,0,NONE,-4.9958,-4.9958,-X
17.4400,0.803891,-9.500168,-0.000002,DRIVE_LANE,0,NONE,-4.9958,-4.9958,-X
17.4560,0.795898,-9.500168,-0.000002,DRIVE_LANE,0,NONE,-4.9958,-4.9958,-X
17.4720,0.787904,-9.500168,-0.000002,DRIVE_LANE,0,NONE,-4.9958,-4.9958,-X
17.4880,0.779911,-9.500168,-0.000002,DRIVE_LANE,0,NONE,-4.9958,-4.9958,-X
17.5040,0.771918,-9.500168,-0.000002,DRIVE_LANE,0,NONE,-4.9958,-4.9958,-X
17.5200,0.763925,-9.500168,-0.000002,DRIVE_LANE,0,NONE,-4.9958,-4.9958,-X
17.5360,0.755931,-9.500168,-0.000002,DRIVE_LANE,0,NONE,-4.9958,-4.9958,-X
17.5520,0.747938,-9.500168,-0.000002,DRIVE_LANE,0,NONE,-4.9958,-4.9958,-X
17.5680,0.739945,-9.500168,-0.000002,DRIVE_LANE,0,NONE,-4.9958,-4.9958,-X
17.5840,0.731952,-9.500168,-0.000002,DRIVE_LANE,0,NONE,-4.9958,-4.9958,-X
17.6000,0.723958,-9.500168,-0.000002,DRIVE_LANE,0,NONE,-4.9958,-4.9958,-X
17.6160,0.715965,-9.500168,-0.000002,DRIVE_LANE,0,NONE,-4.9958,-4.9958,-X
17.6320,0.707972,-9.500168,-0.000002,DRIVE_LANE,0,NONE,-4.9958,-4.9958,-X
17.6480,0.699978,-9.500168,-0.000002,DRIVE_LANE,0,NONE,-4.9958,-4.9958,-X
17.6640,0.691985,-9.500168,-0.000002,DRIVE_LANE,0,NONE,-4.9958,-4.9958,-X
17.6800,0.683992,-9.500168,-0.000002,DRIVE_LANE,0,NONE,-4.9958,-4.9958,-X
17.6960,0.675999,-9.500168,-0.000002,DRIVE_LANE,0,NONE,-4.9958,-4.9958,-X
17.7120,0.668005,-9.500168,-0.000002,DRIVE_LANE,0,NONE,-4.9958,-4.9958,-X
17.7280,0.660012,-9.500168,-0.000002,DRIVE_LANE,0,NONE,-4.9958,-4.9958,-X
17.7440,0.652019,-9.500168,-0.000002,DRIVE_LANE,0,NONE,-4.9958,-4.9958,-X
17.7600,0.644026,-9.500168,-0.000002,DRIVE_LANE,0,NONE,-4.9958,-4.9958,-X
17.7760,0.636032,-9.500168,-0.000002,DRIVE_LANE,0,NONE,-4.9958,-4.9958,-X
17.7920,0.628039,-9.500168,-0.000002,DRIVE_LANE,0,NONE,-4.9958,-4.9958,-X
17.8080,0.620046,-9.500168,-0.000002,DRIVE_LANE,0,NONE,-4.9958,-4.9958,-X
17.8240,0.612053,-9.500168,-0.000002,DRIVE_LANE,0,NONE,-4.9958,-4.9958,-X
17.8400,0.604059,-9.500168,-0.000002,DRIVE_LANE,0,NONE,-4.9958,-4.9958,-X
17.8560,0.596066,-9.500168,-0.000002,DRIVE_LANE,0,NONE,-4.9958,-4.9958,-X
17.8720,0.588073,-9.500168,-0.000002,DRIVE_LANE,0,NONE,-4.9958,-4.9958,-X
17.8880,0.580080,-9.500168,-0.000002,DRIVE_LANE,0,NONE,-4.9958,-4.9958,-X
17.9040,0.572086,-9.500168,-0.000002,DRIVE_LANE,0,NONE,-4.9958,-4.9958,-X
17.9200,0.564093,-9.500168,-0.000002,DRIVE_LANE,0,NONE,-4.9958,-4.9958,-X
17.9360,0.556100,-9.500168,-0.000002,DRIVE_LANE,0,NONE,-4.9958,-4.9958,-X
17.9520,0.548106,-9.500168,-0.000002,DRIVE_LANE,0,NONE,-4.9958,-4.9958,-X
17.9680,0.540113,-9.500167,-0.000002,DRIVE_LANE,0,NONE,-4.9958,-4.9958,-X
17.9840,0.532120,-9.500167,-0.000002,DRIVE_LANE,0,NONE,-4.9958,-4.9958,-X
18.0000,0.524127,-9.500167,-0.000002,DRIVE_LANE,0,NONE,-4.9958,-4.9958,-X
18.0160,0.516133,-9.500167,-0.000002,DRIVE_LANE,0,NONE,-4.9958,-4.9958,-X
18.0320,0.508140,-9.500167,-0.000002,DRIVE_LANE,0,NONE,-4.9958,-4.9958,-X
18.0480,0.500147,-9.500167,-0.000002,DRIVE_LANE,0,NONE,-4.9958,-4.9958,-X
18.0640,0.492154,-9.500167,-0.000002,DRIVE_LANE,0,NONE,-4.9958,-4.9958,-X
18.0800,0.484160,-9.500167,-0.000002,DRIVE_LANE,0,NONE,-4.9958,-4.9958,-X
18.0960,0.476167,-9.500167,-0.000002,DRIVE_LANE,0,NONE,-4.9958,-4.9958,-X
18.1120,0.468174,-9.500167,-0.000002,DRIVE_LANE,0,NONE,-4.9958,-4.9958,-X
18.1280,0.460181,-9.500167,-0.000002,DRIVE_LANE,0,NONE,-4.9958,-4.9958,-X
18.1440,0.452187,-9.500167,-0.000002,DRIVE_LANE,0,NONE,-4.9958,-4.9958,-X
18.1600,0.444194,-9.500167,-0.000002,DRIVE_LANE,0,NONE,-4.9958,-4.9958,-X
18.1760,0.436201,-9.500167,-0.000002,DRIVE_LANE,0,NONE,-4.9958,-4.9958,-X
18.1920,0.428207,-9.500167,-0.000002,DRIVE_LANE,0,NONE,-4.9958,-4.9958,-X
18.2080,0.420214,-9.500167,-0.000002,DRIVE_LANE,0,NONE,-4.9958,-4.9958,-X
18.2240,0.412221,-9.500167,-0.000002,DRIVE_LANE,0,NONE,-4.9958,-4.9958,-X
18.2400,0.404228,-9.500167,-0.000002,DRIVE_LANE,0,NONE,-4.9958,-4.9958,-X
18.2560,0.396234,-9.500167,-0.000002,DRIVE_LANE,0,NONE,-4.9958,-4.9958,-X
18.2720,0.388241,-9.500167,-0.000002,DRIVE_LANE,0,NONE,-4.9958,-4.9958,-X
18.2880,0.380248,-9.500167,-0.000002,DRIVE_LANE,0,NONE,-4.9958,-4.9958,-X
18.3040,0.372254,-9.500167,-0.000002,DRIVE_LANE,0,NONE,-4.9958,-4.9958,-X
18.3200,0.364261,-9.500167,-0.000002,DRIVE_LANE,0,NONE,-4.9958,-4.9958,-X
18.3360,0.356268,-9.500167,-0.000002,DRIVE_LANE,0,NONE,-4.9958,-4.9958,-X
18.3520,0.348275,-9.500167,-0.000002,DRIVE_LANE,0,NONE,-4.9958,-4.9958,-X
18.3680,0.340281,-9.500167,-0.000002,DRIVE_LANE,0,NONE,-4.9958,-4.9958,-X
18.3840,0.332288,-9.500167,-0.000002,DRIVE_LANE,0,NONE,-4.9958,-4.9958,-X
18.4000,0.324295,-9.500167,-0.000002,DRIVE_LANE,0,NONE,-4.9958,-4.9958,-X
18.4160,0.316301,-9.500167,-0.000002,DRIVE_LANE,0,NONE,-4.9958,-4.9958,-X
18.4320,0.308308,-9.500167,-0.000002,DRIVE_LANE,0,NONE,-4.9958,-4.9958,-X
18.4480,0.300315,-9.500167,-0.000002,DRIVE_LANE,0,NONE,-4.9958,-4.9958,-X
18.4640,0.292322,-9.500167,-0.000002,DRIVE_LANE,0,NONE,-4.9958,-4.9958,-X
18.4800,0.284328,-9.500167,-0.000002,DRIVE_LANE,0,NONE,-4.9958,-4.9958,-X
18.4960,0.276335,-9.500167,-0.000002,DRIVE_LANE,0,NONE,-4.9958,-4.9958,-X
18.5120,0.268342,-9.500167,-0.000002,DRIVE_LANE,0,NONE,-4.9958,-4.9958,-X
18.5280,0.260348,-9.500167,-0.000002,DRIVE_LANE,0,NONE,-4.9958,-4.9958,-X
18.5440,0.252355,-9.500167,-0.000002,DRIVE_LANE,0,NONE,-4.9958,-4.9958,-X
18.5600,0.244362,-9.500167,-0.000002,DRIVE_LANE,0,NONE,-4.9958,-4.9958,-X
18.5760,0.236369,-9.500167,-0.000002,DRIVE_LANE,0,NONE,-4.9958,-4.9958,-X
18.5920,0.228375,-9.500167,-0.000002,DRIVE_LANE,0,NONE,-4.9958,-4.9958,-X
18.6080,0.220382,-9.500167,-0.000002,DRIVE_LANE,0,NONE,-4.9958,-4.9958,-X
18.6240,0.212389,-9.500167,-0.000002,DRIVE_LANE,0,NONE,-4.9958,-4.9958,-X
18.6400,0.204395,-9.500167,-0.000002,DRIVE_LANE,0,NONE,-4.9958,-4.9958,-X
18.6560,0.196402,-9.500167,-0.000002,DRIVE_LANE,0,NONE,-4.9958,-4.9958,-X
18.6720,0.188409,-9.500167,-0.000002,DRIVE_LANE,0,NONE,-4.9958,-4.9958,-X
18.6880,0.180416,-9.500167,-0.000002,DRIVE_LANE,0,NONE,-4.9958,-4.9958,-X
18.7040,0.172422,-9.500167,-0.000002,DRIVE_LANE,0,NONE,-4.9958,-4.9958,-X
18.7200,0.164429,-9.500167,-0.000002,DRIVE_LANE,0,NONE,-4.9958,-4.9958,-X
18.7360,0.156436,-9.500167,-0.000002,DRIVE_LANE,0,NONE,-4.9958,-4.9958,-X
18.7520,0.148442,-9.500167,-0.000002,DRIVE_LANE,0,NONE,-4.9958,-4.9958,-X
18.7680,0.140449,-9.500167,-0.000002,DRIVE_LANE,0,NONE,-4.9958,-4.9958,-X
18.7840,0.132456,-9.500167,-0.000002,DRIVE_LANE,0,NONE,-4.9958,-4.9958,-X
18.8000,0.124462,-9.500166,-0.000002,DRIVE_LANE,0,NONE,-4.9958,-4.9958,-X
18.8160,0.116469,-9.500166,-0.000002,DRIVE_LANE,0,NONE,-4.9958,-4.9958,-X
18.8320,0.108476,-9.500166,-0.000002,DRIVE_LANE,0,NONE,-4.9958,-4.9958,-X
18.8480,0.100483,-9.500166,-0.000002,DRIVE_LANE,0,NONE,-4.9958,-4.9958,-X
18.8640,0.092489,-9.500166,-0.000002,DRIVE_LANE,0,NONE,-4.9958,-4.9958,-X
18.8800,0.084496,-9.500166,-0.000002,DRIVE_LANE,0,NONE,-4.9958,-4.9958,-X
18.8960,0.076503,-9.500166,-0.000002,DRIVE_LANE,0,NONE,-4.9958,-4.9958,-X
18.9120,0.068509,-9.500166,-0.000002,DRIVE_LANE,0,NONE,-4.9958,-4.9958,-X
18.9280,0.060516,-9.500166,-0.000002,DRIVE_LANE,0,NONE,-4.9958,-4.9958,-X
18.9440,0.052523,-9.500166,-0.000002,DRIVE_LANE,0,NONE,-4.9958,-4.9958,-X
18.9600,0.044529,-9.500166,-0.000002,DRIVE_LANE,0,NONE,-4.9958,-4.9958,-X
18.9760,0.036536,-9.500166,-0.000002,DRIVE_LANE,0,NONE,-4.9958,-4.9958,-X
18.9920,0.028543,-9.500166,-0.000002,DRIVE_LANE,0,NONE,-4.9958,-4.9958,-X
19.0080,0.020549,-9.500166,-0.000002,DRIVE_LANE,0,NONE,-4.9958,-4.9958,-X
19.0240,0.012556,-9.500166,-0.000002,DRIVE_LANE,0,NONE,-4.9958,-4.9958,-X
19.0400,0.004563,-9.500166,-0.000002,DRIVE_LANE,0,NONE,-4.9958,-4.9958,-X
19.0560,-0.003431,-9.500166,-0.000002,DRIVE_LANE,0,NONE,-4.9958,-4.9958,-X
19.0720,-0.011424,-9.500166,-0.000002,DRIVE_LANE,0,NONE,-4.9958,-4.9958,-X
19.0880,-0.019417,-9.500166,-0.000002,DRIVE_LANE,0,NONE,-4.9958,-4.9958,-X
19.1040,-0.027410,-9.500166,-0.000002,DRIVE_LANE,0,NONE,-4.9958,-4.9958,-X
19.1200,-0.035404,-9.500166,-0.000002,DRIVE_LANE,0,NONE,-4.9958,-4.9958,-X
19.1360,-0.043397,-9.500166,-0.000002,DRIVE_LANE,0,NONE,-4.9958,-4.9958,-X
19.1520,-0.051390,-9.500166,-0.000002,DRIVE_LANE,0,NONE,-4.9958,-4.9958,-X
19.1680,-0.059384,-9.500166,-0.000002,DRIVE_LANE,0,NONE,-4.9958,-4.9958,-X
19.1840,-0.067377,-9.500166,-0.000002,DRIVE_LANE,0,NONE,-4.9958,-4.9958,-X
19.2000,-0.075370,-9.500166,-0.000002,DRIVE_LANE,0,NONE,-4.9958,-4.9958,-X
19.2160,-0.083364,-9.500166,-0.000002,DRIVE_LANE,0,NONE,-4.9958,-4.9958,-X
19.2320,-0.091357,-9.500166,-0.000002,DRIVE_LANE,0,NONE,-4.9958,-4.9958,-X
19.2480,-0.099350,-9.500166,-0.000002,DRIVE_LANE,0,NONE,-4.9958,-4.9958,-X
19.2640,-0.107344,-9.500166,-0.000002,DRIVE_LANE,0,NONE,-4.9958,-4.9958,-X
19.2800,-0.115337,-9.500166,-0.000002,DRIVE_LANE,0,NONE,-4.9958,-4.9958,-X
19.2960,-0.123330,-9.500166,-0.000002,DRIVE_LANE,0,NONE,-4.9958,-4.9958,-X
19.3120,-0.131324,-9.500166,-0.000002,DRIVE_LANE,0,NONE,-4.9958,-4.9958,-X
19.3280,-0.139317,-9.500166,-0.000002,DRIVE_LANE,0,NONE,-4.9958,-4.9958,-X
19.3440,-0.147310,-9.500166,-0.000002,DRIVE_LANE,0,NONE,-4.9958,-4.9958,-X
19.3600,-0.155304,-9.500166,-0.000002,DRIVE_LANE,0,NONE,-4.9958,-4.9958,-X
19.3760,-0.163297,-9.500166,-0.000002,DRIVE_LANE,0,NONE,-4.9958,-4.9958,-X
19.3920,-0.171290,-9.500166,-0.000002,DRIVE_LANE,0,NONE,-4.9958,-4.9958,-X
19.4080,-0.179284,-9.500166,-0.000002,DRIVE_LANE,0,NONE,-4.9958,-4.9958,-X
19.4240,-0.187277,-9.500166,-0.000002,DRIVE_LANE,0,NONE,-4.9958,-4.9958,-X
19.4400,-0.195270,-9.500166,-0.000002,DRIVE_LANE,0,NONE,-4.9958,-4.9958,-X
19.4560,-0.203264,-9.500166,-0.000002,DRIVE_LANE,0,NONE,-4.9958,-4.9958,-X
19.4720,-0.211257,-9.500166,-0.000002,DRIVE_LANE,0,NONE,-4.9958,-4.9958,-X
19.4880,-0.219250,-9.500166,-0.000002,DRIVE_LANE,0,NONE,-4.9958,-4.9958,-X
19.5040,-0.227244,-9.500166,-0.000002,DRIVE_LANE,0,NONE,-4.9958,-4.9958,-X
19.5200,-0.235237,-9.500166,-0.000002,DRIVE_LANE,0,NONE,-4.9958,-4.9958,-X
19.5360,-0.243230,-9.500166,-0.000002,DRIVE_LANE,0,NONE,-4.9958,-4.9958,-X
19.5520,-0.251223,-9.500166,-0.000002,DRIVE_LANE,0,NONE,-4.9958,-4.9958,-X
19.5680,-0.259217,-9.500166,-0.000002,DRIVE_LANE,0,NONE,-4.9958,-4.9958,-X
19.5840,-0.267210,-9.500166,-0.000002,DRIVE_LANE,0,NONE,-4.9958,-4.9958,-X
19.6000,-0.275203,-9.500166,-0.000002,DRIVE_LANE,0,NONE,-4.9958,-4.9958,-X
19.6160,-0.283197,-9.500166,-0.000002,DRIVE_LANE,0,NONE,-4.9958,-4.9958,-X
19.6320,-0.291190,-9.500165,-0.000002,DRIVE_LANE,0,NONE,-4.9958,-4.9958,-X
19.6480,-0.299183,-9.500165,-0.000002,DRIVE_LANE,0,NONE,-4.9958,-4.9958,-X
19.6640,-0.307177,-9.500165,-0.000002,DRIVE_LANE,0,NONE,-4.9958,-4.9958,-X
19.6800,-0.315170,-9.500165,-0.000002,DRIVE_LANE,0,NONE,-4.9958,-4.9958,-X
19.6960,-0.323164,-9.500165,-0.000002,DRIVE_LANE,0,NONE,-4.9958,-4.9958,-X
19.7120,-0.331157,-9.500165,-0.000002,DRIVE_LANE,0,NONE,-4.9958,-4.9958,-X
19.7280,-0.339150,-9.500165,-0.000002,DRIVE_LANE,0,NONE,-4.9958,-4.9958,-X
19.7440,-0.347144,-9.500165,-0.000002,DRIVE_LANE,0,NONE,-4.9958,-4.9958,-X
19.7600,-0.355137,-9.500165,-0.000002,DRIVE_LANE,0,NONE,-4.9958,-4.9958,-X
19.7760,-0.363130,-9.500165,-0.000002,DRIVE_LANE,0,NONE,-4.9958,-4.9958,-X
19.7920,-0.371124,-9.500165,-0.000002,DRIVE_LANE,0,NONE,-4.9958,-4.9958,-X
19.8080,-0.379117,-9.500165,-0.000002,DRIVE_LANE,0,NONE,-4.9958,-4.9958,-X
19.8240,-0.387110,-9.500165,-0.000002,DRIVE_LANE,0,NONE,-4.9958,-4.9958,-X
19.8400,-0.395104,-9.500165,-0.000002,DRIVE_LANE,0,NONE,-4.9958,-4.9958,-X
19.8560,-0.403097,-9.500165,-0.000002,DRIVE_LANE,0,NONE,-4.9958,-4.9958,-X
19.8720,-0.411090,-9.500165,-0.000002,DRIVE_LANE,0,NONE,-4.9958,-4.9958,-X
19.8880,-0.419084,-9.500165,-0.000002,DRIVE_LANE,0,NONE,-4.9958,-4.9958,-X
19.9040,-0.427077,-9.500165,-0.000002,DRIVE_LANE,0,NONE,-4.9958,-4.9958,-X
19.9200,-0.435070,-9.500165,-0.000002,DRIVE_LANE,0,NONE,-4.9958,-4.9958,-X
19.9360,-0.443064,-9.500165,-0.000002,DRIVE_LANE,0,NONE,-4.9958,-4.9958,-X
19.9520,-0.451057,-9.500165,-0.000002,DRIVE_LANE,0,NONE,-4.9958,-4.9958,-X
19.9680,-0.459050,-9.500165,-0.000002,DRIVE_LANE,0,NONE,-4.9958,-4.9958,-X
19.9840,-0.467044,-9.500165,-0.000002,DRIVE_LANE,0,NONE,-4.9958,-4.9958,-X
20.0000,-0.475037,-9.500165,-0.000002,DRIVE_LANE,0,NONE,-4.9958,-4.9958,-X
20.0160,-0.483030,-9.500165,-0.000002,DRIVE_LANE,0,NONE,-4.9958,-4.9958,-X
20.0320,-0.491024,-9.500165,-0.000002,DRIVE_LANE,0,NONE,-4.9958,-4.9958,-X
20.0480,-0.499017,-9.500165,-0.000002,DRIVE_LANE,0,NONE,-4.9958,-4.9958,-X
20.0640,-0.507010,-9.500165,-0.000002,DRIVE_LANE,0,NONE,-4.9958,-4.9958,-X
20.0800,-0.515004,-9.500165,-0.000002,DRIVE_LANE,0,NONE,-4.9958,-4.9958,-X
20.0960,-0.522997,-9.500165,-0.000002,DRIVE_LANE,0,NONE,-4.9958,-4.9958,-X
20.1120,-0.530990,-9.500165,-0.000002,DRIVE_LANE,0,NONE,-4.9958,-4.9958,-X
20.1280,-0.538984,-9.500165,-0.000002,DRIVE_LANE,0,NONE,-4.9958,-4.9958,-X
20.1440,-0.546977,-9.500165,-0.000002,DRIVE_LANE,0,NONE,-4.9958,-4.9958,-X
20.1600,-0.554971,-9.500165,-0.000002,DRIVE_LANE,0,NONE,-4.9958,-4.9958,-X
20.1760,-0.562964,-9.500165,-0.000002,DRIVE_LANE,0,NONE,-4.9958,-4.9958,-X
20.1920,-0.570957,-9.500165,-0.000002,DRIVE_LANE,0,NONE,-4.9958,-4.9958,-X
20.2080,-0.578951,-9.500165,-0.000002,DRIVE_LANE,0,NONE,-4.9958,-4.9958,-X
20.2240,-0.586944,-9.500165,-0.000002,DRIVE_LANE,0,NONE,-4.9958,-4.9958,-X
20.2400,-0.594937,-9.500165,-0.000002,DRIVE_LANE,0,NONE,-4.9959,-4.9959,-X
20.2560,-0.602931,-9.500165,-0.000002,DRIVE_LANE,0,NONE,-4.9959,-4.9959,-X
20.2720,-0.610924,-9.500165,-0.000002,DRIVE_LANE,0,NONE,-4.9959,-4.9959,-X
20.2880,-0.618917,-9.500165,-0.000002,DRIVE_LANE,0,NONE,-4.9959,-4.9959,-X
20.3040,-0.626911,-9.500165,-0.000002,DRIVE_LANE,0,NONE,-4.9959,-4.9959,-X
20.3200,-0.634904,-9.500165,-0.000002,DRIVE_LANE,0,NONE,-4.9959,-4.9959,-X
20.3360,-0.642898,-9.500165,-0.000002,DRIVE_LANE,0,NONE,-4.9959,-4.9959,-X
20.3520,-0.650891,-9.500165,-0.000002,DRIVE_LANE,0,NONE,-4.9959,-4.9959,-X
20.3680,-0.658884,-9.500165,-0.000002,DRIVE_LANE,0,NONE,-4.9959,-4.9959,-X
20.3840,-0.666878,-9.500165,-0.000002,DRIVE_LANE,0,NONE,-4.9959,-4.9959,-X
20.4000,-0.674871,-9.500165,-0.000002,DRIVE_LANE,0,NONE,-4.9959,-4.9959,-X
20.4160,-0.682864,-9.500165,-0.000002,DRIVE_LANE,0,NONE,-4.9959,-4.9959,-X
20.4320,-0.690858,-9.500165,-0.000002,DRIVE_LANE,0,NONE,-4.9959,-4.9959,-X
20.4480,-0.698851,-9.500164,-0.000002,DRIVE_LANE,0,NONE,-4.9959,-4.9959,-X
20.4640,-0.706844,-9.500164,-0.000002,DRIVE_LANE,0,NONE,-4.9959,-4.9959,-X
20.4800,-0.714838,-9.500164,-0.000002,DRIVE_LANE,0,NONE,-4.9959,-4.9959,-X
20.4960,-0.722831,-9.500164,-0.000002,DRIVE_LANE,0,NONE,-4.9959,-4.9959,-X
20.5120,-0.730825,-9.500164,-0.000002,DRIVE_LANE,0,NONE,-4.9959,-4.9959,-X
20.5280,-0.738818,-9.500164,-0.000002,DRIVE_LANE,0,NONE,-4.9959,-4.9959,-X
20.5440,-0.746811,-9.500164,-0.000002,DRIVE_LANE,0,NONE,-4.9959,-4.9959,-X
20.5600,-0.754805,-9.500164,-0.000002,DRIVE_LANE,0,NONE,-4.9959,-4.9959,-X
20.5760,-0.762798,-9.500164,-0.000002,DRIVE_LANE,0,NONE,-4.9959,-4.9959,-X
20.5920,-0.770791,-9.500164,-0.000002,DRIVE_LANE,0,NONE,-4.9959,-4.9959,-X
20.6080,-0.778785,-9.500164,-0.000002,DRIVE_LANE,0,NONE,-4.9959,-4.9959,-X
20.6240,-0.786778,-9.500164,-0.000002,DRIVE_LANE,0,NONE,-4.9959,-4.9959,-X
20.6400,-0.794772,-9.500164,-0.000002,DRIVE_LANE,0,NONE,-4.9959,-4.9959,-X
20.6560,-0.802765,-9.500164,-0.000002,DRIVE_LANE,0,NONE,-4.9959,-4.9959,-X
20.6720,-0.810758,-9.500164,-0.000002,DRIVE_LANE,0,NONE,-4.9959,-4.9959,-X
20.6880,-0.818752,-9.500164,-0.000002,DRIVE_LANE,0,NONE,-4.9959,-4.9959,-X
20.7040,-0.826745,-9.500164,-0.000002,DRIVE_LANE,0,NONE,-4.9959,-4.9959,-X
20.7200,-0.834738,-9.500164,-0.000002,DRIVE_LANE,0,NONE,-4.9959,-4.9959,-X
20.7360,-0.842732,-9.500164,-0.000002,DRIVE_LANE,0,NONE,-4.9959,-4.9959,-X
20.7520,-0.850725,-9.500164,-0.000002,DRIVE_LANE,0,NONE,-4.9959,-4.9959,-X
20.7680,-0.858719,-9.500164,-0.000002,DRIVE_LANE,0,NONE,-4.9959,-4.9959,-X
20.7840,-0.866712,-9.500164,-0.000002,DRIVE_LANE,0,NONE,-4.9959,-4.9959,-X
20.8000,-0.874705,-9.500164,-0.000002,DRIVE_LANE,0,NONE,-4.9959,-4.9959,-X
20.8160,-0.882699,-9.500164,-0.000002,DRIVE_LANE,0,NONE,-4.9959,-4.9959,-X
20.8320,-0.890692,-9.500164,-0.000002,DRIVE_LANE,0,NONE,-4.9959,-4.9959,-X
20.8480,-0.898685,-9.500164,-0.000002,DRIVE_LANE,0,NONE,-4.9959,-4.9959,-X
20.8640,-0.906679,-9.500164,-0.000002,DRIVE_LANE,0,NONE,-4.9959,-4.9959,-X
20.8800,-0.914672,-9.500164,-0.000002,DRIVE_LANE,0,NONE,-4.9959,-4.9959,-X
20.8960,-0.922666,-9.500164,-0.000002,DRIVE_LANE,0,NONE,-4.9959,-4.9959,-X
20.9120,-0.930659,-9.500164,-0.000002,DRIVE_LANE,0,NONE,-4.9959,-4.9959,-X
20.9280,-0.938652,-9.500164,-0.000002,DRIVE_LANE,0,NONE,-4.9959,-4.9959,-X
20.9440,-0.946646,-9.500164,-0.000002,DRIVE_LANE,0,NONE,-4.9959,-4.9959,-X
20.9600,-0.954639,-9.500164,-0.000002,DRIVE_LANE,0,NONE,-4.9959,-4.9959,-X
20.9760,-0.962633,-9.500164,-0.000002,DRIVE_LANE,0,NONE,-4.9959,-4.9959,-X
20.9920,-0.970626,-9.500164,-0.000002,DRIVE_LANE,0,NONE,-4.9959,-4.9959,-X
21.0080,-0.978619,-9.500164,-0.000002,DRIVE_LANE,0,NONE,-4.9959,-4.9959,-X
21.0240,-0.986613,-9.500164,-0.000002,DRIVE_LANE,0,NONE,-4.9959,-4.9959,-X
21.0400,-0.994606,-9.500164,-0.000002,DRIVE_LANE,0,NONE,-4.9959,-4.9959,-X
21.0560,-1.002600,-9.500164,-0.000002,DRIVE_LANE,0,NONE,-4.9959,-4.9959,-X
21.0720,-1.010593,-9.500164,-0.000002,DRIVE_LANE,0,NONE,-4.9959,-4.9959,-X
21.0880,-1.018586,-9.500164,-0.000002,DRIVE_LANE,0,NONE,-4.9959,-4.9959,-X
21.1040,-1.026580,-9.500164,-0.000002,DRIVE_LANE,0,NONE,-4.9959,-4.9959,-X
21.1200,-1.034573,-9.500164,-0.000002,DRIVE_LANE,0,NONE,-4.9959,-4.9959,-X
21.1360,-1.042566,-9.500164,-0.000002,DRIVE_LANE,0,NONE,-4.9959,-4.9959,-X
21.1520,-1.050560,-9.500164,-0.000002,DRIVE_LANE,0,NONE,-4.9959,-4.9959,-X
21.1680,-1.058553,-9.500164,-0.000002,DRIVE_LANE,0,NONE,-4.9959,-4.9959,-X
21.1840,-1.066547,-9.500164,-0.000002,DRIVE_LANE,0,NONE,-4.9959,-4.9959,-X
21.2000,-1.074540,-9.500164,-0.000002,DRIVE_LANE,0,NONE,-4.9959,-4.9959,-X
21.2160,-1.082533,-9.500164,-0.000002,DRIVE_LANE,0,NONE,-4.9959,-4.9959,-X
21.2320,-1.090527,-9.500164,-0.000002,DRIVE_LANE,0,NONE,-4.9959,-4.9959,-X
21.2480,-1.098520,-9.500164,-0.000002,DRIVE_LANE,0,NONE,-4.9959,-4.9959,-X
21.2640,-1.106514,-9.500163,-0.000002,DRIVE_LANE,0,NONE,-4.9959,-4.9959,-X
21.2800,-1.114507,-9.500163,-0.000002,DRIVE_LANE,0,NONE,-4.9959,-4.9959,-X
21.2960,-1.122500,-9.500163,-0.000002,DRIVE_LANE,0,NONE,-4.9959,-4.9959,-X
21.3120,-1.130494,-9.500163,-0.000002,DRIVE_LANE,0,NONE,-4.9959,-4.9959,-X
21.3280,-1.138487,-9.500163,-0.000002,DRIVE_LANE,0,NONE,-4.9959,-4.9959,-X
21.3440,-1.146481,-9.500163,-0.000002,DRIVE_LANE,0,NONE,-4.9959,-4.9959,-X
21.3600,-1.154474,-9.500163,-0.000002,DRIVE_LANE,0,NONE,-4.9959,-4.9959,-X
21.3760,-1.162467,-9.500163,-0.000002,DRIVE_LANE,0,NONE,-4.9959,-4.9959,-X
21.3920,-1.170461,-9.500163,-0.000002,DRIVE_LANE,0,NONE,-4.9959,-4.9959,-X
21.4080,-1.178454,-9.500163,-0.000002,DRIVE_LANE,0,NONE,-4.9959,-4.9959,-X
21.4240,-1.186448,-9.500163,-0.000002,DRIVE_LANE,0,NONE,-4.9959,-4.9959,-X
21.4400,-1.194441,-9.500163,-0.000002,DRIVE_LANE,0,NONE,-4.9959,-4.9959,-X
21.4560,-1.202435,-9.500163,-0.000002,DRIVE_LANE,0,NONE,-4.9959,-4.9959,-X
21.4720,-1.210428,-9.500163,-0.000002,DRIVE_LANE,0,NONE,-4.9959,-4.9959,-X
21.4880,-1.218421,-9.500163,-0.000002,DRIVE_LANE,0,NONE,-4.9959,-4.9959,-X
21.5040,-1.226415,-9.500163,-0.000002,DRIVE_LANE,0,NONE,-4.9959,-4.9959,-X
21.5200,-1.234408,-9.500163,-0.000002,DRIVE_LANE,0,NONE,-4.9959,-4.9959,-X
21.5360,-1.242402,-9.500163,-0.000002,DRIVE_LANE,0,NONE,-4.9959,-4.9959,-X
21.5520,-1.250395,-9.500163,-0.000002,DRIVE_LANE,0,NONE,-4.9959,-4.9959,-X
21.5680,-1.258388,-9.500163,-0.000002,DRIVE_LANE,0,NONE,-4.9959,-4.9959,-X
21.5840,-1.266382,-9.500163,-0.000002,DRIVE_LANE,0,NONE,-4.9959,-4.9959,-X
21.6000,-1.274375,-9.500163,-0.000002,DRIVE_LANE,0,NONE,-4.9959,-4.9959,-X
21.6160,-1.282369,-9.500163,-0.000002,DRIVE_LANE,0,NONE,-4.9959,-4.9959,-X
21.6320,-1.290362,-9.500163,-0.000002,DRIVE_LANE,0,NONE,-4.9959,-4.9959,-X
21.6480,-1.298355,-9.500163,-0.000002,DRIVE_LANE,0,NONE,-4.9959,-4.9959,-X
21.6640,-1.306349,-9.500163,-0.000002,DRIVE_LANE,0,NONE,-4.9959,-4.9959,-X
21.6800,-1.314342,-9.500163,-0.000002,DRIVE_LANE,0,NONE,-4.9959,-4.9959,-X
21.6960,-1.322336,-9.500163,-0.000002,DRIVE_LANE,0,NONE,-4.9959,-4.9959,-X
21.7120,-1.330329,-9.500163,-0.000002,DRIVE_LANE,0,NONE,-4.9959,-4.9959,-X
21.7280,-1.338323,-9.500163,-0.000002,DRIVE_LANE,0,NONE,-4.9959,-4.9959,-X
21.7440,-1.346316,-9.500163,-0.000002,DRIVE_LANE,0,NONE,-4.9959,-4.9959,-X
21.7600,-1.354309,-9.500163,-0.000002,DRIVE_LANE,0,NONE,-4.9959,-4.9959,-X
21.7760,-1.362303,-9.500163,-0.000002,DRIVE_LANE,0,NONE,-4.9959,-4.9959,-X
21.7920,-1.370296,-9.500163,-0.000002,DRIVE_LANE,0,NONE,-4.9959,-4.9959,-X
21.8080,-1.378290,-9.500163,-0.000002,DRIVE_LANE,0,NONE,-4.9959,-4.9959,-X
21.8240,-1.386283,-9.500163,-0.000002,DRIVE_LANE,0,NONE,-4.9959,-4.9959,-X
21.8400,-1.394277,-9.500163,-0.000002,DRIVE_LANE,0,NONE,-4.9959,-4.9959,-X
21.8560,-1.402270,-9.500163,-0.000002,DRIVE_LANE,0,NONE,-4.9959,-4.9959,-X
21.8720,-1.410263,-9.500163,-0.000002,DRIVE_LANE,0,NONE,-4.9959,-4.9959,-X
21.8880,-1.418257,-9.500163,-0.000002,DRIVE_LANE,0,NONE,-4.9959,-4.9959,-X
21.9040,-1.426250,-9.500163,-0.000002,DRIVE_LANE,0,NONE,-4.9959,-4.9959,-X
21.9200,-1.434244,-9.500163,-0.000002,DRIVE_LANE,0,NONE,-4.9959,-4.9959,-X
21.9360,-1.442237,-9.500163,-0.000002,DRIVE_LANE,0,NONE,-4.9959,-4.9959,-X
21.9520,-1.450231,-9.500163,-0.000002,DRIVE_LANE,0,NONE,-4.9959,-4.9959,-X
21.9680,-1.458224,-9.500163,-0.000002,DRIVE_LANE,0,NONE,-4.9959,-4.9959,-X
21.9840,-1.466217,-9.500163,-0.000002,DRIVE_LANE,0,NONE,-4.9959,-4.9959,-X
22.0000,-1.474211,-9.500163,-0.000002,DRIVE_LANE,0,NONE,-4.9959,-4.9959,-X
22.0160,-1.482204,-9.500163,-0.000002,DRIVE_LANE,0,NONE,-4.9959,-4.9959,-X
22.0320,-1.490198,-9.500163,-0.000002,DRIVE_LANE,0,NONE,-4.9959,-4.9959,-X
22.0480,-1.498191,-9.500163,-0.000002,DRIVE_LANE,0,NONE,-4.9959,-4.9959,-X
22.0640,-1.506185,-9.500163,-0.000002,DRIVE_LANE,0,NONE,-4.9959,-4.9959,-X
22.0800,-1.514178,-9.500163,-0.000002,DRIVE_LANE,0,NONE,-4.9959,-4.9959,-X
22.0960,-1.522171,-9.500163,-0.000002,DRIVE_LANE,0,NONE,-4.9959,-4.9959,-X
22.1120,-1.530165,-9.500162,-0.000002,DRIVE_LANE,0,NONE,-4.9959,-4.9959,-X
22.1280,-1.538158,-9.500162,-0.000002,DRIVE_LANE,0,NONE,-4.9959,-4.9959,-X
22.1440,-1.546152,-9.500162,-0.000002,DRIVE_LANE,0,NONE,-4.9959,-4.9959,-X
22.1600,-1.554145,-9.500162,-0.000002,DRIVE_LANE,0,NONE,-4.9959,-4.9959,-X
22.1760,-1.562139,-9.500162,-0.000002,DRIVE_LANE,0,NONE,-4.9959,-4.9959,-X
22.1920,-1.570132,-9.500162,-0.000002,DRIVE_LANE,0,NONE,-4.9959,-4.9959,-X
22.2080,-1.578125,-9.500162,-0.000002,DRIVE_LANE,0,NONE,-4.9959,-4.9959,-X
22.2240,-1.586119,-9.500162,-0.000002,DRIVE_LANE,0,NONE,-4.9959,-4.9959,-X
22.2400,-1.594112,-9.500162,-0.000002,DRIVE_LANE,0,NONE,-4.9959,-4.9959,-X
22.2560,-1.602106,-9.500162,-0.000002,DRIVE_LANE,0,NONE,-4.9959,-4.9959,-X
22.2720,-1.610099,-9.500162,-0.000002,DRIVE_LANE,0,NONE,-4.9959,-4.9959,-X
22.2880,-1.618093,-9.500162,-0.000002,DRIVE_LANE,0,NONE,-4.9959,-4.9959,-X
22.3040,-1.626086,-9.500162,-0.000002,DRIVE_LANE,0,NONE,-4.9959,-4.9959,-X
22.3200,-1.634080,-9.500162,-0.000002,DRIVE_LANE,0,NONE,-4.9959,-4.9959,-X
22.3360,-1.642073,-9.500162,-0.000002,DRIVE_LANE,0,NONE,-4.9959,-4.9959,-X
22.3520,-1.650066,-9.500162,-0.000002,DRIVE_LANE,0,NONE,-4.9959,-4.9959,-X
22.3680,-1.658060,-9.500162,-0.000002,DRIVE_LANE,0,NONE,-4.9959,-4.9959,-X
22.3840,-1.666053,-9.500162,-0.000002,DRIVE_LANE,0,NONE,-4.9959,-4.9959,-X
22.4000,-1.674047,-9.500162,-0.000002,DRIVE_LANE,0,NONE,-4.9959,-4.9959,-X
22.4160,-1.682040,-9.500162,-0.000002,DRIVE_LANE,0,NONE,-4.9959,-4.9959,-X
22.4320,-1.690034,-9.500162,-0.000002,DRIVE_LANE,0,NONE,-4.9959,-4.9959,-X
22.4480,-1.698027,-9.500162,-0.000002,DRIVE_LANE,0,NONE,-4.9959,-4.9959,-X
22.4640,-1.706021,-9.500162,-0.000002,DRIVE_LANE,0,NONE,-4.9959,-4.9959,-X
22.4800,-1.714014,-9.500162,-0.000002,DRIVE_LANE,0,NONE,-4.9959,-4.9959,-X
22.4960,-1.722007,-9.500162,-0.000002,DRIVE_LANE,0,NONE,-4.9959,-4.9959,-X
22.5120,-1.730001,-9.500162,-0.000002,DRIVE_LANE,0,NONE,-4.9959,-4.9959,-X
22.5280,-1.737994,-9.500162,-0.000002,DRIVE_LANE,0,NONE,-4.9959,-4.9959,-X
22.5440,-1.745988,-9.500162,-0.000002,DRIVE_LANE,0,NONE,-4.9959,-4.9959,-X
22.5600,-1.753981,-9.500162,-0.000002,DRIVE_LANE,0,NONE,-4.9959,-4.9959,-X
22.5760,-1.761975,-9.500162,-0.000002,DRIVE_LANE,0,NONE,-4.9959,-4.9959,-X
22.5920,-1.769968,-9.500162,-0.000002,DRIVE_LANE,0,NONE,-4.9959,-4.9959,-X
22.6080,-1.777962,-9.500162,-0.000002,DRIVE_LANE,0,NONE,-4.9959,-4.9959,-X
22.6240,-1.785955,-9.500162,-0.000002,DRIVE_LANE,0,NONE,-4.9959,-4.9959,-X
22.6400,-1.793948,-9.500162,-0.000002,DRIVE_LANE,0,NONE,-4.9959,-4.9959,-X
22.6560,-1.801942,-9.500162,-0.000002,DRIVE_LANE,0,NONE,-4.9959,-4.9959,-X
22.6720,-1.809935,-9.500162,-0.000002,DRIVE_LANE,0,NONE,-4.9959,-4.9959,-X
22.6880,-1.817929,-9.500162,-0.000002,DRIVE_LANE,0,NONE,-4.9959,-4.9959,-X
22.7040,-1.825922,-9.500162,-0.000002,DRIVE_LANE,0,NONE,-4.9959,-4.9959,-X
22.7200,-1.833916,-9.500162,-0.000002,DRIVE_LANE,0,NONE,-4.9959,-4.9959,-X
22.7360,-1.841909,-9.500162,-0.000002,DRIVE_LANE,0,NONE,-4.9959,-4.9959,-X
22.7520,-1.849903,-9.500162,-0.000002,DRIVE_LANE,0,NONE,-4.9959,-4.9959,-X
22.7680,-1.857896,-9.500162,-0.000002,DRIVE_LANE,0,NONE,-4.9959,-4.9959,-X
22.7840,-1.865890,-9.500162,-0.000002,DRIVE_LANE,0,NONE,-4.9959,-4.9959,-X
22.8000,-1.873883,-9.500162,-0.000002,DRIVE_LANE,0,NONE,-4.9959,-4.9959,-X
22.8160,-1.881877,-9.500162,-0.000002,DRIVE_LANE,0,NONE,-4.9959,-4.9959,-X
22.8320,-1.889870,-9.500162,-0.000002,DRIVE_LANE,0,NONE,-4.9959,-4.9959,-X
22.8480,-1.897863,-9.500162,-0.000002,DRIVE_LANE,0,NONE,-4.9959,-4.9959,-X
22.8640,-1.905857,-9.500162,-0.000002,DRIVE_LANE,0,NONE,-4.9959,-4.9959,-X
22.8800,-1.913850,-9.500162,-0.000002,DRIVE_LANE,0,NONE,-4.9959,-4.9959,-X
22.8960,-1.921844,-9.500162,-0.000002,DRIVE_LANE,0,NONE,-4.9959,-4.9959,-X
22.9120,-1.929837,-9.500161,-0.000002,DRIVE_LANE,0,NONE,-4.9959,-4.9959,-X
22.9280,-1.937831,-9.500161,-0.000002,DRIVE_LANE,0,NONE,-4.9959,-4.9959,-X
22.9440,-1.945824,-9.500161,-0.000002,DRIVE_LANE,0,NONE,-4.9959,-4.9959,-X
22.9600,-1.953818,-9.500161,-0.000002,DRIVE_LANE,0,NONE,-4.9959,-4.9959,-X
22.9760,-1.961811,-9.500161,-0.000002,DRIVE_LANE,0,NONE,-4.9959,-4.9959,-X
22.9920,-1.969805,-9.500161,-0.000002,DRIVE_LANE,0,NONE,-4.9959,-4.9959,-X
23.0080,-1.977798,-9.500161,-0.000002,DRIVE_LANE,0,NONE,-4.9959,-4.9959,-X
23.0240,-1.985792,-9.500161,-0.000002,DRIVE_LANE,0,NONE,-4.9959,-4.9959,-X
23.0400,-1.993785,-9.500161,-0.000002,DRIVE_LANE,0,NONE,-4.9959,-4.9959,-X
23.0560,-2.001779,-9.500161,-0.000002,DRIVE_LANE,0,NONE,-4.9959,-4.9959,-X
23.0720,-2.009772,-9.500161,-0.000002,DRIVE_LANE,0,NONE,-4.9959,-4.9959,-X
23.0880,-2.017766,-9.500161,-0.000002,DRIVE_LANE,0,NONE,-4.9959,-4.9959,-X
23.1040,-2.025759,-9.500161,-0.000002,DRIVE_LANE,0,NONE,-4.9959,-4.9959,-X
23.1200,-2.033752,-9.500161,-0.000002,DRIVE_LANE,0,NONE,-4.9959,-4.9959,-X
23.1360,-2.041746,-9.500161,-0.000002,DRIVE_LANE,0,NONE,-4.9959,-4.9959,-X
23.1520,-2.049739,-9.500161,-0.000002,DRIVE_LANE,0,NONE,-4.9959,-4.9959,-X
23.1680,-2.057733,-9.500161,-0.000002,DRIVE_LANE,0,NONE,-4.9959,-4.9959,-X
23.1840,-2.065726,-9.500161,-0.000002,DRIVE_LANE,0,NONE,-4.9959,-4.9959,-X
23.2000,-2.073720,-9.500161,-0.000002,DRIVE_LANE,0,NONE,-4.9959,-4.9959,-X
23.2160,-2.081713,-9.500161,-0.000002,DRIVE_LANE,0,NONE,-4.9959,-4.9959,-X
23.2320,-2.089707,-9.500161,-0.000002,DRIVE_LANE,0,NONE,-4.9959,-4.9959,-X
23.2480,-2.097700,-9.500161,-0.000002,DRIVE_LANE,0,NONE,-4.9959,-4.9959,-X
23.2640,-2.105694,-9.500161,-0.000002,DRIVE_LANE,0,NONE,-4.9959,-4.9959,-X
23.2800,-2.113687,-9.500161,-0.000002,DRIVE_LANE,0,NONE,-4.9959,-4.9959,-X
23.2960,-2.121681,-9.500161,-0.000002,DRIVE_LANE,0,NONE,-4.9959,-4.9959,-X
23.3120,-2.129674,-9.500161,-0.000002,DRIVE_LANE,0,NONE,-4.9959,-4.9959,-X
23.3280,-2.137668,-9.500161,-0.000002,DRIVE_LANE,0,NONE,-4.9959,-4.9959,-X
23.3440,-2.145661,-9.500161,-0.000002,DRIVE_LANE,0,NONE,-4.9959,-4.9959,-X
23.3600,-2.153655,-9.500161,-0.000002,DRIVE_LANE,0,NONE,-4.9959,-4.9959,-X
23.3760,-2.161648,-9.500161,-0.000002,DRIVE_LANE,0,NONE,-4.9959,-4.9959,-X
23.3920,-2.169642,-9.500161,-0.000002,DRIVE_LANE,0,NONE,-4.9959,-4.9959,-X
23.4080,-2.177635,-9.500161,-0.000002,DRIVE_LANE,0,NONE,-4.9959,-4.9959,-X
23.4240,-2.185629,-9.500161,-0.000002,DRIVE_LANE,0,NONE,-4.9959,-4.9959,-X
23.4400,-2.193622,-9.500161,-0.000002,DRIVE_LANE,0,NONE,-4.9959,-4.9959,-X
23.4560,-2.201616,-9.500161,-0.000002,DRIVE_LANE,0,NONE,-4.9959,-4.9959,-X
23.4720,-2.209609,-9.500161,-0.000002,DRIVE_LANE,0,NONE,-4.9959,-4.9959,-X
23.4880,-2.217603,-9.500161,-0.000002,DRIVE_LANE,0,NONE,-4.9959,-4.9959,-X
23.5040,-2.225596,-9.500161,-0.000002,DRIVE_LANE,0,NONE,-4.9959,-4.9959,-X
23.5200,-2.233590,-9.500161,-0.000002,DRIVE_LANE,0,NONE,-4.9959,-4.9959,-X
23.5360,-2.241583,-9.500161,-0.000002,DRIVE_LANE,0,NONE,-4.9959,-4.9959,-X
23.5520,-2.249577,-9.500161,-0.000002,DRIVE_LANE,0,NONE,-4.9959,-4.9959,-X
23.5680,-2.257570,-9.500161,-0.000002,DRIVE_LANE,0,NONE,-4.9959,-4.9959,-X
23.5840,-2.265564,-9.500161,-0.000002,DRIVE_LANE,0,NONE,-4.9959,-4.9959,-X
23.6000,-2.273557,-9.500161,-0.000002,DRIVE_LANE,0,NONE,-4.9959,-4.9959,-X
23.6160,-2.281550,-9.500161,-0.000002,DRIVE_LANE,0,NONE,-4.9959,-4.9959,-X
23.6320,-2.289544,-9.500161,-0.000002,DRIVE_LANE,0,NONE,-4.9959,-4.9959,-X
23.6480,-2.297537,-9.500161,-0.000002,DRIVE_LANE,0,NONE,-4.9959,-4.9959,-X
23.6640,-2.305531,-9.500161,-0.000002,DRIVE_LANE,0,NONE,-4.9959,-4.9959,-X
23.6800,-2.313524,-9.500161,-0.000002,DRIVE_LANE,0,NONE,-4.9959,-4.9959,-X
23.6960,-2.321518,-9.500161,-0.000002,DRIVE_LANE,0,NONE,-4.9959,-4.9959,-X
23.7120,-2.329511,-9.500161,-0.000002,DRIVE_LANE,0,NONE,-4.9959,-4.9959,-X
23.7280,-2.337505,-9.500161,-0.000002,DRIVE_LANE,0,NONE,-4.9959,-4.9959,-X
23.7440,-2.345498,-9.500160,-0.000002,DRIVE_LANE,0,NONE,-4.9959,-4.9959,-X
23.7600,-2.353492,-9.500160,-0.000002,DRIVE_LANE,0,NONE,-4.9959,-4.9959,-X
23.7760,-2.361485,-9.500160,-0.000002,DRIVE_LANE,0,NONE,-4.9959,-4.9959,-X
23.7920,-2.369479,-9.500160,-0.000002,DRIVE_LANE,0,NONE,-4.9959,-4.9959,-X
23.8080,-2.377472,-9.500160,-0.000002,DRIVE_LANE,0,NONE,-4.9959,-4.9959,-X
23.8240,-2.385466,-9.500160,-0.000002,DRIVE_LANE,0,NONE,-4.9959,-4.9959,-X
23.8400,-2.393459,-9.500160,-0.000002,DRIVE_LANE,0,NONE,-4.9959,-4.9959,-X
23.8560,-2.401453,-9.500160,-0.000002,DRIVE_LANE,0,NONE,-4.9959,-4.9959,-X
23.8720,-2.409446,-9.500160,-0.000002,DRIVE_LANE,0,NONE,-4.9959,-4.9959,-X
23.8880,-2.417440,-9.500160,-0.000002,DRIVE_LANE,0,NONE,-4.9959,-4.9959,-X
23.9040,-2.425434,-9.500160,-0.000002,DRIVE_LANE,0,NONE,-4.9959,-4.9959,-X
23.9200,-2.433427,-9.500160,-0.000002,DRIVE_LANE,0,NONE,-4.9959,-4.9959,-X
23.9360,-2.441421,-9.500160,-0.000002,DRIVE_LANE,0,NONE,-4.9959,-4.9959,-X
23.9520,-2.449414,-9.500160,-0.000002,DRIVE_LANE,0,NONE,-4.9959,-4.9959,-X
23.9680,-2.457408,-9.500160,-0.000002,DRIVE_LANE,0,NONE,-4.9959,-4.9959,-X
23.9840,-2.465401,-9.500160,-0.000002,DRIVE_LANE,0,NONE,-4.9959,-4.9959,-X
24.0000,-2.473395,-9.500160,-0.000002,DRIVE_LANE,0,NONE,-4.9959,-4.9959,-X
24.0160,-2.481388,-9.500160,-0.000002,DRIVE_LANE,0,NONE,-4.9959,-4.9959,-X
24.0320,-2.489382,-9.500160,-0.000002,DRIVE_LANE,0,NONE,-4.9959,-4.9959,-X
24.0480,-2.497375,-9.500160,-0.000002,DRIVE_LANE,0,NONE,-4.9959,-4.9959,-X
24.0640,-2.505369,-9.500160,-0.000002,DRIVE_LANE,0,NONE,-4.9959,-4.9959,-X
24.0800,-2.513362,-9.500160,-0.000002,DRIVE_LANE,0,NONE,-4.9959,-4.9959,-X
24.0960,-2.521356,-9.500160,-0.000002,DRIVE_LANE,0,NONE,-4.9959,-4.9959,-X
24.1120,-2.529349,-9.500160,-0.000002,DRIVE_LANE,0,NONE,-4.9959,-4.9959,-X
24.1280,-2.537343,-9.500160,-0.000002,DRIVE_LANE,0,NONE,-4.9959,-4.9959,-X
24.1440,-2.545336,-9.500160,-0.000002,DRIVE_LANE,0,NONE,-4.9959,-4.9959,-X
24.1600,-2.553330,-9.500160,-0.000002,DRIVE_LANE,0,NONE,-4.9959,-4.9959,-X
24.1760,-2.561323,-9.500160,-0.000002,DRIVE_LANE,0,NONE,-4.9959,-4.9959,-X
24.1920,-2.569317,-9.500160,-0.000002,DRIVE_LANE,0,NONE,-4.9959,-4.9959,-X
24.2080,-2.577310,-9.500160,-0.000002,DRIVE_LANE,0,NONE,-4.9959,-4.9959,-X
24.2240,-2.585304,-9.500160,-0.000002,DRIVE_LANE,0,NONE,-4.9959,-4.9959,-X
24.2400,-2.593297,-9.500160,-0.000002,DRIVE_LANE,0,NONE,-4.9960,-4.9960,-X
24.2560,-2.601291,-9.500160,-0.000002,DRIVE_LANE,0,NONE,-4.9960,-4.9960,-X
24.2720,-2.609284,-9.500160,-0.000002,DRIVE_LANE,0,NONE,-4.9960,-4.9960,-X
24.2880,-2.617278,-9.500160,-0.000002,DRIVE_LANE,0,NONE,-4.9960,-4.9960,-X
24.3040,-2.625271,-9.500160,-0.000002,DRIVE_LANE,0,NONE,-4.9960,-4.9960,-X
24.3200,-2.633265,-9.500160,-0.000002,DRIVE_LANE,0,NONE,-4.9960,-4.9960,-X
24.3360,-2.641258,-9.500160,-0.000002,DRIVE_LANE,0,NONE,-4.9960,-4.9960,-X
24.3520,-2.649252,-9.500160,-0.000002,DRIVE_LANE,0,NONE,-4.9960,-4.9960,-X
24.3680,-2.657245,-9.500160,-0.000002,DRIVE_LANE,0,NONE,-4.9960,-4.9960,-X
24.3840,-2.665239,-9.500160,-0.000002,DRIVE_LANE,0,NONE,-4.9960,-4.9960,-X
24.4000,-2.673233,-9.500160,-0.000002,DRIVE_LANE,0,NONE,-4.9960,-4.9960,-X
24.4160,-2.681226,-9.500160,-0.000002,DRIVE_LANE,0,NONE,-4.9960,-4.9960,-X
24.4320,-2.689220,-9.500160,-0.000002,DRIVE_LANE,0,NONE,-4.9960,-4.9960,-X
24.4480,-2.697213,-9.500160,-0.000002,DRIVE_LANE,0,NONE,-4.9960,-4.9960,-X
24.4640,-2.705207,-9.500160,-0.000002,DRIVE_LANE,0,NONE,-4.9960,-4.9960,-X
24.4800,-2.713200,-9.500160,-0.000002,DRIVE_LANE,0,NONE,-4.9960,-4.9960,-X
24.4960,-2.721194,-9.500160,-0.000002,DRIVE_LANE,0,NONE,-4.9960,-4.9960,-X
24.5120,-2.729187,-9.500160,-0.000002,DRIVE_LANE,0,NONE,-4.9960,-4.9960,-X
24.5280,-2.737181,-9.500160,-0.000002,DRIVE_LANE,0,NONE,-4.9960,-4.9960,-X
24.5440,-2.745174,-9.500160,-0.000002,DRIVE_LANE,0,NONE,-4.9960,-4.9960,-X
24.5600,-2.753168,-9.500160,-0.000002,DRIVE_LANE,0,NONE,-4.9960,-4.9960,-X
24.5760,-2.761161,-9.500159,-0.000002,DRIVE_LANE,0,NONE,-4.9960,-4.9960,-X
24.5920,-2.769155,-9.500159,-0.000002,DRIVE_LANE,0,NONE,-4.9960,-4.9960,-X
24.6080,-2.777148,-9.500159,-0.000002,DRIVE_LANE,0,NONE,-4.9960,-4.9960,-X
24.6240,-2.785142,-9.500159,-0.000002,DRIVE_LANE,0,NONE,-4.9960,-4.9960,-X
24.6400,-2.793135,-9.500159,-0.000002,DRIVE_LANE,0,NONE,-4.9960,-4.9960,-X
24.6560,-2.801129,-9.500159,-0.000002,DRIVE_LANE,0,NONE,-4.9960,-4.9960,-X
24.6720,-2.809123,-9.500159,-0.000002,DRIVE_LANE,0,NONE,-4.9960,-4.9960,-X
24.6880,-2.817116,-9.500159,-0.000002,DRIVE_LANE,0,NONE,-4.9960,-4.9960,-X
24.7040,-2.825110,-9.500159,-0.000002,DRIVE_LANE,0,NONE,-4.9960,-4.9960,-X
24.7200,-2.833103,-9.500159,-0.000002,DRIVE_LANE,0,NONE,-4.9960,-4.9960,-X
24.7360,-2.841097,-9.500159,-0.000002,DRIVE_LANE,0,NONE,-4.9960,-4.9960,-X
24.7520,-2.849090,-9.500159,-0.000002,DRIVE_LANE,0,NONE,-4.9960,-4.9960,-X
24.7680,-2.857084,-9.500159,-0.000002,DRIVE_LANE,0,NONE,-4.9960,-4.9960,-X
24.7840,-2.865077,-9.500159,-0.000002,DRIVE_LANE,0,NONE,-4.9960,-4.9960,-X
24.8000,-2.873071,-9.500159,-0.000002,DRIVE_LANE,0,NONE,-4.9960,-4.9960,-X
24.8160,-2.881064,-9.500159,-0.000002,DRIVE_LANE,0,NONE,-4.9960,-4.9960,-X
24.8320,-2.889058,-9.500159,-0.000002,DRIVE_LANE,0,NONE,-4.9960,-4.9960,-X
24.8480,-2.897051,-9.500159,-0.000002,DRIVE_LANE,0,NONE,-4.9960,-4.9960,-X
24.8640,-2.905045,-9.500159,-0.000002,DRIVE_LANE,0,NONE,-4.9960,-4.9960,-X
24.8800,-2.913039,-9.500159,-0.000002,DRIVE_LANE,0,NONE,-4.9960,-4.9960,-X
24.8960,-2.921032,-9.500159,-0.000002,DRIVE_LANE,0,NONE,-4.9960,-4.9960,-X
24.9120,-2.929026,-9.500159,-0.000002,DRIVE_LANE,0,NONE,-4.9960,-4.9960,-X
24.9280,-2.937019,-9.500159,-0.000002,DRIVE_LANE,0,NONE,-4.9960,-4.9960,-X
24.9440,-2.945013,-9.500159,-0.000002,DRIVE_LANE,0,NONE,-4.9960,-4.9960,-X
24.9600,-2.953006,-9.500159,-0.000002,DRIVE_LANE,0,NONE,-4.9960,-4.9960,-X
24.9760,-2.961000,-9.500159,-0.000002,DRIVE_LANE,0,NONE,-4.9960,-4.9960,-X
24.9920,-2.968993,-9.500159,-0.000002,DRIVE_LANE,0,NONE,-4.9960,-4.9960,-X
25.0080,-2.976987,-9.500159,-0.000002,DRIVE_LANE,0,NONE,-4.9960,-4.9960,-X
25.0240,-2.984981,-9.500159,-0.000002,DRIVE_LANE,0,NONE,-4.9960,-4.9960,-X
25.0400,-2.992974,-9.500159,-0.000002,DRIVE_LANE,0,NONE,-4.9960,-4.9960,-X
25.0560,-3.000968,-9.500159,-0.000002,DRIVE_LANE,0,NONE,-4.9960,-4.9960,-X
25.0720,-3.008961,-9.500159,-0.000002,DRIVE_LANE,0,NONE,-4.9960,-4.9960,-X
25.0880,-3.016955,-9.500159,-0.000002,DRIVE_LANE,0,NONE,-4.9960,-4.9960,-X
25.1040,-3.024948,-9.500159,-0.000002,DRIVE_LANE,0,NONE,-4.9960,-4.9960,-X
25.1200,-3.032942,-9.500159,-0.000002,DRIVE_LANE,0,NONE,-4.9960,-4.9960,-X
25.1360,-3.040935,-9.500159,-0.000002,DRIVE_LANE,0,NONE,-4.9960,-4.9960,-X
25.1520,-3.048929,-9.500159,-0.000002,DRIVE_LANE,0,NONE,-4.9960,-4.9960,-X
25.1680,-3.056923,-9.500159,-0.000002,DRIVE_LANE,0,NONE,-4.9960,-4.9960,-X
25.1840,-3.064916,-9.500159,-0.000002,DRIVE_LANE,0,NONE,-4.9960,-4.9960,-X
25.2000,-3.072910,-9.500159,-0.000002,DRIVE_LANE,0,NONE,-4.9960,-4.9960,-X
25.2160,-3.080903,-9.500159,-0.000002,DRIVE_LANE,0,NONE,-4.9960,-4.9960,-X
25.2320,-3.088897,-9.500159,-0.000002,DRIVE_LANE,0,NONE,-4.9960,-4.9960,-X
25.2480,-3.096890,-9.500159,-0.000002,DRIVE_LANE,0,NONE,-4.9960,-4.9960,-X
25.2640,-3.104884,-9.500159,-0.000002,DRIVE_LANE,0,NONE,-4.9960,-4.9960,-X
25.2800,-3.112877,-9.500159,-0.000002,DRIVE_LANE,0,NONE,-4.9960,-4.9960,-X
25.2960,-3.120871,-9.500159,-0.000002,DRIVE_LANE,0,NONE,-4.9960,-4.9960,-X
25.3120,-3.128865,-9.500159,-0.000002,DRIVE_LANE,0,NONE,-4.9960,-4.9960,-X
25.3280,-3.136858,-9.500159,-0.000002,DRIVE_LANE,0,NONE,-4.9960,-4.9960,-X
25.3440,-3.144852,-9.500159,-0.000002,DRIVE_LANE,0,NONE,-4.9960,-4.9960,-X
25.3600,-3.152845,-9.500159,-0.000002,DRIVE_LANE,0,NONE,-4.9960,-4.9960,-X
25.3760,-3.160839,-9.500159,-0.000002,DRIVE_LANE,0,NONE,-4.9960,-4.9960,-X
25.3920,-3.168832,-9.500158,-0.000002,DRIVE_LANE,0,NONE,-4.9960,-4.9960,-X
25.4080,-3.176826,-9.500158,-0.000002,DRIVE_LANE,0,NONE,-4.9960,-4.9960,-X
25.4240,-3.184820,-9.500158,-0.000002,DRIVE_LANE,0,NONE,-4.9960,-4.9960,-X
25.4400,-3.192813,-9.500158,-0.000002,DRIVE_LANE,0,NONE,-4.9960,-4.9960,-X
25.4560,-3.200807,-9.500158,-0.000002,DRIVE_LANE,0,NONE,-4.9960,-4.9960,-X
25.4720,-3.208800,-9.500158,-0.000002,DRIVE_LANE,0,NONE,-4.9960,-4.9960,-X
25.4880,-3.216794,-9.500158,-0.000002,DRIVE_LANE,0,NONE,-4.9960,-4.9960,-X
25.5040,-3.224787,-9.500158,-0.000002,DRIVE_LANE,0,NONE,-4.9960,-4.9960,-X
25.5200,-3.232781,-9.500158,-0.000002,DRIVE_LANE,0,NONE,-4.9960,-4.9960,-X
25.5360,-3.240774,-9.500158,-0.000002,DRIVE_LANE,0,NONE,-4.9960,-4.9960,-X
25.5520,-3.248768,-9.500158,-0.000002,DRIVE_LANE,0,NONE,-4.9960,-4.9960,-X
25.5680,-3.256762,-9.500158,-0.000002,DRIVE_LANE,0,NONE,-4.9960,-4.9960,-X
25.5840,-3.264755,-9.500158,-0.000002,DRIVE_LANE,0,NONE,-4.9960,-4.9960,-X
25.6000,-3.272749,-9.500158,-0.000002,DRIVE_LANE,0,NONE,-4.9960,-4.9960,-X
25.6160,-3.280742,-9.500158,-0.000002,DRIVE_LANE,0,NONE,-4.9960,-4.9960,-X
25.6320,-3.288736,-9.500158,-0.000002,DRIVE_LANE,0,NONE,-4.9960,-4.9960,-X
25.6480,-3.296730,-9.500158,-0.000002,DRIVE_LANE,0,NONE,-4.9960,-4.9960,-X
25.6640,-3.304723,-9.500158,-0.000002,DRIVE_LANE,0,NONE,-4.9960,-4.9960,-X
25.6800,-3.312717,-9.500158,-0.000002,DRIVE_LANE,0,NONE,-4.9960,-4.9960,-X
25.6960,-3.320710,-9.500158,-0.000002,DRIVE_LANE,0,NONE,-4.9960,-4.9960,-X
25.7120,-3.328704,-9.500158,-0.000002,DRIVE_LANE,0,NONE,-4.9960,-4.9960,-X
25.7280,-3.336697,-9.500158,-0.000002,DRIVE_LANE,0,NONE,-4.9960,-4.9960,-X
25.7440,-3.344691,-9.500158,-0.000002,DRIVE_LANE,0,NONE,-4.9960,-4.9960,-X
25.7600,-3.352685,-9.500158,-0.000002,DRIVE_LANE,0,NONE,-4.9960,-4.9960,-X
25.7760,-3.360678,-9.500158,-0.000002,DRIVE_LANE,0,NONE,-4.9960,-4.9960,-X
25.7920,-3.368672,-9.500158,-0.000002,DRIVE_LANE,0,NONE,-4.9960,-4.9960,-X
25.8080,-3.376665,-9.500158,-0.000002,DRIVE_LANE,0,NONE,-4.9960,-4.9960,-X
25.8240,-3.384659,-9.500158,-0.000002,DRIVE_LANE,0,NONE,-4.9960,-4.9960,-X
25.8400,-3.392652,-9.500158,-0.000002,DRIVE_LANE,0,NONE,-4.9960,-4.9960,-X
25.8560,-3.400646,-9.500158,-0.000002,DRIVE_LANE,0,NONE,-4.9960,-4.9960,-X
25.8720,-3.408640,-9.500158,-0.000002,DRIVE_LANE,0,NONE,-4.9960,-4.9960,-X
25.8880,-3.416633,-9.500158,-0.000002,DRIVE_LANE,0,NONE,-4.9960,-4.9960,-X
25.9040,-3.424627,-9.500158,-0.000002,DRIVE_LANE,0,NONE,-4.9960,-4.9960,-X
25.9200,-3.432620,-9.500158,-0.000002,DRIVE_LANE,0,NONE,-4.9960,-4.9960,-X
25.9360,-3.440614,-9.500158,-0.000002,DRIVE_LANE,0,NONE,-4.9960,-4.9960,-X
25.9520,-3.448608,-9.500158,-0.000002,DRIVE_LANE,0,NONE,-4.9960,-4.9960,-X
25.9680,-3.456601,-9.500158,-0.000002,DRIVE_LANE,0,NONE,-4.9960,-4.9960,-X
25.9840,-3.464595,-9.500158,-0.000002,DRIVE_LANE,0,NONE,-4.9960,-4.9960,-X
26.0000,-3.472588,-9.500158,-0.000002,DRIVE_LANE,0,NONE,-4.9960,-4.9960,-X
26.0160,-3.480582,-9.500158,-0.000002,DRIVE_LANE,0,NONE,-4.9960,-4.9960,-X
26.0320,-3.488576,-9.500158,-0.000002,DRIVE_LANE,0,NONE,-4.9960,-4.9960,-X
26.0480,-3.496569,-9.500158,-0.000002,DRIVE_LANE,0,NONE,-4.9960,-4.9960,-X
26.0640,-3.504563,-9.500158,-0.000002,DRIVE_LANE,0,NONE,-4.9960,-4.9960,-X
26.0800,-3.512556,-9.500158,-0.000002,DRIVE_LANE,0,NONE,-4.9960,-4.9960,-X
26.0960,-3.520550,-9.500158,-0.000002,DRIVE_LANE,0,NONE,-4.9960,-4.9960,-X
26.1120,-3.528543,-9.500158,-0.000002,DRIVE_LANE,0,NONE,-4.9960,-4.9960,-X
26.1280,-3.536537,-9.500158,-0.000002,DRIVE_LANE,0,NONE,-4.9960,-4.9960,-X
26.1440,-3.544531,-9.500158,-0.000002,DRIVE_LANE,0,NONE,-4.9960,-4.9960,-X
26.1600,-3.552524,-9.500158,-0.000002,DRIVE_LANE,0,NONE,-4.9960,-4.9960,-X
26.1760,-3.560518,-9.500158,-0.000002,DRIVE_LANE,0,NONE,-4.9960,-4.9960,-X
26.1920,-3.568511,-9.500158,-0.000002,DRIVE_LANE,0,NONE,-4.9960,-4.9960,-X
26.2080,-3.576505,-9.500158,-0.000002,DRIVE_LANE,0,NONE,-4.9960,-4.9960,-X
26.2240,-3.584499,-9.500157,-0.000002,DRIVE_LANE,0,NONE,-4.9960,-4.9960,-X
26.2400,-3.592492,-9.500157,-0.000002,DRIVE_LANE,0,NONE,-4.9960,-4.9960,-X
26.2560,-3.600486,-9.500157,-0.000002,DRIVE_LANE,0,NONE,-4.9960,-4.9960,-X
26.2720,-3.608479,-9.500157,-0.000002,DRIVE_LANE,0,NONE,-4.9960,-4.9960,-X
26.2880,-3.616473,-9.500157,-0.000002,DRIVE_LANE,0,NONE,-4.9960,-4.9960,-X
26.3040,-3.624467,-9.500157,-0.000002,DRIVE_LANE,0,NONE,-4.9960,-4.9960,-X
26.3200,-3.632460,-9.500157,-0.000002,DRIVE_LANE,0,NONE,-4.9960,-4.9960,-X
26.3360,-3.640454,-9.500157,-0.000002,DRIVE_LANE,0,NONE,-4.9960,-4.9960,-X
26.3520,-3.648447,-9.500157,-0.000002,DRIVE_LANE,0,NONE,-4.9960,-4.9960,-X
26.3680,-3.656441,-9.500157,-0.000002,DRIVE_LANE,0,NONE,-4.9960,-4.9960,-X
26.3840,-3.664435,-9.500157,-0.000002,DRIVE_LANE,0,NONE,-4.9960,-4.9960,-X
26.4000,-3.672428,-9.500157,-0.000002,DRIVE_LANE,0,NONE,-4.9960,-4.9960,-X
26.4160,-3.680422,-9.500157,-0.000002,DRIVE_LANE,0,NONE,-4.9960,-4.9960,-X
26.4320,-3.688416,-9.500157,-0.000002,DRIVE_LANE,0,NONE,-4.9960,-4.9960,-X
26.4480,-3.696409,-9.500157,-0.000002,DRIVE_LANE,0,NONE,-4.9960,-4.9960,-X
26.4640,-3.704403,-9.500157,-0.000002,DRIVE_LANE,0,NONE,-4.9960,-4.9960,-X
26.4800,-3.712396,-9.500157,-0.000002,DRIVE_LANE,0,NONE,-4.9960,-4.9960,-X
26.4960,-3.720390,-9.500157,-0.000002,DRIVE_LANE,0,NONE,-4.9960,-4.9960,-X
26.5120,-3.728384,-9.500157,-0.000002,DRIVE_LANE,0,NONE,-4.9960,-4.9960,-X
26.5280,-3.736377,-9.500157,-0.000002,DRIVE_LANE,0,NONE,-4.9960,-4.9960,-X
26.5440,-3.744371,-9.500157,-0.000002,DRIVE_LANE,0,NONE,-4.9960,-4.9960,-X
26.5600,-3.752364,-9.500157,-0.000002,DRIVE_LANE,0,NONE,-4.9960,-4.9960,-X
26.5760,-3.760358,-9.500157,-0.000002,DRIVE_LANE,0,NONE,-4.9960,-4.9960,-X
26.5920,-3.768352,-9.500157,-0.000002,DRIVE_LANE,0,NONE,-4.9960,-4.9960,-X
26.6080,-3.776345,-9.500157,-0.000002,DRIVE_LANE,0,NONE,-4.9960,-4.9960,-X
26.6240,-3.784339,-9.500157,-0.000002,DRIVE_LANE,0,NONE,-4.9960,-4.9960,-X
26.6400,-3.792332,-9.500157,-0.000002,DRIVE_LANE,0,NONE,-4.9960,-4.9960,-X
26.6560,-3.800326,-9.500157,-0.000002,DRIVE_LANE,0,NONE,-4.9960,-4.9960,-X
26.6720,-3.808320,-9.500157,-0.000002,DRIVE_LANE,0,NONE,-4.9960,-4.9960,-X
26.6880,-3.816313,-9.500157,-0.000002,DRIVE_LANE,0,NONE,-4.9960,-4.9960,-X
26.7040,-3.824307,-9.500157,-0.000002,DRIVE_LANE,0,NONE,-4.9960,-4.9960,-X
26.7200,-3.832301,-9.500157,-0.000002,DRIVE_LANE,0,NONE,-4.9960,-4.9960,-X
26.7360,-3.840294,-9.500157,-0.000002,DRIVE_LANE,0,NONE,-4.9960,-4.9960,-X
26.7520,-3.848288,-9.500157,-0.000002,DRIVE_LANE,0,NONE,-4.9960,-4.9960,-X
26.7680,-3.856281,-9.500157,-0.000002,DRIVE_LANE,0,NONE,-4.9960,-4.9960,-X
26.7840,-3.864275,-9.500157,-0.000002,DRIVE_LANE,0,NONE,-4.9960,-4.9960,-X
26.8000,-3.872269,-9.500157,-0.000002,DRIVE_LANE,0,NONE,-4.9960,-4.9960,-X
26.8160,-3.880262,-9.500157,-0.000002,DRIVE_LANE,0,NONE,-4.9960,-4.9960,-X
26.8320,-3.888256,-9.500157,-0.000002,DRIVE_LANE,0,NONE,-4.9960,-4.9960,-X
26.8480,-3.896250,-9.500157,-0.000002,DRIVE_LANE,0,NONE,-4.9960,-4.9960,-X
26.8640,-3.904243,-9.500157,-0.000002,DRIVE_LANE,0,NONE,-4.9960,-4.9960,-X
26.8800,-3.912237,-9.500157,-0.000002,DRIVE_LANE,0,NONE,-4.9960,-4.9960,-X
26.8960,-3.920230,-9.500157,-0.000002,DRIVE_LANE,0,NONE,-4.9960,-4.9960,-X
26.9120,-3.928224,-9.500157,-0.000002,DRIVE_LANE,0,NONE,-4.9960,-4.9960,-X
26.9280,-3.936218,-9.500157,-0.000002,DRIVE_LANE,0,NONE,-4.9960,-4.9960,-X
26.9440,-3.944211,-9.500157,-0.000002,DRIVE_LANE,0,NONE,-4.9960,-4.9960,-X
26.9600,-3.952205,-9.500157,-0.000002,DRIVE_LANE,0,NONE,-4.9960,-4.9960,-X
26.9760,-3.960199,-9.500157,-0.000002,DRIVE_LANE,0,NONE,-4.9960,-4.9960,-X
26.9920,-3.968192,-9.500157,-0.000002,DRIVE_LANE,0,NONE,-4.9960,-4.9960,-X
27.0080,-3.976186,-9.500157,-0.000002,DRIVE_LANE,0,NONE,-4.9960,-4.9960,-X
27.0240,-3.984179,-9.500157,-0.000002,DRIVE_LANE,0,NONE,-4.9960,-4.9960,-X
27.0400,-3.992173,-9.500157,-0.000002,DRIVE_LANE,0,NONE,-4.9960,-4.9960,-X
27.0560,-4.000167,-9.500156,-0.000002,DRIVE_LANE,0,NONE,-4.9960,-4.9960,-X
27.0720,-4.008160,-9.500156,-0.000002,DRIVE_LANE,0,NONE,-4.9960,-4.9960,-X
27.0880,-4.016154,-9.500156,-0.000002,DRIVE_LANE,0,NONE,-4.9960,-4.9960,-X
27.1040,-4.024148,-9.500156,-0.000002,DRIVE_LANE,0,NONE,-4.9960,-4.9960,-X
27.1200,-4.032141,-9.500156,-0.000002,DRIVE_LANE,0,NONE,-4.9960,-4.9960,-X
27.1360,-4.040135,-9.500156,-0.000002,DRIVE_LANE,0,NONE,-4.9960,-4.9960,-X
27.1520,-4.048129,-9.500156,-0.000002,DRIVE_LANE,0,NONE,-4.9960,-4.9960,-X
27.1680,-4.056122,-9.500156,-0.000002,DRIVE_LANE,0,NONE,-4.9960,-4.9960,-X
27.1840,-4.064116,-9.500156,-0.000002,DRIVE_LANE,0,NONE,-4.9960,-4.9960,-X
27.2000,-4.072109,-9.500156,-0.000002,DRIVE_LANE,0,NONE,-4.9960,-4.9960,-X
27.2160,-4.080103,-9.500156,-0.000002,DRIVE_LANE,0,NONE,-4.9960,-4.9960,-X
27.2320,-4.088097,-9.500156,-0.000002,DRIVE_LANE,0,NONE,-4.9960,-4.9960,-X
27.2480,-4.096090,-9.500156,-0.000002,DRIVE_LANE,0,NONE,-4.9960,-4.9960,-X
27.2640,-4.104084,-9.500156,-0.000002,DRIVE_LANE,0,NONE,-4.9960,-4.9960,-X
27.2800,-4.112078,-9.500156,-0.000002,DRIVE_LANE,0,NONE,-4.9960,-4.9960,-X
27.2960,-4.120071,-9.500156,-0.000002,DRIVE_LANE,0,NONE,-4.9960,-4.9960,-X
27.3120,-4.128065,-9.500156,-0.000002,DRIVE_LANE,0,NONE,-4.9960,-4.9960,-X
27.3280,-4.136059,-9.500156,-0.000002,DRIVE_LANE,0,NONE,-4.9960,-4.9960,-X
27.3440,-4.144052,-9.500156,-0.000002,DRIVE_LANE,0,NONE,-4.9960,-4.9960,-X
27.3600,-4.152046,-9.500156,-0.000002,DRIVE_LANE,0,NONE,-4.9960,-4.9960,-X
27.3760,-4.160039,-9.500156,-0.000002,DRIVE_LANE,0,NONE,-4.9960,-4.9960,-X
27.3920,-4.168033,-9.500156,-0.000002,DRIVE_LANE,0,NONE,-4.9960,-4.9960,-X
27.4080,-4.176027,-9.500156,-0.000002,DRIVE_LANE,0,NONE,-4.9960,-4.9960,-X
27.4240,-4.184020,-9.500156,-0.000002,DRIVE_LANE,0,NONE,-4.9960,-4.9960,-X
27.4400,-4.192014,-9.500156,-0.000002,DRIVE_LANE,0,NONE,-4.9960,-4.9960,-X
27.4560,-4.200008,-9.500156,-0.000002,DRIVE_LANE,0,NONE,-4.9960,-4.9960,-X
27.4720,-4.208001,-9.500156,-0.000002,DRIVE_LANE,0,NONE,-4.9960,-4.9960,-X
27.4880,-4.215995,-9.500156,-0.000002,DRIVE_LANE,0,NONE,-4.9960,-4.9960,-X
27.5040,-4.223989,-9.500156,-0.000002,DRIVE_LANE,0,NONE,-4.9960,-4.9960,-X
27.5200,-4.231982,-9.500156,-0.000002,DRIVE_LANE,0,NONE,-4.9960,-4.9960,-X
27.5360,-4.239976,-9.500156,-0.000002,DRIVE_LANE,0,NONE,-4.9960,-4.9960,-X
27.5520,-4.247970,-9.500156,-0.000002,DRIVE_LANE,0,NONE,-4.9960,-4.9960,-X
27.5680,-4.255963,-9.500156,-0.000002,DRIVE_LANE,0,NONE,-4.9960,-4.9960,-X
27.5840,-4.263957,-9.500156,-0.000002,DRIVE_LANE,0,NONE,-4.9960,-4.9960,-X
27.6000,-4.271951,-9.500156,-0.000002,DRIVE_LANE,0,NONE,-4.9960,-4.9960,-X
27.6160,-4.279944,-9.500156,-0.000002,DRIVE_LANE,0,NONE,-4.9960,-4.9960,-X
27.6320,-4.287938,-9.500156,-0.000002,DRIVE_LANE,0,NONE,-4.9960,-4.9960,-X
27.6480,-4.295932,-9.500156,-0.000002,DRIVE_LANE,0,NONE,-4.9960,-4.9960,-X
27.6640,-4.303925,-9.500156,-0.000002,DRIVE_LANE,0,NONE,-4.9960,-4.9960,-X
27.6800,-4.311919,-9.500156,-0.000002,DRIVE_LANE,0,NONE,-4.9960,-4.9960,-X
27.6960,-4.319913,-9.500156,-0.000002,DRIVE_LANE,0,NONE,-4.9960,-4.9960,-X
27.7120,-4.327906,-9.500156,-0.000002,DRIVE_LANE,0,NONE,-4.9960,-4.9960,-X
27.7280,-4.335900,-9.500156,-0.000002,DRIVE_LANE,0,NONE,-4.9960,-4.9960,-X
27.7440,-4.343893,-9.500156,-0.000002,DRIVE_LANE,0,NONE,-4.9960,-4.9960,-X
27.7600,-4.351887,-9.500156,-0.000002,DRIVE_LANE,0,NONE,-4.9960,-4.9960,-X
27.7760,-4.359881,-9.500156,-0.000002,DRIVE_LANE,0,NONE,-4.9960,-4.9960,-X
27.7920,-4.367874,-9.500156,-0.000002,DRIVE_LANE,0,NONE,-4.9960,-4.9960,-X
27.8080,-4.375868,-9.500156,-0.000002,DRIVE_LANE,0,NONE,-4.9960,-4.9960,-X
27.8240,-4.383862,-9.500156,-0.000002,DRIVE_LANE,0,NONE,-4.9960,-4.9960,-X
27.8400,-4.391855,-9.500156,-0.000002,DRIVE_LANE,0,NONE,-4.9960,-4.9960,-X
27.8560,-4.399849,-9.500156,-0.000002,DRIVE_LANE,0,NONE,-4.9960,-4.9960,-X
27.8720,-4.407843,-9.500155,-0.000002,DRIVE_LANE,0,NONE,-4.9960,-4.9960,-X
27.8880,-4.415836,-9.500155,-0.000002,DRIVE_LANE,0,NONE,-4.9960,-4.9960,-X
27.9040,-4.423830,-9.500155,-0.000002,DRIVE_LANE,0,NONE,-4.9960,-4.9960,-X
27.9200,-4.431824,-9.500155,-0.000002,DRIVE_LANE,0,NONE,-4.9960,-4.9960,-X
27.9360,-4.439817,-9.500155,-0.000002,DRIVE_LANE,0,NONE,-4.9960,-4.9960,-X
27.9520,-4.447811,-9.500155,-0.000002,DRIVE_LANE,0,NONE,-4.9960,-4.9960,-X
27.9680,-4.455805,-9.500155,-0.000002,DRIVE_LANE,0,NONE,-4.9960,-4.9960,-X
27.9840,-4.463798,-9.500155,-0.000002,DRIVE_LANE,0,NONE,-4.9960,-4.9960,-X
28.0000,-4.471792,-9.500155,-0.000002,DRIVE_LANE,0,NONE,-4.9960,-4.9960,-X
28.0160,-4.479786,-9.500155,-0.000002,DRIVE_LANE,0,NONE,-4.9960,-4.9960,-X
28.0320,-4.487779,-9.500155,-0.000002,DRIVE_LANE,0,NONE,-4.9960,-4.9960,-X
28.0480,-4.495773,-9.500155,-0.000002,DRIVE_LANE,0,NONE,-4.9960,-4.9960,-X
28.0640,-4.503767,-9.500155,-0.000002,DRIVE_LANE,0,NONE,-4.9960,-4.9960,-X
28.0800,-4.511761,-9.500155,-0.000002,DRIVE_LANE,0,NONE,-4.9960,-4.9960,-X
28.0960,-4.519754,-9.500155,-0.000002,DRIVE_LANE,0,NONE,-4.9960,-4.9960,-X
28.1120,-4.527748,-9.500155,-0.000002,DRIVE_LANE,0,NONE,-4.9960,-4.9960,-X
28.1280,-4.535742,-9.500155,-0.000002,DRIVE_LANE,0,NONE,-4.9960,-4.9960,-X
28.1440,-4.543735,-9.500155,-0.000002,DRIVE_LANE,0,NONE,-4.9960,-4.9960,-X
28.1600,-4.551729,-9.500155,-0.000002,DRIVE_LANE,0,NONE,-4.9960,-4.9960,-X
28.1760,-4.559723,-9.500155,-0.000002,DRIVE_LANE,0,NONE,-4.9960,-4.9960,-X
28.1920,-4.567716,-9.500155,-0.000002,DRIVE_LANE,0,NONE,-4.9960,-4.9960,-X
28.2080,-4.575710,-9.500155,-0.000002,DRIVE_LANE,0,NONE,-4.9960,-4.9960,-X
28.2240,-4.583704,-9.500155,-0.000002,DRIVE_LANE,0,NONE,-4.9960,-4.9960,-X
28.2400,-4.591697,-9.500155,-0.000002,DRIVE_LANE,0,NONE,-4.9961,-4.9961,-X
28.2560,-4.599691,-9.500155,-0.000002,DRIVE_LANE,0,NONE,-4.9961,-4.9961,-X
28.2720,-4.607685,-9.500155,-0.000002,DRIVE_LANE,0,NONE,-4.9961,-4.9961,-X
28.2880,-4.615678,-9.500155,-0.000002,DRIVE_LANE,0,NONE,-4.9961,-4.9961,-X
28.3040,-4.623672,-9.500155,-0.000002,DRIVE_LANE,0,NONE,-4.9961,-4.9961,-X
28.3200,-4.631666,-9.500155,-0.000002,DRIVE_LANE,0,NONE,-4.9961,-4.9961,-X
28.3360,-4.639659,-9.500155,-0.000002,DRIVE_LANE,0,NONE,-4.9961,-4.9961,-X
28.3520,-4.647653,-9.500155,-0.000002,DRIVE_LANE,0,NONE,-4.9961,-4.9961,-X
28.3680,-4.655647,-9.500155,-0.000002,DRIVE_LANE,0,NONE,-4.9961,-4.9961,-X
28.3840,-4.663640,-9.500155,-0.000002,DRIVE_LANE,0,NONE,-4.9961,-4.9961,-X
28.4000,-4.671634,-9.500155,-0.000002,DRIVE_LANE,0,NONE,-4.9961,-4.9961,-X
28.4160,-4.679628,-9.500155,-0.000002,DRIVE_LANE,0,NONE,-4.9961,-4.9961,-X
28.4320,-4.687621,-9.500155,-0.000002,DRIVE_LANE,0,NONE,-4.9961,-4.9961,-X
28.4480,-4.695615,-9.500155,-0.000002,DRIVE_LANE,0,NONE,-4.9961,-4.9961,-X
28.4640,-4.703609,-9.500155,-0.000002,DRIVE_LANE,0,NONE,-4.9961,-4.9961,-X
28.4800,-4.711603,-9.500155,-0.000002,DRIVE_LANE,0,NONE,-4.9961,-4.9961,-X
28.4960,-4.719596,-9.500155,-0.000002,DRIVE_LANE,0,NONE,-4.9961,-4.9961,-X
28.5120,-4.727590,-9.500155,-0.000002,DRIVE_LANE,0,NONE,-4.9961,-4.9961,-X
28.5280,-4.735584,-9.500155,-0.000002,DRIVE_LANE,0,NONE,-4.9961,-4.9961,-X
28.5440,-4.743577,-9.500155,-0.000002,DRIVE_LANE,0,NONE,-4.9961,-4.9961,-X
28.5600,-4.751571,-9.500155,-0.000002,DRIVE_LANE,0,NONE,-4.9961,-4.9961,-X
28.5760,-4.759565,-9.500155,-0.000002,DRIVE_LANE,0,NONE,-4.9961,-4.9961,-X
28.5920,-4.767558,-9.500155,-0.000002,DRIVE_LANE,0,NONE,-4.9961,-4.9961,-X
28.6080,-4.775552,-9.500155,-0.000002,DRIVE_LANE,0,NONE,-4.9961,-4.9961,-X
28.6240,-4.783546,-9.500155,-0.000002,DRIVE_LANE,0,NONE,-4.9961,-4.9961,-X
28.6400,-4.791539,-9.500155,-0.000002,DRIVE_LANE,0,NONE,-4.9961,-4.9961,-X
28.6560,-4.799533,-9.500155,-0.000002,DRIVE_LANE,0,NONE,-4.9961,-4.9961,-X
28.6720,-4.807527,-9.500155,-0.000002,DRIVE_LANE,0,NONE,-4.9961,-4.9961,-X
28.6880,-4.815521,-9.500155,-0.000002,DRIVE_LANE,0,NONE,-4.9961,-4.9961,-X
28.7040,-4.823514,-9.500154,-0.000002,DRIVE_LANE,0,NONE,-4.9961,-4.9961,-X
28.7200,-4.831508,-9.500154,-0.000002,DRIVE_LANE,0,NONE,-4.9961,-4.9961,-X
28.7360,-4.839502,-9.500154,-0.000002,DRIVE_LANE,0,NONE,-4.9961,-4.9961,-X
28.7520,-4.847495,-9.500154,-0.000002,DRIVE_LANE,0,NONE,-4.9961,-4.9961,-X
28.7680,-4.855489,-9.500154,-0.000002,DRIVE_LANE,0,NONE,-4.9961,-4.9961,-X
28.7840,-4.863483,-9.500154,-0.000002,DRIVE_LANE,0,NONE,-4.9961,-4.9961,-X
28.8000,-4.871476,-9.500154,-0.000002,DRIVE_LANE,0,NONE,-4.9961,-4.9961,-X
28.8160,-4.879470,-9.500154,-0.000002,DRIVE_LANE,0,NONE,-4.9961,-4.9961,-X
28.8320,-4.887464,-9.500154,-0.000002,DRIVE_LANE,0,NONE,-4.9961,-4.9961,-X
28.8480,-4.895458,-9.500154,-0.000002,DRIVE_LANE,0,NONE,-4.9961,-4.9961,-X
28.8640,-4.903451,-9.500154,-0.000002,DRIVE_LANE,0,NONE,-4.9961,-4.9961,-X
28.8800,-4.911445,-9.500154,-0.000002,DRIVE_LANE,0,NONE,-4.9961,-4.9961,-X
28.8960,-4.919439,-9.500154,-0.000002,DRIVE_LANE,0,NONE,-4.9961,-4.9961,-X
28.9120,-4.927432,-9.500154,-0.000002,DRIVE_LANE,0,NONE,-4.9961,-4.9961,-X
28.9280,-4.935426,-9.500154,-0.000002,DRIVE_LANE,0,NONE,-4.9961,-4.9961,-X
28.9440,-4.943420,-9.500154,-0.000002,DRIVE_LANE,0,NONE,-4.9961,-4.9961,-X
28.9600,-4.951414,-9.500154,-0.000002,DRIVE_LANE,0,NONE,-4.9961,-4.9961,-X
28.9760,-4.959407,-9.500154,-0.000002,DRIVE_LANE,0,NONE,-4.9961,-4.9961,-X
28.9920,-4.967401,-9.500154,-0.000002,DRIVE_LANE,0,NONE,-4.9961,-4.9961,-X
29.0080,-4.975395,-9.500154,-0.000002,DRIVE_LANE,0,NONE,-4.9961,-4.9961,-X
29.0240,-4.983388,-9.500154,-0.000002,DRIVE_LANE,0,NONE,-4.9961,-4.9961,-X
29.0400,-4.991382,-9.500154,-0.000002,DRIVE_LANE,0,NONE,-4.9961,-4.9961,-X
29.0560,-4.999376,-9.500154,-0.000002,DRIVE_LANE,0,NONE,-4.9961,-4.9961,-X
29.0720,-5.007370,-9.500154,-0.000002,DRIVE_LANE,0,NONE,-4.9961,-4.9961,-X
29.0880,-5.015363,-9.500154,-0.000002,DRIVE_LANE,0,NONE,-4.9961,-4.9961,-X
29.1040,-5.023357,-9.500154,-0.000002,DRIVE_LANE,0,NONE,-4.9961,-4.9961,-X
29.1200,-5.031351,-9.500154,-0.000002,DRIVE_LANE,0,NONE,-4.9961,-4.9961,-X
29.1360,-5.039344,-9.500154,-0.000002,DRIVE_LANE,0,NONE,-4.9961,-4.9961,-X
29.1520,-5.047338,-9.500154,-0.000002,DRIVE_LANE,0,NONE,-4.9961,-4.9961,-X
29.1680,-5.055332,-9.500154,-0.000002,DRIVE_LANE,0,NONE,-4.9961,-4.9961,-X
29.1840,-5.063326,-9.500154,-0.000002,DRIVE_LANE,0,NONE,-4.9961,-4.9961,-X
29.2000,-5.071319,-9.500154,-0.000002,DRIVE_LANE,0,NONE,-4.9961,-4.9961,-X
29.2160,-5.079313,-9.500154,-0.000002,DRIVE_LANE,0,NONE,-4.9961,-4.9961,-X
29.2320,-5.087307,-9.500154,-0.000002,DRIVE_LANE,0,NONE,-4.9961,-4.9961,-X
29.2480,-5.095300,-9.500154,-0.000002,DRIVE_LANE,0,NONE,-4.9961,-4.9961,-X
29.2640,-5.103294,-9.500154,-0.000002,DRIVE_LANE,0,NONE,-4.9961,-4.9961,-X
29.2800,-5.111288,-9.500154,-0.000002,DRIVE_LANE,0,NONE,-4.9961,-4.9961,-X
29.2960,-5.119282,-9.500154,-0.000002,DRIVE_LANE,0,NONE,-4.9961,-4.9961,-X
29.3120,-5.127275,-9.500154,-0.000002,DRIVE_LANE,0,NONE,-4.9961,-4.9961,-X
29.3280,-5.135269,-9.500154,-0.000002,DRIVE_LANE,0,NONE,-4.9961,-4.9961,-X
29.3440,-5.143263,-9.500154,-0.000002,DRIVE_LANE,0,NONE,-4.9961,-4.9961,-X
29.3600,-5.151256,-9.500154,-0.000002,DRIVE_LANE,0,NONE,-4.9961,-4.9961,-X
29.3760,-5.159250,-9.500154,-0.000002,DRIVE_LANE,0,NONE,-4.9961,-4.9961,-X
29.3920,-5.167244,-9.500154,-0.000002,DRIVE_LANE,0,NONE,-4.9961,-4.9961,-X
29.4080,-5.175238,-9.500154,-0.000002,DRIVE_LANE,0,NONE,-4.9961,-4.9961,-X
29.4240,-5.183231,-9.500154,-0.000002,DRIVE_LANE,0,NONE,-4.9961,-4.9961,-X
29.4400,-5.191225,-9.500154,-0.000002,DRIVE_LANE,0,NONE,-4.9961,-4.9961,-X
29.4560,-5.199219,-9.500154,-0.000002,DRIVE_LANE,0,NONE,-4.9961,-4.9961,-X
29.4720,-5.207213,-9.500154,-0.000002,DRIVE_LANE,0,NONE,-4.9961,-4.9961,-X
29.4880,-5.215206,-9.500154,-0.000002,DRIVE_LANE,0,NONE,-4.9961,-4.9961,-X
29.5040,-5.223200,-9.500154,-0.000002,DRIVE_LANE,0,NONE,-4.9961,-4.9961,-X
29.5200,-5.231194,-9.500154,-0.000002,DRIVE_LANE,0,NONE,-4.9961,-4.9961,-X
29.5360,-5.239187,-9.500153,-0.000002,DRIVE_LANE,0,NONE,-4.9961,-4.9961,-X
29.5520,-5.247181,-9.500153,-0.000002,DRIVE_LANE,0,NONE,-4.9961,-4.9961,-X
29.5680,-5.255175,-9.500153,-0.000002,DRIVE_LANE,0,NONE,-4.9961,-4.9961,-X
29.5840,-5.263169,-9.500153,-0.000002,DRIVE_LANE,0,NONE,-4.9961,-4.9961,-X
29.6000,-5.271162,-9.500153,-0.000002,DRIVE_LANE,0,NONE,-4.9961,-4.9961,-X
29.6160,-5.279156,-9.500153,-0.000002,DRIVE_LANE,0,NONE,-4.9961,-4.9961,-X
29.6320,-5.287150,-9.500153,-0.000002,DRIVE_LANE,0,NONE,-4.9961,-4.9961,-X
29.6480,-5.295144,-9.500153,-0.000002,DRIVE_LANE,0,NONE,-4.9961,-4.9961,-X
29.6640,-5.303137,-9.500153,-0.000002,DRIVE_LANE,0,NONE,-4.9961,-4.9961,-X
29.6800,-5.311131,-9.500153,-0.000002,DRIVE_LANE,0,NONE,-4.9961,-4.9961,-X
29.6960,-5.319125,-9.500153,-0.000002,DRIVE_LANE,0,NONE,-4.9961,-4.9961,-X
29.7120,-5.327119,-9.500153,-0.000002,DRIVE_LANE,0,NONE,-4.9961,-4.9961,-X
29.7280,-5.335112,-9.500153,-0.000002,DRIVE_LANE,0,NONE,-4.9961,-4.9961,-X
29.7440,-5.343106,-9.500153,-0.000002,DRIVE_LANE,0,NONE,-4.9961,-4.9961,-X
29.7600,-5.351100,-9.500153,-0.000002,DRIVE_LANE,0,NONE,-4.9961,-4.9961,-X
29.7760,-5.359094,-9.500153,-0.000002,DRIVE_LANE,0,NONE,-4.9961,-4.9961,-X
29.7920,-5.367087,-9.500153,-0.000002,DRIVE_LANE,0,NONE,-4.9961,-4.9961,-X
29.8080,-5.375081,-9.500153,-0.000002,DRIVE_LANE,0,NONE,-4.9961,-4.9961,-X
29.8240,-5.383075,-9.500153,-0.000002,DRIVE_LANE,0,NONE,-4.9961,-4.9961,-X
29.8400,-5.391068,-9.500153,-0.000002,DRIVE_LANE,0,NONE,-4.9961,-4.9961,-X
29.8560,-5.399062,-9.500153,-0.000002,DRIVE_LANE,0,NONE,-4.9961,-4.9961,-X
29.8720,-5.407056,-9.500153,-0.000002,DRIVE_LANE,0,NONE,-4.9961,-4.9961,-X
29.8880,-5.415050,-9.500153,-0.000002,DRIVE_LANE,0,NONE,-4.9961,-4.9961,-X
29.9040,-5.423043,-9.500153,-0.000002,DRIVE_LANE,0,NONE,-4.9961,-4.9961,-X
29.9200,-5.431037,-9.500153,-0.000002,DRIVE_LANE,0,NONE,-4.9961,-4.9961,-X
29.9360,-5.439031,-9.500153,-0.000002,DRIVE_LANE,0,NONE,-4.9961,-4.9961,-X
29.9520,-5.447025,-9.500153,-0.000002,DRIVE_LANE,0,NONE,-4.9961,-4.9961,-X
29.9680,-5.455018,-9.500153,-0.000002,DRIVE_LANE,0,NONE,-4.9961,-4.9961,-X
29.9840,-5.463012,-9.500153,-0.000002,DRIVE_LANE,0,NONE,-4.9961,-4.9961,-X
30.0000,-5.471006,-9.500153,-0.000002,DRIVE_LANE,0,NONE,-4.9961,-4.9961,-X
30.0160,-5.479000,-9.500153,-0.000002,DRIVE_LANE,0,NONE,-4.9961,-4.9961,-X
30.0320,-5.486993,-9.500153,-0.000002,DRIVE_LANE,0,NONE,-4.9961,-4.9961,-X
30.0480,-5.494987,-9.500153,-0.000002,DRIVE_LANE,0,NONE,-4.9961,-4.9961,-X
30.0640,-5.502981,-9.500153,-0.000002,DRIVE_LANE,0,NONE,-4.9961,-4.9961,-X
30.0800,-5.510975,-9.500153,-0.000002,DRIVE_LANE,0,NONE,-4.9961,-4.9961,-X
30.0960,-5.518968,-9.500153,-0.000002,DRIVE_LANE,0,NONE,-4.9961,-4.9961,-X
30.1120,-5.526962,-9.500153,-0.000002,DRIVE_LANE,0,NONE,-4.9961,-4.9961,-X
30.1280,-5.534956,-9.500153,-0.000002,DRIVE_LANE,0,NONE,-4.9961,-4.9961,-X
30.1440,-5.542950,-9.500153,-0.000002,DRIVE_LANE,0,NONE,-4.9961,-4.9961,-X
30.1600,-5.550943,-9.500153,-0.000002,DRIVE_LANE,0,NONE,-4.9961,-4.9961,-X
30.1760,-5.558937,-9.500153,-0.000002,DRIVE_LANE,0,NONE,-4.9961,-4.9961,-X
30.1920,-5.566931,-9.500153,-0.000002,DRIVE_LANE,0,NONE,-4.9961,-4.9961,-X
30.2080,-5.574925,-9.500153,-0.000002,DRIVE_LANE,0,NONE,-4.9961,-4.9961,-X
30.2240,-5.582919,-9.500153,-0.000002,DRIVE_LANE,0,NONE,-4.9961,-4.9961,-X
30.2400,-5.590912,-9.500153,-0.000002,DRIVE_LANE,0,NONE,-4.9961,-4.9961,-X
30.2560,-5.598906,-9.500153,-0.000002,DRIVE_LANE,0,NONE,-4.9961,-4.9961,-X
30.2720,-5.606900,-9.500153,-0.000002,DRIVE_LANE,0,NONE,-4.9961,-4.9961,-X
30.2880,-5.614894,-9.500153,-0.000002,DRIVE_LANE,0,NONE,-4.9961,-4.9961,-X
30.3040,-5.622887,-9.500153,-0.000002,DRIVE_LANE,0,NONE,-4.9961,-4.9961,-X
30.3200,-5.630881,-9.500153,-0.000002,DRIVE_LANE,0,NONE,-4.9961,-4.9961,-X
30.3360,-5.638875,-9.500152,-0.000002,DRIVE_LANE,0,NONE,-4.9961,-4.9961,-X
30.3520,-5.646869,-9.500152,-0.000002,DRIVE_LANE,0,NONE,-4.9961,-4.9961,-X
30.3680,-5.654862,-9.500152,-0.000002,DRIVE_LANE,0,NONE,-4.9961,-4.9961,-X
30.3840,-5.662856,-9.500152,-0.000002,DRIVE_LANE,0,NONE,-4.9961,-4.9961,-X
30.4000,-5.670850,-9.500152,-0.000002,DRIVE_LANE,0,NONE,-4.9961,-4.9961,-X
30.4160,-5.678844,-9.500152,-0.000002,DRIVE_LANE,0,NONE,-4.9961,-4.9961,-X
30.4320,-5.686837,-9.500152,-0.000002,DRIVE_LANE,0,NONE,-4.9961,-4.9961,-X
30.4480,-5.694831,-9.500152,-0.000002,DRIVE_LANE,0,NONE,-4.9961,-4.9961,-X
30.4640,-5.702825,-9.500152,-0.000002,DRIVE_LANE,0,NONE,-4.9961,-4.9961,-X
30.4800,-5.710819,-9.500152,-0.000002,DRIVE_LANE,0,NONE,-4.9961,-4.9961,-X
30.4960,-5.718813,-9.500152,-0.000002,DRIVE_LANE,0,NONE,-4.9961,-4.9961,-X
30.5120,-5.726806,-9.500152,-0.000002,DRIVE_LANE,0,NONE,-4.9961,-4.9961,-X
30.5280,-5.734800,-9.500152,-0.000002,DRIVE_LANE,0,NONE,-4.9961,-4.9961,-X
30.5440,-5.742794,-9.500152,-0.000002,DRIVE_LANE,0,NONE,-4.9961,-4.9961,-X
30.5600,-5.750788,-9.500152,-0.000002,DRIVE_LANE,0,NONE,-4.9961,-4.9961,-X
30.5760,-5.758781,-9.500152,-0.000002,DRIVE_LANE,0,NONE,-4.9961,-4.9961,-X
30.5920,-5.766775,-9.500152,-0.000002,DRIVE_LANE,0,NONE,-4.9961,-4.9961,-X
30.6080,-5.774769,-9.500152,-0.000002,DRIVE_LANE,0,NONE,-4.9961,-4.9961,-X
30.6240,-5.782763,-9.500152,-0.000002,DRIVE_LANE,0,NONE,-4.9961,-4.9961,-X
30.6400,-5.790757,-9.500152,-0.000002,DRIVE_LANE,0,NONE,-4.9961,-4.9961,-X
30.6560,-5.798750,-9.500152,-0.000002,DRIVE_LANE,0,NONE,-4.9961,-4.9961,-X
30.6720,-5.806744,-9.500152,-0.000002,DRIVE_LANE,0,NONE,-4.9961,-4.9961,-X
30.6880,-5.814738,-9.500152,-0.000002,DRIVE_LANE,0,NONE,-4.9961,-4.9961,-X
30.7040,-5.822732,-9.500152,-0.000002,DRIVE_LANE,0,NONE,-4.9961,-4.9961,-X
30.7200,-5.830725,-9.500152,-0.000002,DRIVE_LANE,0,NONE,-4.9961,-4.9961,-X
30.7360,-5.838719,-9.500152,-0.000002,DRIVE_LANE,0,NONE,-4.9961,-4.9961,-X
30.7520,-5.846713,-9.500152,-0.000002,DRIVE_LANE,0,NONE,-4.9961,-4.9961,-X
30.7680,-5.854707,-9.500152,-0.000002,DRIVE_LANE,0,NONE,-4.9961,-4.9961,-X
30.7840,-5.862701,-9.500152,-0.000002,DRIVE_LANE,0,NONE,-4.9961,-4.9961,-X
30.8000,-5.870694,-9.500152,-0.000002,DRIVE_LANE,0,NONE,-4.9961,-4.9961,-X
30.8160,-5.878688,-9.500152,-0.000002,DRIVE_LANE,0,NONE,-4.9961,-4.9961,-X
30.8320,-5.886682,-9.500152,-0.000002,DRIVE_LANE,0,NONE,-4.9961,-4.9961,-X
30.8480,-5.894676,-9.500152,-0.000002,DRIVE_LANE,0,NONE,-4.9961,-4.9961,-X
30.8640,-5.902669,-9.500152,-0.000002,DRIVE_LANE,0,NONE,-4.9961,-4.9961,-X
30.8800,-5.910663,-9.500152,-0.000002,DRIVE_LANE,0,NONE,-4.9961,-4.9961,-X
30.8960,-5.918657,-9.500152,-0.000002,DRIVE_LANE,0,NONE,-4.9961,-4.9961,-X
30.9120,-5.926651,-9.500152,-0.000002,DRIVE_LANE,0,NONE,-4.9961,-4.9961,-X
30.9280,-5.934645,-9.500152,-0.000002,DRIVE_LANE,0,NONE,-4.9961,-4.9961,-X
30.9440,-5.942638,-9.500152,-0.000002,DRIVE_LANE,0,NONE,-4.9961,-4.9961,-X
30.9600,-5.950632,-9.500152,-0.000002,DRIVE_LANE,0,NONE,-4.9961,-4.9961,-X
30.9760,-5.958626,-9.500152,-0.000002,DRIVE_LANE,0,NONE,-4.9961,-4.9961,-X
30.9920,-5.966620,-9.500152,-0.000002,DRIVE_LANE,0,NONE,-4.9961,-4.9961,-X
31.0080,-5.974614,-9.500152,-0.000002,DRIVE_LANE,0,NONE,-4.9961,-4.9961,-X
31.0240,-5.982607,-9.500152,-0.000002,DRIVE_LANE,0,NONE,-4.9961,-4.9961,-X
31.0400,-5.990601,-9.500152,-0.000002,DRIVE_LANE,0,NONE,-4.9961,-4.9961,-X
31.0560,-5.998595,-9.500152,-0.000002,DRIVE_LANE,0,NONE,-4.9961,-4.9961,-X
31.0720,-6.006589,-9.500152,-0.000002,DRIVE_LANE,0,NONE,-4.9961,-4.9961,-X
31.0880,-6.014582,-9.500152,-0.000002,DRIVE_LANE,0,NONE,-4.9961,-4.9961,-X
31.1040,-6.022576,-9.500152,-0.000002,DRIVE_LANE,0,NONE,-4.9961,-4.9961,-X
31.1200,-6.030570,-9.500152,-0.000002,DRIVE_LANE,0,NONE,-4.9961,-4.9961,-X
31.1360,-6.038564,-9.500152,-0.000002,DRIVE_LANE,0,NONE,-4.9961,-4.9961,-X
31.1520,-6.046558,-9.500152,-0.000002,DRIVE_LANE,0,NONE,-4.9961,-4.9961,-X
31.1680,-6.054551,-9.500151,-0.000002,DRIVE_LANE,0,NONE,-4.9961,-4.9961,-X
31.1840,-6.062545,-9.500151,-0.000002,DRIVE_LANE,0,NONE,-4.9961,-4.9961,-X
31.2000,-6.070539,-9.500151,-0.000002,DRIVE_LANE,0,NONE,-4.9961,-4.9961,-X
31.2160,-6.078533,-9.500151,-0.000002,DRIVE_LANE,0,NONE,-4.9961,-4.9961,-X
31.2320,-6.086527,-9.500151,-0.000002,DRIVE_LANE,0,NONE,-4.9961,-4.9961,-X
31.2480,-6.094520,-9.500151,-0.000002,DRIVE_LANE,0,NONE,-4.9961,-4.9961,-X
31.2640,-6.102514,-9.500151,-0.000002,DRIVE_LANE,0,NONE,-4.9961,-4.9961,-X
31.2800,-6.110508,-9.500151,-0.000002,DRIVE_LANE,0,NONE,-4.9961,-4.9961,-X
31.2960,-6.118502,-9.500151,-0.000002,DRIVE_LANE,0,NONE,-4.9961,-4.9961,-X
31.3120,-6.126496,-9.500151,-0.000002,DRIVE_LANE,0,NONE,-4.9961,-4.9961,-X
31.3280,-6.134489,-9.500151,-0.000002,DRIVE_LANE,0,NONE,-4.9961,-4.9961,-X
31.3440,-6.142483,-9.500151,-0.000002,DRIVE_LANE,0,NONE,-4.9961,-4.9961,-X
31.3600,-6.150477,-9.500151,-0.000002,DRIVE_LANE,0,NONE,-4.9961,-4.9961,-X
31.3760,-6.158471,-9.500151,-0.000002,DRIVE_LANE,0,NONE,-4.9961,-4.9961,-X
31.3920,-6.166465,-9.500151,-0.000002,DRIVE_LANE,0,NONE,-4.9961,-4.9961,-X
31.4080,-6.174458,-9.500151,-0.000002,DRIVE_LANE,0,NONE,-4.9961,-4.9961,-X
31.4240,-6.182452,-9.500151,-0.000002,DRIVE_LANE,0,NONE,-4.9961,-4.9961,-X
31.4400,-6.190446,-9.500151,-0.000002,DRIVE_LANE,0,NONE,-4.9961,-4.9961,-X
31.4560,-6.198440,-9.500151,-0.000002,DRIVE_LANE,0,NONE,-4.9961,-4.9961,-X
31.4720,-6.206434,-9.500151,-0.000002,DRIVE_LANE,0,NONE,-4.9961,-4.9961,-X
31.4880,-6.214428,-9.500151,-0.000002,DRIVE_LANE,0,NONE,-4.9961,-4.9961,-X
31.5040,-6.222421,-9.500151,-0.000002,DRIVE_LANE,0,NONE,-4.9961,-4.9961,-X
31.5200,-6.230415,-9.500151,-0.000002,DRIVE_LANE,0,NONE,-4.9961,-4.9961,-X
31.5360,-6.238409,-9.500151,-0.000002,DRIVE_LANE,0,NONE,-4.9961,-4.9961,-X
31.5520,-6.246403,-9.500151,-0.000002,DRIVE_LANE,0,NONE,-4.9961,-4.9961,-X
31.5680,-6.254397,-9.500151,-0.000002,DRIVE_LANE,0,NONE,-4.9961,-4.9961,-X
31.5840,-6.262390,-9.500151,-0.000002,DRIVE_LANE,0,NONE,-4.9961,-4.9961,-X
31.6000,-6.270384,-9.500151,-0.000002,DRIVE_LANE,0,NONE,-4.9961,-4.9961,-X
31.6160,-6.278378,-9.500151,-0.000002,DRIVE_LANE,0,NONE,-4.9961,-4.9961,-X
31.6320,-6.286372,-9.500151,-0.000002,DRIVE_LANE,0,NONE,-4.9961,-4.9961,-X
31.6480,-6.294366,-9.500151,-0.000002,DRIVE_LANE,0,NONE,-4.9961,-4.9961,-X
31.6640,-6.302359,-9.500151,-0.000002,DRIVE_LANE,0,NONE,-4.9961,-4.9961,-X
31.6800,-6.310353,-9.500151,-0.000002,DRIVE_LANE,0,NONE,-4.9961,-4.9961,-X
31.6960,-6.318347,-9.500151,-0.000002,DRIVE_LANE,0,NONE,-4.9961,-4.9961,-X
31.7120,-6.326341,-9.500151,-0.000002,DRIVE_LANE,0,NONE,-4.9961,-4.9961,-X
31.7280,-6.334335,-9.500151,-0.000002,DRIVE_LANE,0,NONE,-4.9961,-4.9961,-X
31.7440,-6.342329,-9.500151,-0.000002,DRIVE_LANE,0,NONE,-4.9961,-4.9961,-X
31.7600,-6.350322,-9.500151,-0.000002,DRIVE_LANE,0,NONE,-4.9961,-4.9961,-X
31.7760,-6.358316,-9.500151,-0.000002,DRIVE_LANE,0,NONE,-4.9961,-4.9961,-X
31.7920,-6.366310,-9.500151,-0.000002,DRIVE_LANE,0,NONE,-4.9961,-4.9961,-X
31.8080,-6.374304,-9.500151,-0.000002,DRIVE_LANE,0,NONE,-4.9961,-4.9961,-X
31.8240,-6.382298,-9.500151,-0.000002,DRIVE_LANE,0,NONE,-4.9961,-4.9961,-X
31.8400,-6.390292,-9.500151,-0.000002,DRIVE_LANE,0,NONE,-4.9961,-4.9961,-X
31.8560,-6.398285,-9.500151,-0.000002,DRIVE_LANE,0,NONE,-4.9961,-4.9961,-X
31.8720,-6.406279,-9.500151,-0.000002,DRIVE_LANE,0,NONE,-4.9961,-4.9961,-X
31.8880,-6.414273,-9.500151,-0.000002,DRIVE_LANE,0,NONE,-4.9961,-4.9961,-X
31.9040,-6.422267,-9.500151,-0.000002,DRIVE_LANE,0,NONE,-4.9961,-4.9961,-X
31.9200,-6.430261,-9.500151,-0.000002,DRIVE_LANE,0,NONE,-4.9961,-4.9961,-X
31.9360,-6.438254,-9.500151,-0.000002,DRIVE_LANE,0,NONE,-4.9961,-4.9961,-X
31.9520,-6.446248,-9.500151,-0.000002,DRIVE_LANE,0,NONE,-4.9961,-4.9961,-X
31.9680,-6.454242,-9.500151,-0.000002,DRIVE_LANE,0,NONE,-4.9961,-4.9961,-X
31.9840,-6.462236,-9.500151,-0.000002,DRIVE_LANE,0,NONE,-4.9961,-4.9961,-X
32.0000,-6.470230,-9.500150,-0.000002,DRIVE_LANE,0,NONE,-4.9961,-4.9961,-X
32.0160,-6.478224,-9.500150,-0.000002,DRIVE_LANE,0,NONE,-4.9961,-4.9961,-X
32.0320,-6.486217,-9.500150,-0.000002,DRIVE_LANE,0,NONE,-4.9961,-4.9961,-X
32.0480,-6.494211,-9.500150,-0.000002,DRIVE_LANE,0,NONE,-4.9961,-4.9961,-X
32.0640,-6.502205,-9.500150,-0.000002,DRIVE_LANE,0,NONE,-4.9961,-4.9961,-X
32.0800,-6.510199,-9.500150,-0.000002,DRIVE_LANE,0,NONE,-4.9961,-4.9961,-X
32.0960,-6.518193,-9.500150,-0.000002,DRIVE_LANE,0,NONE,-4.9961,-4.9961,-X
32.1120,-6.526187,-9.500150,-0.000002,DRIVE_LANE,0,NONE,-4.9961,-4.9961,-X
32.1280,-6.534180,-9.500150,-0.000002,DRIVE_LANE,0,NONE,-4.9961,-4.9961,-X
32.1440,-6.542174,-9.500150,-0.000002,DRIVE_LANE,0,NONE,-4.9961,-4.9961,-X
32.1600,-6.550168,-9.500150,-0.000002,DRIVE_LANE,0,NONE,-4.9961,-4.9961,-X
32.1760,-6.558162,-9.500150,-0.000002,DRIVE_LANE,0,NONE,-4.9961,-4.9961,-X
32.1920,-6.566156,-9.500150,-0.000002,DRIVE_LANE,0,NONE,-4.9961,-4.9961,-X
32.2080,-6.574150,-9.500150,-0.000002,DRIVE_LANE,0,NONE,-4.9961,-4.9961,-X
32.2240,-6.582143,-9.500150,-0.000002,DRIVE_LANE,0,NONE,-4.9961,-4.9961,-X
32.2400,-6.590137,-9.500150,-0.000002,DRIVE_LANE,0,NONE,-4.9961,-4.9961,-X
32.2560,-6.598131,-9.500150,-0.000002,DRIVE_LANE,0,NONE,-4.9962,-4.9962,-X
32.2720,-6.606125,-9.500150,-0.000002,DRIVE_LANE,0,NONE,-4.9962,-4.9962,-X
32.2880,-6.614119,-9.500150,-0.000002,DRIVE_LANE,0,NONE,-4.9962,-4.9962,-X
32.3040,-6.622113,-9.500150,-0.000002,DRIVE_LANE,0,NONE,-4.9962,-4.9962,-X
32.3200,-6.630107,-9.500150,-0.000002,DRIVE_LANE,0,NONE,-4.9962,-4.9962,-X
32.3360,-6.638100,-9.500150,-0.000002,DRIVE_LANE,0,NONE,-4.9962,-4.9962,-X
32.3520,-6.646094,-9.500150,-0.000002,DRIVE_LANE,0,NONE,-4.9962,-4.9962,-X
32.3680,-6.654088,-9.500150,-0.000002,DRIVE_LANE,0,NONE,-4.9962,-4.9962,-X
32.3840,-6.662082,-9.500150,-0.000002,DRIVE_LANE,0,NONE,-4.9962,-4.9962,-X
32.4000,-6.670076,-9.500150,-0.000002,DRIVE_LANE,0,NONE,-4.9962,-4.9962,-X
32.4160,-6.678070,-9.500150,-0.000002,DRIVE_LANE,0,NONE,-4.9962,-4.9962,-X
32.4320,-6.686063,-9.500150,-0.000002,DRIVE_LANE,0,NONE,-4.9962,-4.9962,-X
32.4480,-6.694057,-9.500150,-0.000002,DRIVE_LANE,0,NONE,-4.9962,-4.9962,-X
32.4640,-6.702051,-9.500150,-0.000002,DRIVE_LANE,0,NONE,-4.9962,-4.9962,-X
32.4800,-6.710045,-9.500150,-0.000002,DRIVE_LANE,0,NONE,-4.9962,-4.9962,-X
32.4960,-6.718039,-9.500150,-0.000002,DRIVE_LANE,0,NONE,-4.9962,-4.9962,-X
32.5120,-6.726033,-9.500150,-0.000002,DRIVE_LANE,0,NONE,-4.9962,-4.9962,-X
32.5280,-6.734027,-9.500150,-0.000002,DRIVE_LANE,0,NONE,-4.9962,-4.9962,-X
32.5440,-6.742020,-9.500150,-0.000002,DRIVE_LANE,0,NONE,-4.9962,-4.9962,-X
32.5600,-6.750014,-9.500150,-0.000002,DRIVE_LANE,0,NONE,-4.9962,-4.9962,-X
32.5760,-6.758008,-9.500150,-0.000002,DRIVE_LANE,0,NONE,-4.9962,-4.9962,-X
32.5920,-6.766002,-9.500150,-0.000002,DRIVE_LANE,0,NONE,-4.9962,-4.9962,-X
32.6080,-6.773996,-9.500150,-0.000002,DRIVE_LANE,0,NONE,-4.9962,-4.9962,-X
32.6240,-6.781990,-9.500150,-0.000002,DRIVE_LANE,0,NONE,-4.9962,-4.9962,-X
32.6400,-6.789984,-9.500150,-0.000002,DRIVE_LANE,0,NONE,-4.9962,-4.9962,-X
32.6560,-6.797977,-9.500150,-0.000002,DRIVE_LANE,0,NONE,-4.9962,-4.9962,-X
32.6720,-6.805971,-9.500150,-0.000002,DRIVE_LANE,0,NONE,-4.9962,-4.9962,-X
32.6880,-6.813965,-9.500150,-0.000002,DRIVE_LANE,0,NONE,-4.9962,-4.9962,-X
32.7040,-6.821959,-9.500150,-0.000002,DRIVE_LANE,0,NONE,-4.9962,-4.9962,-X
32.7200,-6.829953,-9.500150,-0.000002,DRIVE_LANE,0,NONE,-4.9962,-4.9962,-X
32.7360,-6.837947,-9.500150,-0.000002,DRIVE_LANE,0,NONE,-4.9962,-4.9962,-X
32.7520,-6.845941,-9.500150,-0.000002,DRIVE_LANE,0,NONE,-4.9962,-4.9962,-X
32.7680,-6.853934,-9.500150,-0.000002,DRIVE_LANE,0,NONE,-4.9962,-4.9962,-X
32.7840,-6.861928,-9.500150,-0.000002,DRIVE_LANE,0,NONE,-4.9962,-4.9962,-X
32.8000,-6.869922,-9.500150,-0.000002,DRIVE_LANE,0,NONE,-4.9962,-4.9962,-X
32.8160,-6.877916,-9.500149,-0.000002,DRIVE_LANE,0,NONE,-4.9962,-4.9962,-X
32.8320,-6.885910,-9.500149,-0.000002,DRIVE_LANE,0,NONE,-4.9962,-4.9962,-X
32.8480,-6.893904,-9.500149,-0.000002,DRIVE_LANE,0,NONE,-4.9962,-4.9962,-X
32.8640,-6.901898,-9.500149,-0.000002,DRIVE_LANE,0,NONE,-4.9962,-4.9962,-X
32.8800,-6.909891,-9.500149,-0.000002,DRIVE_LANE,0,NONE,-4.9962,-4.9962,-X
32.8960,-6.917885,-9.500149,-0.000002,DRIVE_LANE,0,NONE,-4.9962,-4.9962,-X
32.9120,-6.925879,-9.500149,-0.000002,DRIVE_LANE,0,NONE,-4.9962,-4.9962,-X
32.9280,-6.933873,-9.500149,-0.000002,DRIVE_LANE,0,NONE,-4.9962,-4.9962,-X
32.9440,-6.941867,-9.500149,-0.000002,DRIVE_LANE,0,NONE,-4.9962,-4.9962,-X
32.9600,-6.949861,-9.500149,-0.000002,DRIVE_LANE,0,NONE,-4.9962,-4.9962,-X
32.9760,-6.957855,-9.500149,-0.000002,DRIVE_LANE,0,NONE,-4.9962,-4.9962,-X
32.9920,-6.965849,-9.500149,-0.000002,DRIVE_LANE,0,NONE,-4.9962,-4.9962,-X
33.0080,-6.973842,-9.500149,-0.000002,DRIVE_LANE,0,NONE,-4.9962,-4.9962,-X
33.0240,-6.981836,-9.500149,-0.000002,DRIVE_LANE,0,NONE,-4.9962,-4.9962,-X
33.0400,-6.989830,-9.500149,-0.000002,DRIVE_LANE,0,NONE,-4.9962,-4.9962,-X
33.0560,-6.997824,-9.500149,-0.000002,DRIVE_LANE,0,NONE,-4.9962,-4.9962,-X
33.0720,-7.005818,-9.500149,-0.000002,DRIVE_LANE,0,NONE,-4.9962,-4.9962,-X
33.0880,-7.013812,-9.500149,-0.000002,DRIVE_LANE,0,NONE,-4.9962,-4.9962,-X
33.1040,-7.021806,-9.500149,-0.000002,DRIVE_LANE,0,NONE,-4.9962,-4.9962,-X
33.1200,-7.029800,-9.500149,-0.000002,DRIVE_LANE,0,NONE,-4.9962,-4.9962,-X
33.1360,-7.037793,-9.500149,-0.000002,DRIVE_LANE,0,NONE,-4.9962,-4.9962,-X
33.1520,-7.045787,-9.500149,-0.000002,DRIVE_LANE,0,NONE,-4.9962,-4.9962,-X
33.1680,-7.053781,-9.500149,-0.000002,DRIVE_LANE,0,NONE,-4.9962,-4.9962,-X
33.1840,-7.061775,-9.500149,-0.000002,DRIVE_LANE,0,NONE,-4.9962,-4.9962,-X
33.2000,-7.069769,-9.500149,-0.000002,DRIVE_LANE,0,NONE,-4.9962,-4.9962,-X
33.2160,-7.077763,-9.500149,-0.000002,DRIVE_LANE,0,NONE,-4.9962,-4.9962,-X
33.2320,-7.085757,-9.500149,-0.000002,DRIVE_LANE,0,NONE,-4.9962,-4.9962,-X
33.2480,-7.093751,-9.500149,-0.000002,DRIVE_LANE,0,NONE,-4.9962,-4.9962,-X
33.2640,-7.101744,-9.500149,-0.000002,DRIVE_LANE,0,NONE,-4.9962,-4.9962,-X
33.2800,-7.109738,-9.500149,-0.000002,DRIVE_LANE,0,NONE,-4.9962,-4.9962,-X
33.2960,-7.117732,-9.500149,-0.000002,DRIVE_LANE,0,NONE,-4.9962,-4.9962,-X
33.3120,-7.125726,-9.500149,-0.000002,DRIVE_LANE,0,NONE,-4.9962,-4.9962,-X
33.3280,-7.133720,-9.500149,-0.000002,DRIVE_LANE,0,NONE,-4.9962,-4.9962,-X
33.3440,-7.141714,-9.500149,-0.000002,DRIVE_LANE,0,NONE,-4.9962,-4.9962,-X
33.3600,-7.149708,-9.500149,-0.000002,DRIVE_LANE,0,NONE,-4.9962,-4.9962,-X
33.3760,-7.157702,-9.500149,-0.000002,DRIVE_LANE,0,NONE,-4.9962,-4.9962,-X
33.3920,-7.165695,-9.500149,-0.000002,DRIVE_LANE,0,NONE,-4.9962,-4.9962,-X
33.4080,-7.173689,-9.500149,-0.000002,DRIVE_LANE,0,NONE,-4.9962,-4.9962,-X
33.4240,-7.181683,-9.500149,-0.000002,DRIVE_LANE,0,NONE,-4.9962,-4.9962,-X
33.4400,-7.189677,-9.500149,-0.000002,DRIVE_LANE,0,NONE,-4.9962,-4.9962,-X
33.4560,-7.197671,-9.500149,-0.000002,DRIVE_LANE,0,NONE,-4.9962,-4.9962,-X
33.4720,-7.205665,-9.500149,-0.000002,DRIVE_LANE,0,NONE,-4.9962,-4.9962,-X
33.4880,-7.213659,-9.500149,-0.000002,DRIVE_LANE,0,NONE,-4.9962,-4.9962,-X
33.5040,-7.221653,-9.500149,-0.000002,DRIVE_LANE,0,NONE,-4.9962,-4.9962,-X
33.5200,-7.229647,-9.500149,-0.000002,DRIVE_LANE,0,NONE,-4.9962,-4.9962,-X
33.5360,-7.237640,-9.500149,-0.000002,DRIVE_LANE,0,NONE,-4.9962,-4.9962,-X
33.5520,-7.245634,-9.500149,-0.000002,DRIVE_LANE,0,NONE,-4.9962,-4.9962,-X
33.5680,-7.253628,-9.500149,-0.000002,DRIVE_LANE,0,NONE,-4.9962,-4.9962,-X
33.5840,-7.261622,-9.500149,-0.000002,DRIVE_LANE,0,NONE,-4.9962,-4.9962,-X
33.6000,-7.269616,-9.500149,-0.000002,DRIVE_LANE,0,NONE,-4.9962,-4.9962,-X
33.6160,-7.277610,-9.500149,-0.000002,DRIVE_LANE,0,NONE,-4.9962,-4.9962,-X
33.6320,-7.285604,-9.500149,-0.000002,DRIVE_LANE,0,NONE,-4.9962,-4.9962,-X
33.6480,-7.293598,-9.500148,-0.000002,DRIVE_LANE,0,NONE,-4.9962,-4.9962,-X
33.6640,-7.301592,-9.500148,-0.000002,DRIVE_LANE,0,NONE,-4.9962,-4.9962,-X
33.6800,-7.309586,-9.500148,-0.000002,DRIVE_LANE,0,NONE,-4.9962,-4.9962,-X
33.6960,-7.317579,-9.500148,-0.000002,DRIVE_LANE,0,NONE,-4.9962,-4.9962,-X
33.7120,-7.325573,-9.500148,-0.000002,DRIVE_LANE,0,NONE,-4.9962,-4.9962,-X
33.7280,-7.333567,-9.500148,-0.000002,DRIVE_LANE,0,NONE,-4.9962,-4.9962,-X
33.7440,-7.341561,-9.500148,-0.000002,DRIVE_LANE,0,NONE,-4.9962,-4.9962,-X
33.7600,-7.349555,-9.500148,-0.000002,DRIVE_LANE,0,NONE,-4.9962,-4.9962,-X
33.7760,-7.357549,-9.500148,-0.000002,DRIVE_LANE,0,NONE,-4.9962,-4.9962,-X
33.7920,-7.365543,-9.500148,-0.000002,DRIVE_LANE,0,NONE,-4.9962,-4.9962,-X
33.8080,-7.373537,-9.500148,-0.000002,DRIVE_LANE,0,NONE,-4.9962,-4.9962,-X
33.8240,-7.381531,-9.500148,-0.000002,DRIVE_LANE,0,NONE,-4.9962,-4.9962,-X
33.8400,-7.389525,-9.500148,-0.000002,DRIVE_LANE,0,NONE,-4.9962,-4.9962,-X
33.8560,-7.397518,-9.500148,-0.000002,DRIVE_LANE,0,NONE,-4.9962,-4.9962,-X
33.8720,-7.405512,-9.500148,-0.000002,DRIVE_LANE,0,NONE,-4.9962,-4.9962,-X
33.8880,-7.413506,-9.500148,-0.000002,DRIVE_LANE,0,NONE,-4.9962,-4.9962,-X
33.9040,-7.421500,-9.500148,-0.000002,DRIVE_LANE,0,NONE,-4.9962,-4.9962,-X
33.9200,-7.429494,-9.500148,-0.000002,DRIVE_LANE,0,NONE,-4.9962,-4.9962,-X
33.9360,-7.437488,-9.500148,-0.000002,DRIVE_LANE,0,NONE,-4.9962,-4.9962,-X
33.9520,-7.445482,-9.500148,-0.000002,DRIVE_LANE,0,NONE,-4.9962,-4.9962,-X
33.9680,-7.453476,-9.500148,-0.000002,DRIVE_LANE,0,NONE,-4.9962,-4.9962,-X
33.9840,-7.461470,-9.500148,-0.000002,DRIVE_LANE,0,NONE,-4.9962,-4.9962,-X
34.0000,-7.469464,-9.500148,-0.000002,DRIVE_LANE,0,NONE,-4.9962,-4.9962,-X
34.0160,-7.477458,-9.500148,-0.000002,DRIVE_LANE,0,NONE,-4.9962,-4.9962,-X
34.0320,-7.485451,-9.500148,-0.000002,DRIVE_LANE,0,NONE,-4.9962,-4.9962,-X
34.0480,-7.493445,-9.500148,-0.000002,DRIVE_LANE,0,NONE,-4.9962,-4.9962,-X
34.0640,-7.501439,-9.500148,-0.000002,DRIVE_LANE,0,NONE,-4.9962,-4.9962,-X
34.0800,-7.509433,-9.500148,-0.000002,DRIVE_LANE,0,NONE,-4.9962,-4.9962,-X
34.0960,-7.517427,-9.500148,-0.000002,DRIVE_LANE,0,NONE,-4.9962,-4.9962,-X
34.1120,-7.525421,-9.500148,-0.000002,DRIVE_LANE,0,NONE,-4.9962,-4.9962,-X
34.1280,-7.533415,-9.500148,-0.000002,DRIVE_LANE,0,NONE,-4.9962,-4.9962,-X
34.1440,-7.541409,-9.500148,-0.000002,DRIVE_LANE,0,NONE,-4.9962,-4.9962,-X
34.1600,-7.549403,-9.500148,-0.000002,DRIVE_LANE,0,NONE,-4.9962,-4.9962,-X
34.1760,-7.557397,-9.500148,-0.000002,DRIVE_LANE,0,NONE,-4.9962,-4.9962,-X
34.1920,-7.565391,-9.500148,-0.000002,DRIVE_LANE,0,NONE,-4.9962,-4.9962,-X
34.2080,-7.573385,-9.500148,-0.000002,DRIVE_LANE,0,NONE,-4.9962,-4.9962,-X
34.2240,-7.581378,-9.500148,-0.000002,DRIVE_LANE,0,NONE,-4.9962,-4.9962,-X
34.2400,-7.589372,-9.500148,-0.000002,DRIVE_LANE,0,NONE,-4.9962,-4.9962,-X
34.2560,-7.597366,-9.500148,-0.000002,DRIVE_LANE,0,NONE,-4.9962,-4.9962,-X
34.2720,-7.605360,-9.500148,-0.000002,DRIVE_LANE,0,NONE,-4.9962,-4.9962,-X
34.2880,-7.613354,-9.500148,-0.000002,DRIVE_LANE,0,NONE,-4.9962,-4.9962,-X
34.3040,-7.621348,-9.500148,-0.000002,DRIVE_LANE,0,NONE,-4.9962,-4.9962,-X
34.3200,-7.629342,-9.500148,-0.000002,DRIVE_LANE,0,NONE,-4.9962,-4.9962,-X
34.3360,-7.637336,-9.500148,-0.000002,DRIVE_LANE,0,NONE,-4.9962,-4.9962,-X
34.3520,-7.645330,-9.500148,-0.000002,DRIVE_LANE,0,NONE,-4.9962,-4.9962,-X
34.3680,-7.653324,-9.500148,-0.000002,DRIVE_LANE,0,NONE,-4.9962,-4.9962,-X
34.3840,-7.661318,-9.500148,-0.000002,DRIVE_LANE,0,NONE,-4.9962,-4.9962,-X
34.4000,-7.669312,-9.500148,-0.000002,DRIVE_LANE,0,NONE,-4.9962,-4.9962,-X
34.4160,-7.677306,-9.500148,-0.000002,DRIVE_LANE,0,NONE,-4.9962,-4.9962,-X
34.4320,-7.685299,-9.500148,-0.000002,DRIVE_LANE,0,NONE,-4.9962,-4.9962,-X
34.4480,-7.693293,-9.500148,-0.000002,DRIVE_LANE,0,NONE,-4.9962,-4.9962,-X
34.4640,-7.701287,-9.500148,-0.000002,DRIVE_LANE,0,NONE,-4.9962,-4.9962,-X
34.4800,-7.709281,-9.500147,-0.000002,DRIVE_LANE,0,NONE,-4.9962,-4.9962,-X
34.4960,-7.717275,-9.500147,-0.000002,DRIVE_LANE,0,NONE,-4.9962,-4.9962,-X
34.5120,-7.725269,-9.500147,-0.000002,DRIVE_LANE,0,NONE,-4.9962,-4.9962,-X
34.5280,-7.733263,-9.500147,-0.000002,DRIVE_LANE,0,NONE,-4.9962,-4.9962,-X
34.5440,-7.741257,-9.500147,-0.000002,DRIVE_LANE,0,NONE,-4.9962,-4.9962,-X
34.5600,-7.749251,-9.500147,-0.000002,DRIVE_LANE,0,NONE,-4.9962,-4.9962,-X
34.5760,-7.757245,-9.500147,-0.000002,DRIVE_LANE,0,NONE,-4.9962,-4.9962,-X
34.5920,-7.765239,-9.500147,-0.000002,DRIVE_LANE,0,NONE,-4.9962,-4.9962,-X
34.6080,-7.773233,-9.500147,-0.000002,DRIVE_LANE,0,NONE,-4.9962,-4.9962,-X
34.6240,-7.781227,-9.500147,-0.000002,DRIVE_LANE,0,NONE,-4.9962,-4.9962,-X
34.6400,-7.789221,-9.500147,-0.000002,DRIVE_LANE,0,NONE,-4.9962,-4.9962,-X
34.6560,-7.797215,-9.500147,-0.000002,DRIVE_LANE,0,NONE,-4.9962,-4.9962,-X
34.6720,-7.805208,-9.500147,-0.000002,DRIVE_LANE,0,NONE,-4.9962,-4.9962,-X
34.6880,-7.813202,-9.500147,-0.000002,DRIVE_LANE,0,NONE,-4.9962,-4.9962,-X
34.7040,-7.821196,-9.500147,-0.000002,DRIVE_LANE,0,NONE,-4.9962,-4.9962,-X
34.7200,-7.829190,-9.500147,-0.000002,DRIVE_LANE,0,NONE,-4.9962,-4.9962,-X
34.7360,-7.837184,-9.500147,-0.000002,DRIVE_LANE,0,NONE,-4.9962,-4.9962,-X
34.7520,-7.845178,-9.500147,-0.000002,DRIVE_LANE,0,NONE,-4.9962,-4.9962,-X
34.7680,-7.853172,-9.500147,-0.000002,DRIVE_LANE,0,NONE,-4.9962,-4.9962,-X
34.7840,-7.861166,-9.500147,-0.000002,DRIVE_LANE,0,NONE,-4.9962,-4.9962,-X
34.8000,-7.869160,-9.500147,-0.000002,DRIVE_LANE,0,NONE,-4.9962,-4.9962,-X
34.8160,-7.877154,-9.500147,-0.000002,DRIVE_LANE,0,NONE,-4.9962,-4.9962,-X
34.8320,-7.885148,-9.500147,-0.000002,DRIVE_LANE,0,NONE,-4.9962,-4.9962,-X
34.8480,-7.893142,-9.500147,-0.000002,DRIVE_LANE,0,NONE,-4.9962,-4.9962,-X
34.8640,-7.901136,-9.500147,-0.000002,DRIVE_LANE,0,NONE,-4.9962,-4.9962,-X
34.8800,-7.909130,-9.500147,-0.000002,DRIVE_LANE,0,NONE,-4.9962,-4.9962,-X
34.8960,-7.917124,-9.500147,-0.000002,DRIVE_LANE,0,NONE,-4.9962,-4.9962,-X
34.9120,-7.925118,-9.500147,-0.000002,DRIVE_LANE,0,NONE,-4.9962,-4.9962,-X
34.9280,-7.933112,-9.500147,-0.000002,DRIVE_LANE,0,NONE,-4.9962,-4.9962,-X
34.9440,-7.941105,-9.500147,-0.000002,DRIVE_LANE,0,NONE,-4.9962,-4.9962,-X
34.9600,-7.949099,-9.500147,-0.000002,DRIVE_LANE,0,NONE,-4.9962,-4.9962,-X
34.9760,-7.957093,-9.500147,-0.000002,DRIVE_LANE,0,NONE,-4.9962,-4.9962,-X
34.9920,-7.965087,-9.500147,-0.000002,DRIVE_LANE,0,NONE,-4.9962,-4.9962,-X
35.0080,-7.973081,-9.500147,-0.000002,DRIVE_LANE,0,NONE,-4.9962,-4.9962,-X
35.0240,-7.981075,-9.500147,-0.000002,DRIVE_LANE,0,NONE,-4.9962,-4.9962,-X
35.0400,-7.989069,-9.500147,-0.000002,DRIVE_LANE,0,NONE,-4.9962,-4.9962,-X
35.0560,-7.997063,-9.500147,-0.000002,DRIVE_LANE,0,NONE,-4.9962,-4.9962,-X
35.0720,-8.005057,-9.500147,-0.000002,DRIVE_LANE,0,NONE,-4.9962,-4.9962,-X
35.0880,-8.013051,-9.500147,-0.000002,DRIVE_LANE,0,NONE,-4.9962,-4.9962,-X
35.1040,-8.021045,-9.500147,-0.000002,DRIVE_LANE,0,NONE,-4.9962,-4.9962,-X
35.1200,-8.029039,-9.500147,-0.000002,DRIVE_LANE,0,NONE,-4.9962,-4.9962,-X
35.1360,-8.037033,-9.500147,-0.000002,DRIVE_LANE,0,NONE,-4.9962,-4.9962,-X
35.1520,-8.045027,-9.500147,-0.000002,DRIVE_LANE,0,NONE,-4.9962,-4.9962,-X
35.1680,-8.053021,-9.500147,-0.000002,DRIVE_LANE,0,NONE,-4.9962,-4.9962,-X
35.1840,-8.061015,-9.500147,-0.000002,DRIVE_LANE,0,NONE,-4.9962,-4.9962,-X
35.2000,-8.069009,-9.500147,-0.000002,DRIVE_LANE,0,NONE,-4.9962,-4.9962,-X
35.2160,-8.077003,-9.500147,-0.000002,DRIVE_LANE,0,NONE,-4.9962,-4.9962,-X
35.2320,-8.084997,-9.500147,-0.000002,DRIVE_LANE,0,NONE,-4.9962,-4.9962,-X
35.2480,-8.092991,-9.500147,-0.000002,DRIVE_LANE,0,NONE,-4.9962,-4.9962,-X
35.2640,-8.100985,-9.500147,-0.000002,DRIVE_LANE,0,NONE,-4.9962,-4.9962,-X
35.2800,-8.108979,-9.500147,-0.000002,DRIVE_LANE,0,NONE,-4.9962,-4.9962,-X
35.2960,-8.116973,-9.500146,-0.000002,DRIVE_LANE,0,NONE,-4.9962,-4.9962,-X
35.3120,-8.124966,-9.500146,-0.000002,DRIVE_LANE,0,NONE,-4.9962,-4.9962,-X
35.3280,-8.132960,-9.500146,-0.000002,DRIVE_LANE,0,NONE,-4.9962,-4.9962,-X
35.3440,-8.140954,-9.500146,-0.000002,DRIVE_LANE,0,NONE,-4.9962,-4.9962,-X
35.3600,-8.148948,-9.500146,-0.000002,DRIVE_LANE,0,NONE,-4.9962,-4.9962,-X
35.3760,-8.156942,-9.500146,-0.000002,DRIVE_LANE,0,NONE,-4.9962,-4.9962,-X
35.3920,-8.164936,-9.500146,-0.000002,DRIVE_LANE,0,NONE,-4.9962,-4.9962,-X
35.4080,-8.172930,-9.500146,-0.000002,DRIVE_LANE,0,NONE,-4.9962,-4.9962,-X
35.4240,-8.180924,-9.500146,-0.000002,DRIVE_LANE,0,NONE,-4.9962,-4.9962,-X
35.4400,-8.188918,-9.500146,-0.000002,DRIVE_LANE,0,NONE,-4.9962,-4.9962,-X
35.4560,-8.196912,-9.500146,-0.000002,DRIVE_LANE,0,NONE,-4.9962,-4.9962,-X
35.4720,-8.204906,-9.500146,-0.000002,DRIVE_LANE,0,NONE,-4.9962,-4.9962,-X
35.4880,-8.212900,-9.500146,-0.000002,DRIVE_LANE,0,NONE,-4.9962,-4.9962,-X
35.5040,-8.220894,-9.500146,-0.000002,DRIVE_LANE,0,NONE,-4.9962,-4.9962,-X
35.5200,-8.228888,-9.500146,-0.000002,DRIVE_LANE,0,NONE,-4.9962,-4.9962,-X
35.5360,-8.236882,-9.500146,-0.000002,DRIVE_LANE,0,NONE,-4.9962,-4.9962,-X
35.5520,-8.244876,-9.500146,-0.000002,DRIVE_LANE,0,NONE,-4.9962,-4.9962,-X
35.5680,-8.252870,-9.500146,-0.000002,DRIVE_LANE,0,NONE,-4.9962,-4.9962,-X
35.5840,-8.260864,-9.500146,-0.000002,DRIVE_LANE,0,NONE,-4.9962,-4.9962,-X
35.6000,-8.268858,-9.500146,-0.000002,DRIVE_LANE,0,NONE,-4.9962,-4.9962,-X
35.6160,-8.276852,-9.500146,-0.000002,DRIVE_LANE,0,NONE,-4.9962,-4.9962,-X
35.6320,-8.284846,-9.500146,-0.000002,DRIVE_LANE,0,NONE,-4.9962,-4.9962,-X
35.6480,-8.292840,-9.500146,-0.000002,DRIVE_LANE,0,NONE,-4.9962,-4.9962,-X
35.6640,-8.300834,-9.500146,-0.000002,DRIVE_LANE,0,NONE,-4.9962,-4.9962,-X
35.6800,-8.308828,-9.500146,-0.000002,DRIVE_LANE,0,NONE,-4.9962,-4.9962,-X
35.6960,-8.316822,-9.500146,-0.000002,DRIVE_LANE,0,NONE,-4.9962,-4.9962,-X
35.7120,-8.324816,-9.500146,-0.000002,DRIVE_LANE,0,NONE,-4.9962,-4.9962,-X
35.7280,-8.332810,-9.500146,-0.000002,DRIVE_LANE,0,NONE,-4.9962,-4.9962,-X
35.7440,-8.340804,-9.500146,-0.000002,DRIVE_LANE,0,NONE,-4.9962,-4.9962,-X
35.7600,-8.348798,-9.500146,-0.000002,DRIVE_LANE,0,NONE,-4.9962,-4.9962,-X
35.7760,-8.356792,-9.500146,-0.000002,DRIVE_LANE,0,NONE,-4.9962,-4.9962,-X
35.7920,-8.364786,-9.500146,-0.000002,DRIVE_LANE,0,NONE,-4.9962,-4.9962,-X
35.8080,-8.372780,-9.500146,-0.000002,DRIVE_LANE,0,NONE,-4.9962,-4.9962,-X
35.8240,-8.380774,-9.500146,-0.000002,DRIVE_LANE,0,NONE,-4.9962,-4.9962,-X
35.8400,-8.388768,-9.500146,-0.000002,DRIVE_LANE,0,NONE,-4.9962,-4.9962,-X
35.8560,-8.396762,-9.500146,-0.000002,DRIVE_LANE,0,NONE,-4.9962,-4.9962,-X
35.8720,-8.404756,-9.500146,-0.000002,DRIVE_LANE,0,NONE,-4.9962,-4.9962,-X
35.8880,-8.412750,-9.500146,-0.000002,DRIVE_LANE,0,NONE,-4.9962,-4.9962,-X
35.9040,-8.420744,-9.500146,-0.000002,DRIVE_LANE,0,NONE,-4.9962,-4.9962,-X
35.9200,-8.428738,-9.500146,-0.000002,DRIVE_LANE,0,NONE,-4.9962,-4.9962,-X
35.9360,-8.436732,-9.500146,-0.000002,DRIVE_LANE,0,NONE,-4.9962,-4.9962,-X
35.9520,-8.444726,-9.500146,-0.000002,DRIVE_LANE,0,NONE,-4.9962,-4.9962,-X
35.9680,-8.452720,-9.500146,-0.000002,DRIVE_LANE,0,NONE,-4.9962,-4.9962,-X
35.9840,-8.460714,-9.500146,-0.000002,DRIVE_LANE,0,NONE,-4.9962,-4.9962,-X
36.0000,-8.468708,-9.500146,-0.000002,DRIVE_LANE,0,NONE,-4.9962,-4.9962,-X
36.0160,-8.476702,-9.500146,-0.000002,DRIVE_LANE,0,NONE,-4.9962,-4.9962,-X
36.0320,-8.484695,-9.500146,-0.000002,DRIVE_LANE,0,NONE,-4.9962,-4.9962,-X
36.0480,-8.492689,-9.500146,-0.000002,DRIVE_LANE,0,NONE,-4.9962,-4.9962,-X
36.0640,-8.500683,-9.500146,-0.000002,DRIVE_LANE,0,NONE,-4.9962,-4.9962,-X
36.0800,-8.508677,-9.500146,-0.000002,DRIVE_LANE,0,NONE,-4.9962,-4.9962,-X
36.0960,-8.516671,-9.500146,-0.000002,DRIVE_LANE,0,NONE,-4.9962,-4.9962,-X
36.1120,-8.524665,-9.500146,-0.000002,DRIVE_LANE,0,NONE,-4.9962,-4.9962,-X
36.1280,-8.532659,-9.500145,-0.000002,DRIVE_LANE,0,NONE,-4.9962,-4.9962,-X
36.1440,-8.540653,-9.500145,-0.000002,DRIVE_LANE,0,NONE,-4.9962,-4.9962,-X
36.1600,-8.548647,-9.500145,-0.000002,DRIVE_LANE,0,NONE,-4.9962,-4.9962,-X
36.1760,-8.556641,-9.500145,-0.000002,DRIVE_LANE,0,NONE,-4.9962,-4.9962,-X
36.1920,-8.564635,-9.500145,-0.000002,DRIVE_LANE,0,NONE,-4.9962,-4.9962,-X
36.2080,-8.572629,-9.500145,-0.000002,DRIVE_LANE,0,NONE,-4.9962,-4.9962,-X
36.2240,-8.580623,-9.500145,-0.000002,DRIVE_LANE,0,NONE,-4.9962,-4.9962,-X
36.2400,-8.588617,-9.500145,-0.000002,DRIVE_LANE,0,NONE,-4.9963,-4.9963,-X
36.2560,-8.596611,-9.500145,-0.000002,DRIVE_LANE,0,NONE,-4.9963,-4.9963,-X
36.2720,-8.604605,-9.500145,-0.000002,DRIVE_LANE,0,NONE,-4.9963,-4.9963,-X
36.2880,-8.612599,-9.500145,-0.000002,DRIVE_LANE,0,NONE,-4.9963,-4.9963,-X
36.3040,-8.620593,-9.500145,-0.000002,DRIVE_LANE,0,NONE,-4.9963,-4.9963,-X
36.3200,-8.628587,-9.500145,-0.000002,DRIVE_LANE,0,NONE,-4.9963,-4.9963,-X
36.3360,-8.636581,-9.500145,-0.000002,DRIVE_LANE,0,NONE,-4.9963,-4.9963,-X
36.3520,-8.644575,-9.500145,-0.000002,DRIVE_LANE,0,NONE,-4.9963,-4.9963,-X
36.3680,-8.652569,-9.500145,-0.000002,DRIVE_LANE,0,NONE,-4.9963,-4.9963,-X
36.3840,-8.660563,-9.500145,-0.000002,DRIVE_LANE,0,NONE,-4.9963,-4.9963,-X
36.4000,-8.668557,-9.500145,-0.000002,DRIVE_LANE,0,NONE,-4.9963,-4.9963,-X
36.4160,-8.676551,-9.500145,-0.000002,DRIVE_LANE,0,NONE,-4.9963,-4.9963,-X
36.4320,-8.684545,-9.500145,-0.000002,DRIVE_LANE,0,NONE,-4.9963,-4.9963,-X
36.4480,-8.692540,-9.500145,-0.000002,DRIVE_LANE,0,NONE,-4.9963,-4.9963,-X
36.4640,-8.700534,-9.500145,-0.000002,DRIVE_LANE,0,NONE,-4.9963,-4.9963,-X
36.4800,-8.708528,-9.500145,-0.000002,DRIVE_LANE,0,NONE,-4.9963,-4.9963,-X
36.4960,-8.716522,-9.500145,-0.000002,DRIVE_LANE,0,NONE,-4.9963,-4.9963,-X
36.5120,-8.724516,-9.500145,-0.000002,DRIVE_LANE,0,NONE,-4.9963,-4.9963,-X
36.5280,-8.732510,-9.500145,-0.000002,DRIVE_LANE,0,NONE,-4.9963,-4.9963,-X
36.5440,-8.740504,-9.500145,-0.000002,DRIVE_LANE,0,NONE,-4.9963,-4.9963,-X
36.5600,-8.748498,-9.500145,-0.000002,DRIVE_LANE,0,NONE,-4.9963,-4.9963,-X
36.5760,-8.756492,-9.500145,-0.000002,DRIVE_LANE,0,NONE,-4.9963,-4.9963,-X
36.5920,-8.764486,-9.500145,-0.000002,DRIVE_LANE,0,NONE,-4.9963,-4.9963,-X
36.6080,-8.772480,-9.500145,-0.000002,DRIVE_LANE,0,NONE,-4.9963,-4.9963,-X
36.6240,-8.780474,-9.500145,-0.000002,DRIVE_LANE,0,NONE,-4.9963,-4.9963,-X
36.6400,-8.788468,-9.500145,-0.000002,DRIVE_LANE,0,NONE,-4.9963,-4.9963,-X
36.6560,-8.796462,-9.500145,-0.000002,DRIVE_LANE,0,NONE,-4.9963,-4.9963,-X
36.6720,-8.804456,-9.500145,-0.000002,DRIVE_LANE,0,NONE,-4.9963,-4.9963,-X
36.6880,-8.812450,-9.500145,-0.000002,DRIVE_LANE,0,NONE,-4.9963,-4.9963,-X
36.7040,-8.820444,-9.500145,-0.000002,DRIVE_LANE,0,NONE,-4.9963,-4.9963,-X
36.7200,-8.828438,-9.500145,-0.000002,DRIVE_LANE,0,NONE,-4.9963,-4.9963,-X
36.7360,-8.836432,-9.500145,-0.000002,APPROACH_BOUNDARY,0,NONE,-4.9963,-4.9963,-X
36.7520,-8.844426,-9.500145,-0.000002,APPROACH_BOUNDARY,0,NONE,-4.8991,-4.8991,-X
36.7680,-8.852270,-9.500145,-0.000002,APPROACH_BOUNDARY,0,NONE,-4.8469,-4.8469,-X
36.7840,-8.860027,-9.500145,-0.000002,APPROACH_BOUNDARY,0,NONE,-4.7952,-4.7952,-X
36.8000,-8.867701,-9.500145,-0.000002,APPROACH_BOUNDARY,0,NONE,-4.7441,-4.7441,-X
36.8160,-8.875292,-9.500145,-0.000002,APPROACH_BOUNDARY,0,NONE,-4.6935,-4.6935,-X
36.8320,-8.882803,-9.500145,-0.000002,APPROACH_BOUNDARY,0,NONE,-4.6435,-4.6435,-X
36.8480,-8.890233,-9.500145,-0.000002,APPROACH_BOUNDARY,0,NONE,-4.5940,-4.5940,-X
36.8640,-8.897584,-9.500145,-0.000002,APPROACH_BOUNDARY,0,NONE,-4.5450,-4.5450,-X
36.8800,-8.904857,-9.500145,-0.000002,APPROACH_BOUNDARY,0,NONE,-4.4966,-4.4966,-X
36.8960,-8.912051,-9.500145,-0.000002,APPROACH_BOUNDARY,0,NONE,-4.4486,-4.4486,-X
36.9120,-8.919169,-9.500145,-0.000002,APPROACH_BOUNDARY,0,NONE,-4.4012,-4.4012,-X
36.9280,-8.926212,-9.500145,-0.000002,APPROACH_BOUNDARY,0,NONE,-4.3543,-4.3543,-X
36.9440,-8.933179,-9.500145,-0.000002,APPROACH_BOUNDARY,0,NONE,-4.3079,-4.3079,-X
36.9600,-8.940071,-9.500145,-0.000002,APPROACH_BOUNDARY,0,NONE,-4.2620,-4.2620,-X
36.9760,-8.946890,-9.500144,-0.000002,APPROACH_BOUNDARY,0,NONE,-4.2165,-4.2165,-X
36.9920,-8.953637,-9.500144,-0.000002,APPROACH_BOUNDARY,0,NONE,-4.1716,-4.1716,-X
37.0080,-8.960311,-9.500144,-0.000002,APPROACH_BOUNDARY,0,NONE,-4.1271,-4.1271,-X
37.0240,-8.966915,-9.500144,-0.000002,APPROACH_BOUNDARY,0,NONE,-4.0831,-4.0831,-X
37.0400,-8.973448,-9.500144,-0.000002,APPROACH_BOUNDARY,0,NONE,-4.0396,-4.0396,-X
37.0560,-8.979911,-9.500144,-0.000002,APPROACH_BOUNDARY,0,NONE,-3.9966,-3.9966,-X
37.0720,-8.986306,-9.500144,-0.000002,APPROACH_BOUNDARY,0,NONE,-3.9540,-3.9540,-X
37.0880,-8.992632,-9.500144,-0.000002,APPROACH_BOUNDARY,0,NONE,-3.9118,-3.9118,-X
37.1040,-8.998891,-9.500144,-0.000002,APPROACH_BOUNDARY,0,NONE,-3.8700,-3.8700,-X
37.1200,-9.005083,-9.500144,-0.000002,APPROACH_BOUNDARY,0,NONE,-3.8287,-3.8287,-X
37.1360,-9.011209,-9.500144,-0.000002,APPROACH_BOUNDARY,0,NONE,-3.7878,-3.7878,-X
37.1520,-9.017269,-9.500144,-0.000002,APPROACH_BOUNDARY,0,NONE,-3.7473,-3.7473,-X
37.1680,-9.023265,-9.500144,-0.000002,APPROACH_BOUNDARY,0,NONE,-3.7073,-3.7073,-X
37.1840,-9.029196,-9.500144,-0.000002,APPROACH_BOUNDARY,0,NONE,-3.6677,-3.6677,-X
37.2000,-9.035064,-9.500144,-0.000002,APPROACH_BOUNDARY,0,NONE,-3.6285,-3.6285,-X
37.2160,-9.040870,-9.500144,-0.000002,APPROACH_BOUNDARY,0,NONE,-3.5897,-3.5897,-X
37.2320,-9.046613,-9.500144,-0.000002,APPROACH_BOUNDARY,0,NONE,-3.5514,-3.5514,-X
37.2480,-9.052296,-9.500144,-0.000002,APPROACH_BOUNDARY,0,NONE,-3.5134,-3.5134,-X
37.2640,-9.057917,-9.500144,-0.000002,APPROACH_BOUNDARY,0,NONE,-3.4759,-3.4759,-X
37.2800,-9.063478,-9.500144,-0.000002,APPROACH_BOUNDARY,0,NONE,-3.4387,-3.4387,-X
37.2960,-9.068980,-9.500144,-0.000002,APPROACH_BOUNDARY,0,NONE,-3.4020,-3.4020,-X
37.3120,-9.074423,-9.500144,-0.000002,APPROACH_BOUNDARY,0,NONE,-3.3656,-3.3656,-X
37.3280,-9.079808,-9.500144,-0.000002,APPROACH_BOUNDARY,0,NONE,-3.3296,-3.3296,-X
37.3440,-9.085136,-9.500144,-0.000002,APPROACH_BOUNDARY,0,NONE,-3.2940,-3.2940,-X
37.3600,-9.090406,-9.500144,-0.000002,APPROACH_BOUNDARY,0,NONE,-3.2588,-3.2588,-X
37.3760,-9.095620,-9.500144,-0.000002,APPROACH_BOUNDARY,0,NONE,-3.2240,-3.2240,-X
37.3920,-9.100778,-9.500144,-0.000002,APPROACH_BOUNDARY,0,NONE,-3.1895,-3.1895,-X
37.4080,-9.105881,-9.500144,-0.000002,APPROACH_BOUNDARY,0,NONE,-3.1554,-3.1554,-X
37.4240,-9.110930,-9.500144,-0.000002,APPROACH_BOUNDARY,0,NONE,-3.1217,-3.1217,-X
37.4400,-9.115925,-9.500144,-0.000002,APPROACH_BOUNDARY,0,NONE,-3.0883,-3.0883,-X
37.4560,-9.120866,-9.500144,-0.000002,APPROACH_BOUNDARY,0,NONE,-3.0552,-3.0552,-X
37.4720,-9.125754,-9.500144,-0.000002,APPROACH_BOUNDARY,0,NONE,-3.0225,-3.0225,-X
37.4880,-9.130590,-9.500144,-0.000002,APPROACH_BOUNDARY,0,NONE,-2.9902,-2.9902,-X
37.5040,-9.135374,-9.500144,-0.000002,APPROACH_BOUNDARY,0,NONE,-2.9582,-2.9582,-X
37.5200,-9.140107,-9.500144,-0.000002,APPROACH_BOUNDARY,0,NONE,-2.9265,-2.9265,-X
37.5360,-9.144790,-9.500144,-0.000002,APPROACH_BOUNDARY,0,NONE,-2.8952,-2.8952,-X
37.5520,-9.149422,-9.500144,-0.000002,APPROACH_BOUNDARY,0,NONE,-2.8642,-2.8642,-X
37.5680,-9.154005,-9.500144,-0.000002,APPROACH_BOUNDARY,0,NONE,-2.8335,-2.8335,-X
37.5840,-9.158538,-9.500144,-0.000002,APPROACH_BOUNDARY,0,NONE,-2.8032,-2.8032,-X
37.6000,-9.163023,-9.500144,-0.000002,APPROACH_BOUNDARY,0,NONE,-2.7732,-2.7732,-X
37.6160,-9.167460,-9.500144,-0.000002,APPROACH_BOUNDARY,0,NONE,-2.7435,-2.7435,-X
37.6320,-9.171850,-9.500144,-0.000002,APPROACH_BOUNDARY,0,NONE,-2.7141,-2.7141,-X
37.6480,-9.176192,-9.500144,-0.000002,APPROACH_BOUNDARY,0,NONE,-2.6850,-2.6850,-X
37.6640,-9.180488,-9.500144,-0.000002,APPROACH_BOUNDARY,0,NONE,-2.6562,-2.6562,-X
37.6800,-9.184738,-9.500144,-0.000002,APPROACH_BOUNDARY,0,NONE,-2.6277,-2.6277,-X
37.6960,-9.188942,-9.500144,-0.000002,APPROACH_BOUNDARY,0,NONE,-2.5995,-2.5995,-X
37.7120,-9.193102,-9.500144,-0.000002,APPROACH_BOUNDARY,0,NONE,-2.5716,-2.5716,-X
37.7280,-9.197216,-9.500144,-0.000002,APPROACH_BOUNDARY,0,NONE,-2.5440,-2.5440,-X
37.7440,-9.201287,-9.500144,-0.000002,APPROACH_BOUNDARY,0,NONE,-2.5167,-2.5167,-X
37.7600,-9.205313,-9.500144,-0.000002,APPROACH_BOUNDARY,0,NONE,-2.4897,-2.4897,-X
37.7760,-9.209297,-9.500144,-0.000002,APPROACH_BOUNDARY,0,NONE,-2.4630,-2.4630,-X
37.7920,-9.213237,-9.500144,-0.000002,APPROACH_BOUNDARY,0,NONE,-2.4365,-2.4365,-X
37.8080,-9.217136,-9.500144,-0.000002,APPROACH_BOUNDARY,0,NONE,-2.4103,-2.4103,-X
37.8240,-9.220992,-9.500144,-0.000002,APPROACH_BOUNDARY,0,NONE,-2.3844,-2.3844,-X
37.8400,-9.224807,-9.500144,-0.000002,APPROACH_BOUNDARY,0,NONE,-2.3588,-2.3588,-X
37.8560,-9.228581,-9.500144,-0.000002,APPROACH_BOUNDARY,0,NONE,-2.3334,-2.3334,-X
37.8720,-9.232315,-9.500144,-0.000002,APPROACH_BOUNDARY,0,NONE,-2.3083,-2.3083,-X
37.8880,-9.236008,-9.500144,-0.000002,APPROACH_BOUNDARY,0,NONE,-2.2834,-2.2834,-X
37.9040,-9.239661,-9.500144,-0.000002,APPROACH_BOUNDARY,0,NONE,-2.2588,-2.2588,-X
37.9200,-9.243275,-9.500144,-0.000002,APPROACH_BOUNDARY,0,NONE,-2.2345,-2.2345,-X
37.9360,-9.246851,-9.500144,-0.000002,APPROACH_BOUNDARY,0,NONE,-2.2104,-2.2104,-X
37.9520,-9.250387,-9.500144,-0.000002,APPROACH_BOUNDARY,0,NONE,-2.1865,-2.1865,-X
37.9680,-9.253886,-9.500144,-0.000002,APPROACH_BOUNDARY,0,NONE,-2.1629,-2.1629,-X
37.9840,-9.257346,-9.500144,-0.000002,APPROACH_BOUNDARY,0,NONE,-2.1396,-2.1396,-X
38.0000,-9.260769,-9.500144,-0.000002,APPROACH_BOUNDARY,0,NONE,-2.1164,-2.1164,-X
38.0160,-9.264156,-9.500144,-0.000002,APPROACH_BOUNDARY,0,NONE,-2.0935,-2.0935,-X
38.0320,-9.267505,-9.500144,-0.000002,APPROACH_BOUNDARY,0,NONE,-2.0708,-2.0708,-X
38.0480,-9.270819,-9.500144,-0.000002,APPROACH_BOUNDARY,0,NONE,-2.0484,-2.0484,-X
38.0640,-9.274096,-9.500144,-0.000002,APPROACH_BOUNDARY,0,NONE,-2.0262,-2.0262,-X
38.0800,-9.277338,-9.500144,-0.000002,APPROACH_BOUNDARY,0,NONE,-2.0042,-2.0042,-X
38.0960,-9.280545,-9.500144,-0.000002,APPROACH_BOUNDARY,0,NONE,-1.9824,-1.9824,-X
38.1120,-9.283716,-9.500144,-0.000002,APPROACH_BOUNDARY,0,NONE,-1.9608,-1.9608,-X
38.1280,-9.286854,-9.500144,-0.000002,APPROACH_BOUNDARY,0,NONE,-1.9395,-1.9395,-X
38.1440,-9.289957,-9.500144,-0.000002,APPROACH_BOUNDARY,0,NONE,-1.9183,-1.9183,-X
38.1600,-9.293026,-9.500144,-0.000002,APPROACH_BOUNDARY,0,NONE,-1.8974,-1.8974,-X
38.1760,-9.296062,-9.500144,-0.000002,APPROACH_BOUNDARY,0,NONE,-1.8766,-1.8766,-X
38.1920,-9.299064,-9.500144,-0.000002,APPROACH_BOUNDARY,0,NONE,-1.8561,-1.8561,-X
38.2080,-9.302034,-9.500144,-0.000002,APPROACH_BOUNDARY,0,NONE,-1.8357,-1.8357,-X
38.2240,-9.304971,-9.500144,-0.000002,APPROACH_BOUNDARY,0,NONE,-1.8155,-1.8155,-X
38.2400,-9.307876,-9.500144,-0.000002,APPROACH_BOUNDARY,0,NONE,-1.7955,-1.7955,-X
38.2560,-9.310749,-9.500144,-0.000002,APPROACH_BOUNDARY,0,NONE,-1.7757,-1.7757,-X
38.2720,-9.313590,-9.500144,-0.000002,APPROACH_BOUNDARY,0,NONE,-1.7561,-1.7561,-X
38.2880,-9.316399,-9.500144,-0.000002,APPROACH_BOUNDARY,0,NONE,-1.7366,-1.7366,-X
38.3040,-9.319178,-9.500144,-0.000002,APPROACH_BOUNDARY,0,NONE,-1.7173,-1.7173,-X
38.3200,-9.321926,-9.500144,-0.000002,APPROACH_BOUNDARY,0,NONE,-1.6981,-1.6981,-X
38.3360,-9.324643,-9.500144,-0.000002,APPROACH_BOUNDARY,0,NONE,-1.6791,-1.6791,-X
38.3520,-9.327329,-9.500144,-0.000002,APPROACH_BOUNDARY,0,NONE,-1.6603,-1.6603,-X
38.3680,-9.329986,-9.500144,-0.000002,APPROACH_BOUNDARY,0,NONE,-1.6416,-1.6416,-X
38.3840,-9.332612,-9.500144,-0.000002,APPROACH_BOUNDARY,0,NONE,-1.6230,-1.6230,-X
38.4000,-9.335209,-9.500144,-0.000002,APPROACH_BOUNDARY,0,NONE,-1.6046,-1.6046,-X
38.4160,-9.337776,-9.500144,-0.000002,APPROACH_BOUNDARY,0,NONE,-1.5863,-1.5863,-X
38.4320,-9.340314,-9.500144,-0.000002,APPROACH_BOUNDARY,0,NONE,-1.5681,-1.5681,-X
38.4480,-9.342823,-9.500144,-0.000002,APPROACH_BOUNDARY,0,NONE,-1.5500,-1.5500,-X
38.4640,-9.345303,-9.500144,-0.000002,APPROACH_BOUNDARY,0,NONE,-1.5320,-1.5320,-X
38.4800,-9.347755,-9.500144,-0.000002,APPROACH_BOUNDARY,0,NONE,-1.5141,-1.5141,-X
38.4960,-9.350177,-9.500143,-0.000002,APPROACH_BOUNDARY,0,NONE,-1.4963,-1.4963,-X
38.5120,-9.352571,-9.500143,-0.000002,APPROACH_BOUNDARY,0,NONE,-1.4785,-1.4785,-X
38.5280,-9.354937,-9.500143,-0.000002,APPROACH_BOUNDARY,0,NONE,-1.4608,-1.4608,-X
38.5440,-9.357274,-9.500143,-0.000002,APPROACH_BOUNDARY,0,NONE,-1.4431,-1.4431,-X
38.5600,-9.359583,-9.500143,-0.000002,APPROACH_BOUNDARY,0,NONE,-1.4255,-1.4255,-X
38.5760,-9.361864,-9.500143,-0.000002,APPROACH_BOUNDARY,0,NONE,-1.4078,-1.4078,-X
38.5920,-9.364116,-9.500143,-0.000002,APPROACH_BOUNDARY,0,NONE,-1.3901,-1.3901,-X
38.6080,-9.366340,-9.500143,-0.000002,APPROACH_BOUNDARY,0,NONE,-1.3724,-1.3724,-X
38.6240,-9.368536,-9.500143,-0.000002,APPROACH_BOUNDARY,0,NONE,-1.3546,-1.3546,-X
38.6400,-9.370704,-9.500143,-0.000002,APPROACH_BOUNDARY,0,NONE,-1.3367,-1.3367,-X
38.6560,-9.372842,-9.500143,-0.000002,APPROACH_BOUNDARY,0,NONE,-1.3187,-1.3187,-X
38.6720,-9.374952,-9.500143,-0.000002,APPROACH_BOUNDARY,0,NONE,-1.3005,-1.3005,-X
38.6880,-9.377033,-9.500143,-0.000002,APPROACH_BOUNDARY,0,NONE,-1.2821,-1.2821,-X
38.7040,-9.379085,-9.500143,-0.000002,APPROACH_BOUNDARY,0,NONE,-1.2634,-1.2634,-X
38.7200,-9.381106,-9.500143,-0.000002,APPROACH_BOUNDARY,0,NONE,-1.2444,-1.2444,-X
38.7360,-9.383097,-9.500143,-0.000002,APPROACH_BOUNDARY,0,NONE,-1.2250,-1.2250,-X
38.7520,-9.385057,-9.500143,-0.000002,APPROACH_BOUNDARY,0,NONE,-1.2051,-1.2051,-X
38.7680,-9.386985,-9.500143,-0.000002,APPROACH_BOUNDARY,0,NONE,-1.1847,-1.1847,-X
38.7840,-9.388881,-9.500143,-0.000002,APPROACH_BOUNDARY,0,NONE,-1.1635,-1.1635,-X
38.8000,-9.390743,-9.500143,-0.000002,APPROACH_BOUNDARY,0,NONE,-1.1416,-1.1416,-X
38.8160,-9.392570,-9.500143,-0.000002,APPROACH_BOUNDARY,0,NONE,-1.1188,-1.1188,-X
38.8320,-9.394360,-9.500143,-0.000002,APPROACH_BOUNDARY,0,NONE,-1.0948,-1.0948,-X
38.8480,-9.396112,-9.500143,-0.000002,APPROACH_BOUNDARY,0,NONE,-1.0695,-1.0695,-X
38.8640,-9.397823,-9.500143,-0.000002,APPROACH_BOUNDARY,0,NONE,-1.0426,-1.0426,-X
38.8800,-9.399491,-9.500143,-0.000002,APPROACH_BOUNDARY,0,NONE,-1.0139,-1.0139,-X
38.8960,-9.401114,-9.500143,-0.000002,APPROACH_BOUNDARY,0,NONE,-1.0000,-1.0000,-X
38.9120,-9.402714,-9.500143,-0.000002,APPROACH_BOUNDARY,0,NONE,-1.0000,-1.0000,-X
38.9280,-9.404312,-9.500143,-0.000002,APPROACH_BOUNDARY,0,NONE,-1.0000,-1.0000,-X
38.9440,-9.405911,-9.500143,-0.000002,APPROACH_BOUNDARY,0,NONE,-1.0000,-1.0000,-X
38.9600,-9.407511,-9.500143,-0.000002,APPROACH_BOUNDARY,0,NONE,-1.0000,-1.0000,-X
38.9760,-9.409110,-9.500143,-0.000002,APPROACH_BOUNDARY,0,NONE,-1.0000,-1.0000,-X
38.9920,-9.410709,-9.500143,-0.000002,APPROACH_BOUNDARY,0,NONE,-1.0000,-1.0000,-X
39.0080,-9.412309,-9.500143,-0.000002,APPROACH_BOUNDARY,0,NONE,-1.0000,-1.0000,-X
39.0240,-9.413909,-9.500143,-0.000002,APPROACH_BOUNDARY,0,NONE,-1.0000,-1.0000,-X
39.0400,-9.415508,-9.500143,-0.000002,APPROACH_BOUNDARY,0,NONE,-1.0000,-1.0000,-X
39.0560,-9.417108,-9.500143,-0.000002,APPROACH_BOUNDARY,0,NONE,-1.0000,-1.0000,-X
39.0720,-9.418708,-9.500143,-0.000002,APPROACH_BOUNDARY,0,NONE,-1.0000,-1.0000,-X
39.0880,-9.420308,-9.500143,-0.000002,STOP_AT_BOUNDARY,0,NONE,-0.0000,-0.0000,-X
39.1040,-9.420363,-9.500143,-0.000002,STOP_AT_BOUNDARY,0,NONE,-0.0000,-0.0000,-X
39.1200,-9.420355,-9.500143,-0.000002,STOP_AT_BOUNDARY,0,NONE,-0.0000,-0.0000,-X
39.1360,-9.420345,-9.500143,-0.000002,STOP_AT_BOUNDARY,0,NONE,-0.0000,-0.0000,-X
39.1520,-9.420338,-9.500143,-0.000002,STOP_AT_BOUNDARY,0,NONE,-0.0000,-0.0000,-X
39.1680,-9.420332,-9.500143,-0.000002,TURN_TO_SHIFT,0,TURN_TO_SHIFT,-0.0000,-0.0000,-X
39.1840,-9.420327,-9.500143,-0.000002,TURN_TO_SHIFT,0,TURN_TO_SHIFT,1.7600,-1.7600,-X
39.2000,-9.420323,-9.499577,-0.002617,TURN_TO_SHIFT,0,TURN_TO_SHIFT,1.7600,-1.7600,-X
39.2160,-9.420322,-9.498435,-0.007857,TURN_TO_SHIFT,0,TURN_TO_SHIFT,1.7600,-1.7600,-X
39.2320,-9.420321,-9.496714,-0.015743,TURN_TO_SHIFT,0,TURN_TO_SHIFT,1.7600,-1.7600,-X
39.2480,-9.420317,-9.494404,-0.026295,TURN_TO_SHIFT,0,TURN_TO_SHIFT,1.7600,-1.7600,-X
39.2640,-9.420246,-9.491879,-0.037786,TURN_TO_SHIFT,0,TURN_TO_SHIFT,1.7600,-1.7600,-X
39.2800,-9.420144,-9.489351,-0.049280,TURN_TO_SHIFT,0,TURN_TO_SHIFT,1.7600,-1.7600,-X
39.2960,-9.420011,-9.486824,-0.060774,TURN_TO_SHIFT,0,TURN_TO_SHIFT,1.7600,-1.7600,-X
39.3120,-9.419848,-9.484300,-0.072269,TURN_TO_SHIFT,0,TURN_TO_SHIFT,1.7600,-1.7600,-X
39.3280,-9.419655,-9.481779,-0.083764,TURN_TO_SHIFT,0,TURN_TO_SHIFT,1.7600,-1.7600,-X
39.3440,-9.419432,-9.479260,-0.095259,TURN_TO_SHIFT,0,TURN_TO_SHIFT,1.7600,-1.7600,-X
39.3600,-9.419180,-9.476745,-0.106753,TURN_TO_SHIFT,0,TURN_TO_SHIFT,1.7600,-1.7600,-X
39.3760,-9.418898,-9.474233,-0.118248,TURN_TO_SHIFT,0,TURN_TO_SHIFT,1.7600,-1.7600,-X
39.3920,-9.418587,-9.471725,-0.129743,TURN_TO_SHIFT,0,TURN_TO_SHIFT,1.7600,-1.7600,-X
39.4080,-9.418247,-9.469221,-0.141237,TURN_TO_SHIFT,0,TURN_TO_SHIFT,1.7600,-1.7600,-X
39.4240,-9.417878,-9.466721,-0.152732,TURN_TO_SHIFT,0,TURN_TO_SHIFT,1.7600,-1.7600,-X
39.4400,-9.417480,-9.464225,-0.164226,TURN_TO_SHIFT,0,TURN_TO_SHIFT,1.7600,-1.7600,-X
39.4560,-9.417053,-9.461735,-0.175721,TURN_TO_SHIFT,0,TURN_TO_SHIFT,1.7600,-1.7600,-X
39.4720,-9.416597,-9.459249,-0.187215,TURN_TO_SHIFT,0,TURN_TO_SHIFT,1.7600,-1.7600,-X
39.4880,-9.416113,-9.456769,-0.198709,TURN_TO_SHIFT,0,TURN_TO_SHIFT,1.7600,-1.7600,-X
39.5040,-9.415600,-9.454295,-0.210203,TURN_TO_SHIFT,0,TURN_TO_SHIFT,1.7600,-1.7600,-X
39.5200,-9.415059,-9.451827,-0.221697,TURN_TO_SHIFT,0,TURN_TO_SHIFT,1.7600,-1.7600,-X
39.5360,-9.414489,-9.449365,-0.233191,TURN_TO_SHIFT,0,TURN_TO_SHIFT,1.7600,-1.7600,-X
39.5520,-9.413891,-9.446910,-0.244685,TURN_TO_SHIFT,0,TURN_TO_SHIFT,1.7600,-1.7600,-X
39.5680,-9.413265,-9.444462,-0.256178,TURN_TO_SHIFT,0,TURN_TO_SHIFT,1.7600,-1.7600,-X
39.5840,-9.412611,-9.442022,-0.267672,TURN_TO_SHIFT,0,TURN_TO_SHIFT,1.7600,-1.7600,-X
39.6000,-9.411929,-9.439589,-0.279166,TURN_TO_SHIFT,0,TURN_TO_SHIFT,1.7600,-1.7600,-X
39.6160,-9.411219,-9.437164,-0.290660,TURN_TO_SHIFT,0,TURN_TO_SHIFT,1.7600,-1.7600,-X
39.6320,-9.410481,-9.434748,-0.302153,TURN_TO_SHIFT,0,TURN_TO_SHIFT,1.7600,-1.7600,-X
39.6480,-9.409715,-9.432340,-0.313647,TURN_TO_SHIFT,0,TURN_TO_SHIFT,1.7600,-1.7600,-X
39.6640,-9.408922,-9.429941,-0.325141,TURN_TO_SHIFT,0,TURN_TO_SHIFT,1.7600,-1.7600,-X
39.6800,-9.408101,-9.427552,-0.336634,TURN_TO_SHIFT,0,TURN_TO_SHIFT,1.7600,-1.7600,-X
39.6960,-9.407252,-9.425172,-0.348128,TURN_TO_SHIFT,0,TURN_TO_SHIFT,1.7600,-1.7600,-X
39.7120,-9.406377,-9.422802,-0.359621,TURN_TO_SHIFT,0,TURN_TO_SHIFT,1.7600,-1.7600,-X
39.7280,-9.405474,-9.420442,-0.371115,TURN_TO_SHIFT,0,TURN_TO_SHIFT,1.7600,-1.7600,-X
39.7440,-9.404544,-9.418093,-0.382608,TURN_TO_SHIFT,0,TURN_TO_SHIFT,1.7600,-1.7600,-X
39.7600,-9.403587,-9.415755,-0.394102,TURN_TO_SHIFT,0,TURN_TO_SHIFT,1.7600,-1.7600,-X
39.7760,-9.402603,-9.413427,-0.405595,TURN_TO_SHIFT,0,TURN_TO_SHIFT,1.7600,-1.7600,-X
39.7920,-9.401593,-9.411112,-0.417088,TURN_TO_SHIFT,0,TURN_TO_SHIFT,1.7600,-1.7600,-X
39.8080,-9.400556,-9.408808,-0.428582,TURN_TO_SHIFT,0,TURN_TO_SHIFT,1.7600,-1.7600,-X
39.8240,-9.399493,-9.406516,-0.440075,TURN_TO_SHIFT,0,TURN_TO_SHIFT,1.7600,-1.7600,-X
39.8400,-9.398403,-9.404236,-0.451568,TURN_TO_SHIFT,0,TURN_TO_SHIFT,1.7600,-1.7600,-X
39.8560,-9.397287,-9.401970,-0.463061,TURN_TO_SHIFT,0,TURN_TO_SHIFT,1.7600,-1.7600,-X
39.8720,-9.396146,-9.399716,-0.474554,TURN_TO_SHIFT,0,TURN_TO_SHIFT,1.7600,-1.7600,-X
39.8880,-9.394978,-9.397475,-0.486047,TURN_TO_SHIFT,0,TURN_TO_SHIFT,1.7600,-1.7600,-X
39.9040,-9.393785,-9.395248,-0.497540,TURN_TO_SHIFT,0,TURN_TO_SHIFT,1.7600,-1.7600,-X
39.9200,-9.392566,-9.393035,-0.509033,TURN_TO_SHIFT,0,TURN_TO_SHIFT,1.7600,-1.7600,-X
39.9360,-9.391322,-9.390836,-0.520526,TURN_TO_SHIFT,0,TURN_TO_SHIFT,1.7600,-1.7600,-X
39.9520,-9.390053,-9.388652,-0.532019,TURN_TO_SHIFT,0,TURN_TO_SHIFT,1.7600,-1.7600,-X
39.9680,-9.388759,-9.386482,-0.543512,TURN_TO_SHIFT,0,TURN_TO_SHIFT,1.7600,-1.7600,-X
39.9840,-9.387440,-9.384327,-0.555005,TURN_TO_SHIFT,0,TURN_TO_SHIFT,1.7600,-1.7600,-X
40.0000,-9.386096,-9.382188,-0.566497,TURN_TO_SHIFT,0,TURN_TO_SHIFT,1.7600,-1.7600,-X
40.0160,-9.384728,-9.380064,-0.577990,TURN_TO_SHIFT,0,TURN_TO_SHIFT,1.7600,-1.7600,-X
40.0320,-9.383335,-9.377957,-0.589482,TURN_TO_SHIFT,0,TURN_TO_SHIFT,1.7600,-1.7600,-X
40.0480,-9.381918,-9.375865,-0.600974,TURN_TO_SHIFT,0,TURN_TO_SHIFT,1.7600,-1.7600,-X
40.0640,-9.380478,-9.373790,-0.612467,TURN_TO_SHIFT,0,TURN_TO_SHIFT,1.7600,-1.7600,-X
40.0800,-9.379013,-9.371731,-0.623959,TURN_TO_SHIFT,0,TURN_TO_SHIFT,1.7600,-1.7600,-X
40.0960,-9.377525,-9.369690,-0.635451,TURN_TO_SHIFT,0,TURN_TO_SHIFT,1.7600,-1.7600,-X
40.1120,-9.376014,-9.367666,-0.646943,TURN_TO_SHIFT,0,TURN_TO_SHIFT,1.7600,-1.7600,-X
40.1280,-9.374480,-9.365659,-0.658435,TURN_TO_SHIFT,0,TURN_TO_SHIFT,1.7600,-1.7600,-X
40.1440,-9.372922,-9.363670,-0.669926,TURN_TO_SHIFT,0,TURN_TO_SHIFT,1.7600,-1.7600,-X
40.1600,-9.371342,-9.361699,-0.681418,TURN_TO_SHIFT,0,TURN_TO_SHIFT,1.7600,-1.7600,-X
40.1760,-9.369739,-9.359747,-0.692909,TURN_TO_SHIFT,0,TURN_TO_SHIFT,1.7600,-1.7600,-X
40.1920,-9.368115,-9.357813,-0.704401,TURN_TO_SHIFT,0,TURN_TO_SHIFT,1.7600,-1.7600,-X
40.2080,-9.366467,-9.355898,-0.715892,TURN_TO_SHIFT,0,TURN_TO_SHIFT,1.7600,-1.7600,-X
40.2240,-9.364799,-9.354002,-0.727383,TURN_TO_SHIFT,0,TURN_TO_SHIFT,1.7600,-1.7600,-X
40.2400,-9.363108,-9.352126,-0.738873,TURN_TO_SHIFT,0,TURN_TO_SHIFT,1.7600,-1.7600,-X
40.2560,-9.361396,-9.350269,-0.750364,TURN_TO_SHIFT,0,TURN_TO_SHIFT,1.7600,-1.7600,-X
40.2720,-9.359663,-9.348432,-0.761854,TURN_TO_SHIFT,0,TURN_TO_SHIFT,1.7600,-1.7600,-X
40.2880,-9.357909,-9.346615,-0.773344,TURN_TO_SHIFT,0,TURN_TO_SHIFT,1.7600,-1.7600,-X
40.3040,-9.356134,-9.344819,-0.784834,TURN_TO_SHIFT,0,TURN_TO_SHIFT,1.7600,-1.7600,-X
40.3200,-9.354338,-9.343043,-0.796323,TURN_TO_SHIFT,0,TURN_TO_SHIFT,1.7600,-1.7600,-X
40.3360,-9.352523,-9.341288,-0.807813,TURN_TO_SHIFT,0,TURN_TO_SHIFT,1.7600,-1.7600,-X
40.3520,-9.350687,-9.339554,-0.819303,TURN_TO_SHIFT,0,TURN_TO_SHIFT,1.7600,-1.7600,-X
40.3680,-9.348831,-9.337841,-0.830793,TURN_TO_SHIFT,0,TURN_TO_SHIFT,1.7600,-1.7600,-X
40.3840,-9.346955,-9.336150,-0.842283,TURN_TO_SHIFT,0,TURN_TO_SHIFT,1.7600,-1.7600,-X
40.4000,-9.345060,-9.334480,-0.853773,TURN_TO_SHIFT,0,TURN_TO_SHIFT,1.7600,-1.7600,-X
40.4160,-9.343146,-9.332832,-0.865263,TURN_TO_SHIFT,0,TURN_TO_SHIFT,1.7600,-1.7600,-X
40.4320,-9.341214,-9.331207,-0.876753,TURN_TO_SHIFT,0,TURN_TO_SHIFT,1.7600,-1.7600,-X
40.4480,-9.339262,-9.329604,-0.888243,TURN_TO_SHIFT,0,TURN_TO_SHIFT,1.7600,-1.7600,-X
40.4640,-9.337293,-9.328023,-0.899733,TURN_TO_SHIFT,0,TURN_TO_SHIFT,1.7600,-1.7600,-X
40.4800,-9.335305,-9.326465,-0.911223,TURN_TO_SHIFT,0,TURN_TO_SHIFT,1.7600,-1.7600,-X
40.4960,-9.333300,-9.324927,-0.922718,TURN_TO_SHIFT,0,TURN_TO_SHIFT,1.7600,-1.7600,-X
40.5120,-9.331277,-9.323412,-0.934213,TURN_TO_SHIFT,0,TURN_TO_SHIFT,1.7600,-1.7600,-X
40.5280,-9.329236,-9.321921,-0.945708,TURN_TO_SHIFT,0,TURN_TO_SHIFT,1.7600,-1.7600,-X
40.5440,-9.327179,-9.320453,-0.957204,TURN_TO_SHIFT,0,TURN_TO_SHIFT,1.7600,-1.7600,-X
40.5600,-9.325105,-9.319009,-0.968700,TURN_TO_SHIFT,0,TURN_TO_SHIFT,1.7600,-1.7600,-X
40.5760,-9.323015,-9.317589,-0.980195,TURN_TO_SHIFT,0,TURN_TO_SHIFT,1.7600,-1.7600,-X
40.5920,-9.320908,-9.316193,-0.991691,TURN_TO_SHIFT,0,TURN_TO_SHIFT,1.7600,-1.7600,-X
40.6080,-9.318785,-9.314822,-1.003187,TURN_TO_SHIFT,0,TURN_TO_SHIFT,1.7600,-1.7600,-X
40.6240,-9.316647,-9.313475,-1.014683,TURN_TO_SHIFT,0,TURN_TO_SHIFT,1.7600,-1.7600,-X
40.6400,-9.314493,-9.312153,-1.026179,TURN_TO_SHIFT,0,TURN_TO_SHIFT,1.7600,-1.7600,-X
40.6560,-9.312324,-9.310855,-1.037675,TURN_TO_SHIFT,0,TURN_TO_SHIFT,1.7593,-1.7593,-X
40.6720,-9.310142,-9.309584,-1.049166,TURN_TO_SHIFT,0,TURN_TO_SHIFT,1.7214,-1.7214,-X
40.6880,-9.307991,-9.308364,-1.060410,TURN_TO_SHIFT,0,TURN_TO_SHIFT,1.6843,-1.6843,-X
40.7040,-9.305874,-9.307194,-1.071412,TURN_TO_SHIFT,0,TURN_TO_SHIFT,1.6480,-1.6480,-X
40.7200,-9.303789,-9.306073,-1.082177,TURN_TO_SHIFT,0,TURN_TO_SHIFT,1.6124,-1.6124,-X
40.7360,-9.301738,-9.304998,-1.092709,TURN_TO_SHIFT,0,TURN_TO_SHIFT,1.5777,-1.5777,-X
40.7520,-9.299721,-9.303967,-1.103014,TURN_TO_SHIFT,0,TURN_TO_SHIFT,1.5437,-1.5437,-X
40.7680,-9.297736,-9.302979,-1.113096,TURN_TO_SHIFT,0,TURN_TO_SHIFT,1.5104,-1.5104,-X
40.7840,-9.295785,-9.302032,-1.122961,TURN_TO_SHIFT,0,TURN_TO_SHIFT,1.4779,-1.4779,-X
40.8000,-9.293867,-9.301124,-1.132613,TURN_TO_SHIFT,0,TURN_TO_SHIFT,1.4460,-1.4460,-X
40.8160,-9.291982,-9.300254,-1.142057,TURN_TO_SHIFT,0,TURN_TO_SHIFT,1.4148,-1.4148,-X
40.8320,-9.290130,-9.299419,-1.151298,TURN_TO_SHIFT,0,TURN_TO_SHIFT,1.3843,-1.3843,-X
40.8480,-9.288311,-9.298620,-1.160339,TURN_TO_SHIFT,0,TURN_TO_SHIFT,1.3545,-1.3545,-X
40.8640,-9.286523,-9.297854,-1.169185,TURN_TO_SHIFT,0,TURN_TO_SHIFT,1.3253,-1.3253,-X
40.8800,-9.284768,-9.297119,-1.177840,TURN_TO_SHIFT,0,TURN_TO_SHIFT,1.2968,-1.2968,-X
40.8960,-9.283045,-9.296415,-1.186309,TURN_TO_SHIFT,0,TURN_TO_SHIFT,1.2688,-1.2688,-X
40.9120,-9.281353,-9.295741,-1.194595,TURN_TO_SHIFT,0,TURN_TO_SHIFT,1.2415,-1.2415,-X
40.9280,-9.279692,-9.295095,-1.202702,TURN_TO_SHIFT,0,TURN_TO_SHIFT,1.2147,-1.2147,-X
40.9440,-9.278061,-9.294475,-1.210635,TURN_TO_SHIFT,0,TURN_TO_SHIFT,1.1885,-1.1885,-X
40.9600,-9.276462,-9.293882,-1.218396,TURN_TO_SHIFT,0,TURN_TO_SHIFT,1.1629,-1.1629,-X
40.9760,-9.274892,-9.293313,-1.225991,TURN_TO_SHIFT,0,TURN_TO_SHIFT,1.1379,-1.1379,-X
40.9920,-9.273352,-9.292768,-1.233421,TURN_TO_SHIFT,0,TURN_TO_SHIFT,1.1133,-1.1133,-X
41.0080,-9.271842,-9.292246,-1.240692,TURN_TO_SHIFT,0,TURN_TO_SHIFT,1.0893,-1.0893,-X
41.0240,-9.270360,-9.291746,-1.247805,TURN_TO_SHIFT,0,TURN_TO_SHIFT,1.0659,-1.0659,-X
41.0400,-9.268907,-9.291267,-1.254766,TURN_TO_SHIFT,0,TURN_TO_SHIFT,1.0429,-1.0429,-X
41.0560,-9.267482,-9.290807,-1.261576,TURN_TO_SHIFT,0,TURN_TO_SHIFT,1.0204,-1.0204,-X
41.0720,-9.266085,-9.290368,-1.268240,TURN_TO_SHIFT,0,TURN_TO_SHIFT,0.9984,-0.9984,-X
41.0880,-9.264716,-9.289946,-1.274760,TURN_TO_SHIFT,0,TURN_TO_SHIFT,0.9769,-0.9769,-X
41.1040,-9.263373,-9.289543,-1.281140,TURN_TO_SHIFT,0,TURN_TO_SHIFT,0.9559,-0.9559,-X
41.1200,-9.262056,-9.289156,-1.287382,TURN_TO_SHIFT,0,TURN_TO_SHIFT,0.9353,-0.9353,-X
41.1360,-9.260766,-9.288786,-1.293489,TURN_TO_SHIFT,0,TURN_TO_SHIFT,0.9151,-0.9151,-X
41.1520,-9.259501,-9.288431,-1.299465,TURN_TO_SHIFT,0,TURN_TO_SHIFT,0.8954,-0.8954,-X
41.1680,-9.258262,-9.288091,-1.305312,TURN_TO_SHIFT,0,TURN_TO_SHIFT,0.8761,-0.8761,-X
41.1840,-9.257048,-9.287766,-1.311033,TURN_TO_SHIFT,0,TURN_TO_SHIFT,0.8572,-0.8572,-X
41.2000,-9.255858,-9.287454,-1.316631,TURN_TO_SHIFT,0,TURN_TO_SHIFT,0.8387,-0.8387,-X
41.2160,-9.254692,-9.287155,-1.322108,TURN_TO_SHIFT,0,TURN_TO_SHIFT,0.8207,-0.8207,-X
41.2320,-9.253549,-9.286869,-1.327467,TURN_TO_SHIFT,0,TURN_TO_SHIFT,0.8030,-0.8030,-X
41.2480,-9.252430,-9.286595,-1.332711,TURN_TO_SHIFT,0,TURN_TO_SHIFT,0.7857,-0.7857,-X
41.2640,-9.251333,-9.286333,-1.337841,TURN_TO_SHIFT,0,TURN_TO_SHIFT,0.7688,-0.7688,-X
41.2800,-9.250259,-9.286082,-1.342861,TURN_TO_SHIFT,0,TURN_TO_SHIFT,0.7522,-0.7522,-X
41.2960,-9.249207,-9.285841,-1.347773,TURN_TO_SHIFT,0,TURN_TO_SHIFT,0.7360,-0.7360,-X
41.3120,-9.248176,-9.285611,-1.352579,TURN_TO_SHIFT,0,TURN_TO_SHIFT,0.7201,-0.7201,-X
41.3280,-9.247167,-9.285390,-1.357282,TURN_TO_SHIFT,0,TURN_TO_SHIFT,0.7046,-0.7046,-X
41.3440,-9.246178,-9.285179,-1.361883,TURN_TO_SHIFT,0,TURN_TO_SHIFT,0.6894,-0.6894,-X
41.3600,-9.245210,-9.284976,-1.366384,TURN_TO_SHIFT,0,TURN_TO_SHIFT,0.6746,-0.6746,-X
41.3760,-9.244262,-9.284782,-1.370789,TURN_TO_SHIFT,0,TURN_TO_SHIFT,0.6600,-0.6600,-X
41.3920,-9.243333,-9.284597,-1.375099,TURN_TO_SHIFT,0,TURN_TO_SHIFT,0.6458,-0.6458,-X
41.4080,-9.242424,-9.284419,-1.379316,TURN_TO_SHIFT,0,TURN_TO_SHIFT,0.6319,-0.6319,-X
41.4240,-9.241533,-9.284249,-1.383442,TURN_TO_SHIFT,0,TURN_TO_SHIFT,0.6183,-0.6183,-X
41.4400,-9.240661,-9.284086,-1.387479,TURN_TO_SHIFT,0,TURN_TO_SHIFT,0.6049,-0.6049,-X
41.4560,-9.239808,-9.283930,-1.391430,TURN_TO_SHIFT,0,TURN_TO_SHIFT,0.5919,-0.5919,-X
41.4720,-9.238972,-9.283780,-1.395295,TURN_TO_SHIFT,0,TURN_TO_SHIFT,0.5792,-0.5792,-X
41.4880,-9.238153,-9.283637,-1.399076,TURN_TO_SHIFT,0,TURN_TO_SHIFT,0.5667,-0.5667,-X
41.5040,-9.237352,-9.283500,-1.402776,TURN_TO_SHIFT,0,TURN_TO_SHIFT,0.5545,-0.5545,-X
41.5200,-9.236568,-9.283369,-1.406397,TURN_TO_SHIFT,0,TURN_TO_SHIFT,0.5425,-0.5425,-X
41.5360,-9.235800,-9.283243,-1.409939,TURN_TO_SHIFT,0,TURN_TO_SHIFT,0.5308,-0.5308,-X
41.5520,-9.235048,-9.283123,-1.413405,TURN_TO_SHIFT,0,TURN_TO_SHIFT,0.5194,-0.5194,-X
41.5680,-9.234312,-9.283008,-1.416797,TURN_TO_SHIFT,0,TURN_TO_SHIFT,0.5082,-0.5082,-X
41.5840,-9.233591,-9.282898,-1.420115,TURN_TO_SHIFT,0,TURN_TO_SHIFT,0.4972,-0.4972,-X
41.6000,-9.232886,-9.282792,-1.423362,TURN_TO_SHIFT,0,TURN_TO_SHIFT,0.4865,-0.4865,-X
41.6160,-9.232196,-9.282691,-1.426538,TURN_TO_SHIFT,0,TURN_TO_SHIFT,0.4761,-0.4761,-X
41.6320,-9.231520,-9.282594,-1.429647,TURN_TO_SHIFT,0,TURN_TO_SHIFT,0.4658,-0.4658,-X
41.6480,-9.230858,-9.282502,-1.432688,TURN_TO_SHIFT,0,TURN_TO_SHIFT,0.4558,-0.4558,-X
41.6640,-9.230211,-9.282413,-1.435664,TURN_TO_SHIFT,0,TURN_TO_SHIFT,0.4459,-0.4459,-X
41.6800,-9.229577,-9.282328,-1.438575,TURN_TO_SHIFT,0,TURN_TO_SHIFT,0.4363,-0.4363,-X
41.6960,-9.228956,-9.282246,-1.441424,TURN_TO_SHIFT,0,TURN_TO_SHIFT,0.4269,-0.4269,-X
41.7120,-9.228349,-9.282168,-1.444211,TURN_TO_SHIFT,0,TURN_TO_SHIFT,0.4177,-0.4177,-X
41.7280,-9.227755,-9.282094,-1.446939,TURN_TO_SHIFT,0,TURN_TO_SHIFT,0.4087,-0.4087,-X
41.7440,-9.227173,-9.282022,-1.449607,TURN_TO_SHIFT,0,TURN_TO_SHIFT,0.3999,-0.3999,-X
41.7600,-9.226604,-9.281954,-1.452218,TURN_TO_SHIFT,0,TURN_TO_SHIFT,0.3913,-0.3913,-X
41.7760,-9.226047,-9.281889,-1.454773,TURN_TO_SHIFT,0,TURN_TO_SHIFT,0.3829,-0.3829,-X
41.7920,-9.225502,-9.281826,-1.457273,TURN_TO_SHIFT,0,TURN_TO_SHIFT,0.3746,-0.3746,-X
41.8080,-9.224968,-9.281766,-1.459718,TURN_TO_SHIFT,0,TURN_TO_SHIFT,0.3666,-0.3666,-X
41.8240,-9.224446,-9.281709,-1.462112,TURN_TO_SHIFT,0,TURN_TO_SHIFT,0.3587,-0.3587,-X
41.8400,-9.223934,-9.281653,-1.464453,TURN_TO_SHIFT,0,TURN_TO_SHIFT,0.3509,-0.3509,-X
41.8560,-9.223434,-9.281601,-1.466744,TURN_TO_SHIFT,0,TURN_TO_SHIFT,0.3434,-0.3434,-X
41.8720,-9.222945,-9.281550,-1.468986,TURN_TO_SHIFT,0,TURN_TO_SHIFT,0.3360,-0.3360,-X
41.8880,-9.222465,-9.281502,-1.471179,TURN_TO_SHIFT,0,TURN_TO_SHIFT,0.3287,-0.3287,-X
41.9040,-9.221997,-9.281456,-1.473325,TURN_TO_SHIFT,0,TURN_TO_SHIFT,0.3217,-0.3217,-X
41.9200,-9.221538,-9.281412,-1.475425,TURN_TO_SHIFT,0,TURN_TO_SHIFT,0.3147,-0.3147,-X
41.9360,-9.221089,-9.281369,-1.477479,TURN_TO_SHIFT,0,TURN_TO_SHIFT,0.3079,-0.3079,-X
41.9520,-9.220649,-9.281329,-1.479490,TURN_TO_SHIFT,0,TURN_TO_SHIFT,0.3013,-0.3013,-X
41.9680,-9.220219,-9.281290,-1.481456,TURN_TO_SHIFT,0,TURN_TO_SHIFT,0.2948,-0.2948,-X
41.9840,-9.219799,-9.281253,-1.483381,TURN_TO_SHIFT,0,TURN_TO_SHIFT,0.2885,-0.2885,-X
42.0000,-9.219387,-9.281217,-1.485264,TURN_TO_SHIFT,0,TURN_TO_SHIFT,0.2823,-0.2823,-X
42.0160,-9.218984,-9.281183,-1.487106,TURN_TO_SHIFT,0,TURN_TO_SHIFT,0.2762,-0.2762,-X
42.0320,-9.218590,-9.281150,-1.488909,TURN_TO_SHIFT,0,TURN_TO_SHIFT,0.2702,-0.2702,-X
42.0480,-9.218204,-9.281119,-1.490673,TURN_TO_SHIFT,0,TURN_TO_SHIFT,0.2644,-0.2644,-X
42.0640,-9.217826,-9.281089,-1.492399,TURN_TO_SHIFT,0,TURN_TO_SHIFT,0.2587,-0.2587,-X
42.0800,-9.217457,-9.281061,-1.494087,TURN_TO_SHIFT,0,TURN_TO_SHIFT,0.2531,-0.2531,-X
42.0960,-9.217095,-9.281033,-1.495740,TURN_TO_SHIFT,0,TURN_TO_SHIFT,0.2477,-0.2477,-X
42.1120,-9.216741,-9.281007,-1.497356,TURN_TO_SHIFT,0,TURN_TO_SHIFT,0.2424,-0.2424,-X
42.1280,-9.216395,-9.280982,-1.498938,TURN_TO_SHIFT,0,TURN_TO_SHIFT,0.2371,-0.2371,-X
42.1440,-9.216056,-9.280958,-1.500486,TURN_TO_SHIFT,0,TURN_TO_SHIFT,0.2320,-0.2320,-X
42.1600,-9.215725,-9.280935,-1.502000,TURN_TO_SHIFT,0,TURN_TO_SHIFT,0.2270,-0.2270,-X
42.1760,-9.215401,-9.280913,-1.503482,TURN_TO_SHIFT,0,TURN_TO_SHIFT,0.2221,-0.2221,-X
42.1920,-9.215083,-9.280892,-1.504932,TURN_TO_SHIFT,0,TURN_TO_SHIFT,0.2174,-0.2174,-X
42.2080,-9.214773,-9.280871,-1.506350,TURN_TO_SHIFT,0,TURN_TO_SHIFT,0.2127,-0.2127,-X
42.2240,-9.214469,-9.280852,-1.507738,TURN_TO_SHIFT,0,TURN_TO_SHIFT,0.2081,-0.2081,-X
42.2400,-9.214172,-9.280834,-1.509096,TURN_TO_SHIFT,0,TURN_TO_SHIFT,0.2036,-0.2036,-X
42.2560,-9.213881,-9.280816,-1.510425,TURN_TO_SHIFT,0,TURN_TO_SHIFT,0.1992,-0.1992,-X
42.2720,-9.213596,-9.280799,-1.511725,TURN_TO_SHIFT,0,TURN_TO_SHIFT,0.1949,-0.1949,-X
42.2880,-9.213318,-9.280783,-1.512997,TURN_TO_SHIFT,0,TURN_TO_SHIFT,0.1907,-0.1907,-X
42.3040,-9.213045,-9.280767,-1.514241,TURN_TO_SHIFT,0,TURN_TO_SHIFT,0.1866,-0.1866,-X
42.3200,-9.212779,-9.280752,-1.515459,TURN_TO_SHIFT,0,TURN_TO_SHIFT,0.1826,-0.1826,-X
42.3360,-9.212518,-9.280738,-1.516651,TURN_TO_SHIFT,0,TURN_TO_SHIFT,0.1787,-0.1787,-X
42.3520,-9.212263,-9.280724,-1.517817,TURN_TO_SHIFT,0,TURN_TO_SHIFT,0.1748,-0.1748,-X
42.3680,-9.212013,-9.280711,-1.518957,TURN_TO_SHIFT,0,TURN_TO_SHIFT,0.1711,-0.1711,-X
42.3840,-9.211768,-9.280699,-1.520074,TURN_TO_SHIFT,0,TURN_TO_SHIFT,0.1674,-0.1674,-X
42.4000,-9.211529,-9.280687,-1.521166,TURN_TO_SHIFT,0,TURN_TO_SHIFT,0.1638,-0.1638,-X
42.4160,-9.211295,-9.280675,-1.522234,TURN_TO_SHIFT,0,TURN_TO_SHIFT,0.1603,-0.1603,-X
42.4320,-9.211066,-9.280664,-1.523280,TURN_TO_SHIFT,0,TURN_TO_SHIFT,0.1568,-0.1568,-X
42.4480,-9.210842,-9.280654,-1.524303,TURN_TO_SHIFT,0,TURN_TO_SHIFT,0.1534,-0.1534,-X
42.4640,-9.210623,-9.280644,-1.525304,TURN_TO_SHIFT,0,TURN_TO_SHIFT,0.1501,-0.1501,-X
42.4800,-9.210409,-9.280634,-1.526283,TURN_TO_SHIFT,0,TURN_TO_SHIFT,0.1469,-0.1469,-X
42.4960,-9.210199,-9.280625,-1.527241,TURN_TO_SHIFT,0,TURN_TO_SHIFT,0.1437,-0.1437,-X
42.5120,-9.209994,-9.280616,-1.528179,TURN_TO_SHIFT,0,TURN_TO_SHIFT,0.1406,-0.1406,-X
42.5280,-9.209793,-9.280608,-1.529096,TURN_TO_SHIFT,0,TURN_TO_SHIFT,0.1376,-0.1376,-X
42.5440,-9.209596,-9.280600,-1.529994,TURN_TO_SHIFT,0,TURN_TO_SHIFT,0.1346,-0.1346,-X
42.5600,-9.209404,-9.280592,-1.530872,TURN_TO_SHIFT,0,TURN_TO_SHIFT,0.1320,-0.1320,-X
42.5760,-9.209216,-9.280584,-1.531733,TURN_TO_SHIFT,0,TURN_TO_SHIFT,0.1320,-0.1320,-X
42.5920,-9.209027,-9.280577,-1.532594,TURN_TO_SHIFT,0,TURN_TO_SHIFT,0.1320,-0.1320,-X
42.6080,-9.208839,-9.280570,-1.533455,TURN_TO_SHIFT,0,TURN_TO_SHIFT,0.1320,-0.1320,-X
42.6240,-9.208650,-9.280563,-1.534316,TURN_TO_SHIFT,0,TURN_TO_SHIFT,0.1320,-0.1320,-X
42.6400,-9.208461,-9.280556,-1.535176,TURN_TO_SHIFT,0,TURN_TO_SHIFT,0.1320,-0.1320,-X
42.6560,-9.208273,-9.280550,-1.536037,TURN_TO_SHIFT,0,TURN_TO_SHIFT,0.1320,-0.1320,-X
42.6720,-9.208084,-9.280543,-1.536898,TURN_TO_SHIFT,0,TURN_TO_SHIFT,0.1320,-0.1320,-X
42.6880,-9.207895,-9.280537,-1.537759,TURN_TO_SHIFT,0,TURN_TO_SHIFT,0.1320,-0.1320,-X
42.7040,-9.207707,-9.280531,-1.538620,TURN_TO_SHIFT,0,TURN_TO_SHIFT,0.1320,-0.1320,-X
42.7200,-9.207518,-9.280525,-1.539481,TURN_TO_SHIFT,0,TURN_TO_SHIFT,0.1320,-0.1320,-X
42.7360,-9.207329,-9.280519,-1.540342,TURN_TO_SHIFT,0,TURN_TO_SHIFT,0.1320,-0.1320,-X
42.7520,-9.207141,-9.280513,-1.541203,TURN_TO_SHIFT,0,TURN_TO_SHIFT,0.1320,-0.1320,-X
42.7680,-9.206952,-9.280508,-1.542063,TURN_TO_SHIFT,0,TURN_TO_SHIFT,0.1320,-0.1320,-X
42.7840,-9.206763,-9.280502,-1.542924,TURN_TO_SHIFT,0,TURN_TO_SHIFT,0.1320,-0.1320,-X
42.8000,-9.206574,-9.280497,-1.543785,TURN_TO_SHIFT,0,TURN_TO_SHIFT,0.1320,-0.1320,-X
42.8160,-9.206386,-9.280492,-1.544646,TURN_TO_SHIFT,0,TURN_TO_SHIFT,0.1320,-0.1320,-X
42.8320,-9.206197,-9.280487,-1.545507,TURN_TO_SHIFT,0,TURN_TO_SHIFT,0.1320,-0.1320,-X
42.8480,-9.206008,-9.280483,-1.546368,TURN_TO_SHIFT,0,TURN_TO_SHIFT,0.1320,-0.1320,-X
42.8640,-9.205819,-9.280478,-1.547228,TURN_TO_SHIFT,0,TURN_TO_SHIFT,0.1320,-0.1320,-X
42.8800,-9.205630,-9.280474,-1.548089,TURN_TO_SHIFT,0,TURN_TO_SHIFT,0.1320,-0.1320,-X
42.8960,-9.205441,-9.280470,-1.548950,TURN_TO_SHIFT,0,TURN_TO_SHIFT,0.1320,-0.1320,-X
42.9120,-9.205252,-9.280466,-1.549811,TURN_TO_SHIFT,0,TURN_TO_SHIFT,0.1320,-0.1320,-X
42.9280,-9.205064,-9.280462,-1.550672,TURN_TO_SHIFT,0,TURN_TO_SHIFT,0.1320,-0.1320,-X
42.9440,-9.204875,-9.280458,-1.551532,TURN_TO_SHIFT,0,TURN_TO_SHIFT,0.1320,-0.1320,-X
42.9600,-9.204686,-9.280454,-1.552393,TURN_TO_SHIFT,0,TURN_TO_SHIFT,0.1320,-0.1320,-X
42.9760,-9.204497,-9.280451,-1.553254,TURN_TO_SHIFT,0,TURN_TO_SHIFT,0.1320,-0.1320,-X
42.9920,-9.204308,-9.280448,-1.554115,TURN_TO_SHIFT,0,TURN_TO_SHIFT,0.1320,-0.1320,-X
43.0080,-9.204119,-9.280445,-1.554976,TURN_TO_SHIFT,0,TURN_TO_SHIFT,0.1320,-0.1320,-X
43.0240,-9.203930,-9.280442,-1.555836,TURN_TO_SHIFT,0,TURN_TO_SHIFT,0.1320,-0.1320,-X
43.0400,-9.203741,-9.280439,-1.556697,TURN_TO_SHIFT,0,TURN_TO_SHIFT,0.1320,-0.1320,-X
43.0560,-9.203553,-9.280436,-1.557558,TURN_TO_SHIFT,0,TURN_TO_SHIFT,0.1320,-0.1320,-X
43.0720,-9.203364,-9.280434,-1.558419,TURN_TO_SHIFT,0,TURN_TO_SHIFT,0.1320,-0.1320,-X
43.0880,-9.203175,-9.280432,-1.559280,TURN_TO_SHIFT,0,TURN_TO_SHIFT,0.1320,-0.1320,-X
43.1040,-9.202986,-9.280430,-1.560140,TURN_TO_SHIFT,0,TURN_TO_SHIFT,0.1320,-0.1320,-X
43.1200,-9.202797,-9.280428,-1.561001,TURN_TO_SHIFT,0,TURN_TO_SHIFT,0.1320,-0.1320,-X
43.1360,-9.202608,-9.280426,-1.561862,TURN_TO_SHIFT,0,TURN_TO_SHIFT,0.1320,-0.1320,-X
43.1520,-9.202419,-9.280424,-1.562723,TURN_TO_SHIFT,0,TURN_TO_SHIFT,0.1320,-0.1320,-X
43.1680,-9.202230,-9.280423,-1.563583,SHIFT_LANE,0,SHIFT,-0.0000,-0.0000,-X
43.1840,-9.202228,-9.280423,-1.563584,SHIFT_LANE,0,SHIFT,-2.2396,-1.7604,-X
43.2000,-9.202244,-9.278658,-1.563593,SHIFT_LANE,0,SHIFT,-2.2070,-1.7277,-X
43.2160,-9.202644,-9.275246,-1.561863,SHIFT_LANE,0,SHIFT,-2.1160,-1.6481,-X
43.2320,-9.203060,-9.270635,-1.560168,SHIFT_LANE,0,SHIFT,-1.9952,-1.5384,-X
43.2480,-9.203092,-9.268147,-1.560145,SHIFT_LANE,0,SHIFT,-1.9329,-1.4763,-X
43.2640,-9.203442,-9.265568,-1.558663,SHIFT_LANE,0,SHIFT,-1.8635,-1.4167,-X
43.2800,-9.203793,-9.263056,-1.557211,SHIFT_LANE,0,SHIFT,-1.7959,-1.3587,-X
43.2960,-9.204140,-9.260622,-1.555789,SHIFT_LANE,0,SHIFT,-1.7304,-1.3026,-X
43.3120,-9.204483,-9.258269,-1.554397,SHIFT_LANE,0,SHIFT,-1.6670,-1.2483,-X
43.3280,-9.204821,-9.255997,-1.553034,SHIFT_LANE,0,SHIFT,-1.6057,-1.1960,-X
43.3440,-9.205155,-9.253805,-1.551700,SHIFT_LANE,0,SHIFT,-1.5465,-1.1456,-X
43.3600,-9.205483,-9.251693,-1.550395,SHIFT_LANE,0,SHIFT,-1.4894,-1.0971,-X
43.3760,-9.205807,-9.249658,-1.549117,SHIFT_LANE,0,SHIFT,-1.4343,-1.0505,-X
43.3920,-9.206126,-9.247699,-1.547866,SHIFT_LANE,0,SHIFT,-1.3812,-1.0056,-X
43.4080,-9.206439,-9.245815,-1.546642,SHIFT_LANE,0,SHIFT,-1.3300,-0.9626,-X
43.4240,-9.206747,-9.244002,-1.545444,SHIFT_LANE,0,SHIFT,-1.2808,-0.9212,-X
43.4400,-9.207050,-9.242259,-1.544272,SHIFT_LANE,0,SHIFT,-1.2333,-0.8815,-X
43.4560,-9.207348,-9.240584,-1.543125,SHIFT_LANE,0,SHIFT,-1.1877,-0.8434,-X
43.4720,-9.207640,-9.238975,-1.542003,SHIFT_LANE,0,SHIFT,-1.1437,-0.8069,-X
43.4880,-9.207927,-9.237428,-1.540904,SHIFT_LANE,0,SHIFT,-1.1014,-0.7718,-X
43.5040,-9.208208,-9.235942,-1.539829,SHIFT_LANE,0,SHIFT,-1.0607,-0.7382,-X
43.5200,-9.208484,-9.234515,-1.538778,SHIFT_LANE,0,SHIFT,-1.0216,-0.7060,-X
43.5360,-9.208755,-9.233144,-1.537749,SHIFT_LANE,0,SHIFT,-0.9839,-0.6752,-X
43.5520,-9.209020,-9.231828,-1.536742,SHIFT_LANE,0,SHIFT,-0.9477,-0.6456,-X
43.5680,-9.209281,-9.230564,-1.535757,SHIFT_LANE,0,SHIFT,-0.9128,-0.6172,-X
43.5840,-9.209535,-9.229350,-1.534793,SHIFT_LANE,0,SHIFT,-0.8793,-0.5901,-X
43.6000,-9.209785,-9.228184,-1.533849,SHIFT_LANE,0,SHIFT,-0.8471,-0.5640,-X
43.6160,-9.210030,-9.227065,-1.532926,SHIFT_LANE,0,SHIFT,-0.8160,-0.5391,-X
43.6320,-9.210269,-9.225990,-1.532023,SHIFT_LANE,0,SHIFT,-0.7862,-0.5152,-X
43.6480,-9.210504,-9.224959,-1.531140,SHIFT_LANE,0,SHIFT,-0.7575,-0.4923,-X
43.6640,-9.210734,-9.223968,-1.530275,SHIFT_LANE,0,SHIFT,-0.7298,-0.4704,-X
43.6800,-9.210958,-9.223017,-1.529429,SHIFT_LANE,0,SHIFT,-0.7033,-0.4494,-X
43.6960,-9.211178,-9.222104,-1.528601,SHIFT_LANE,0,SHIFT,-0.6777,-0.4293,-X
43.7120,-9.211394,-9.221227,-1.527791,SHIFT_LANE,0,SHIFT,-0.6531,-0.4101,-X
43.7280,-9.211604,-9.220385,-1.526999,SHIFT_LANE,0,SHIFT,-0.6295,-0.3917,-X
43.7440,-9.211810,-9.219577,-1.526223,SHIFT_LANE,0,SHIFT,-0.6067,-0.3740,-X
43.7600,-9.212012,-9.218801,-1.525465,SHIFT_LANE,0,SHIFT,-0.5848,-0.3571,-X
43.7760,-9.212209,-9.218056,-1.524722,SHIFT_LANE,0,SHIFT,-0.5637,-0.3409,-X
43.7920,-9.212401,-9.217341,-1.523996,SHIFT_LANE,0,SHIFT,-0.5434,-0.3255,-X
43.8080,-9.212590,-9.216654,-1.523285,SHIFT_LANE,0,SHIFT,-0.5239,-0.3106,-X
43.8240,-9.212774,-9.215995,-1.522590,SHIFT_LANE,0,SHIFT,-0.5052,-0.2964,-X
43.8400,-9.212954,-9.215362,-1.521909,SHIFT_LANE,0,SHIFT,-0.5021,-0.2979,-X
43.8560,-9.213131,-9.214731,-1.521244,SHIFT_LANE,0,SHIFT,-0.4999,-0.3001,-X
43.8720,-9.213306,-9.214100,-1.520592,SHIFT_LANE,0,SHIFT,-0.4978,-0.3022,-X
43.8880,-9.213477,-9.213468,-1.519955,SHIFT_LANE,0,SHIFT,-0.4957,-0.3043,-X
43.9040,-9.213647,-9.212837,-1.519331,SHIFT_LANE,0,SHIFT,-0.4936,-0.3064,-X
43.9200,-9.213813,-9.212205,-1.518721,SHIFT_LANE,0,SHIFT,-0.4916,-0.3084,-X
43.9360,-9.213977,-9.211573,-1.518124,SHIFT_LANE,0,SHIFT,-0.4896,-0.3104,-X
43.9520,-9.214139,-9.210941,-1.517539,SHIFT_LANE,0,SHIFT,-0.4877,-0.3123,-X
43.9680,-9.214298,-9.210309,-1.516968,SHIFT_LANE,0,SHIFT,-0.4858,-0.3142,-X
43.9840,-9.214455,-9.209677,-1.516408,SHIFT_LANE,0,SHIFT,-0.4840,-0.3160,-X
44.0000,-9.214610,-9.209044,-1.515861,SHIFT_LANE,0,SHIFT,-0.4822,-0.3178,-X
44.0160,-9.214762,-9.208412,-1.515326,SHIFT_LANE,0,SHIFT,-0.4804,-0.3196,-X
44.0320,-9.214912,-9.207779,-1.514802,SHIFT_LANE,0,SHIFT,-0.4787,-0.3213,-X
44.0480,-9.215060,-9.207147,-1.514289,SHIFT_LANE,0,SHIFT,-0.4770,-0.3230,-X
44.0640,-9.215206,-9.206514,-1.513788,SHIFT_LANE,0,SHIFT,-0.4753,-0.3247,-X
44.0800,-9.215350,-9.205881,-1.513297,SHIFT_LANE,0,SHIFT,-0.4737,-0.3263,-X
44.0960,-9.215492,-9.205248,-1.512817,SHIFT_LANE,0,SHIFT,-0.4721,-0.3279,-X
44.1120,-9.215632,-9.204615,-1.512347,SHIFT_LANE,0,SHIFT,-0.4706,-0.3294,-X
44.1280,-9.215770,-9.203982,-1.511887,SHIFT_LANE,0,SHIFT,-0.4690,-0.3310,-X
44.1440,-9.215906,-9.203349,-1.511437,SHIFT_LANE,0,SHIFT,-0.4676,-0.3324,-X
44.1600,-9.216041,-9.202716,-1.510997,SHIFT_LANE,0,SHIFT,-0.4661,-0.3339,-X
44.1760,-9.216173,-9.202083,-1.510566,SHIFT_LANE,0,SHIFT,-0.4647,-0.3353,-X
44.1920,-9.216304,-9.201450,-1.510145,SHIFT_LANE,0,SHIFT,-0.4633,-0.3367,-X
44.2080,-9.216433,-9.200816,-1.509733,STOP_AT_SHIFT,0,SHIFT,-0.0000,-0.0000,-X
44.2240,-9.216435,-9.200795,-1.509732,STOP_AT_SHIFT,0,SHIFT,-0.0000,-0.0000,-X
44.2400,-9.216435,-9.200798,-1.509732,STOP_AT_SHIFT,0,SHIFT,-0.0000,-0.0000,-X
44.2560,-9.216435,-9.200802,-1.509732,STOP_AT_SHIFT,0,SHIFT,-0.0000,-0.0000,-X
44.2720,-9.216435,-9.200804,-1.509732,STOP_AT_SHIFT,0,SHIFT,-0.0000,-0.0000,-X
44.2880,-9.216434,-9.200807,-1.509731,TURN_TO_LANE,1,TURN_TO_LANE,-0.0000,-0.0000,+X
44.3040,-9.216434,-9.200809,-1.509731,TURN_TO_LANE,1,TURN_TO_LANE,1.7600,-1.7600,+X
44.3200,-9.215908,-9.200817,-1.512723,TURN_TO_LANE,1,TURN_TO_LANE,1.7600,-1.7600,+X
44.3360,-9.214740,-9.200831,-1.518455,TURN_TO_LANE,1,TURN_TO_LANE,1.7600,-1.7600,+X
44.3520,-9.212929,-9.200851,-1.526909,TURN_TO_LANE,1,TURN_TO_LANE,1.7600,-1.7600,+X
44.3680,-9.210506,-9.200850,-1.537973,TURN_TO_LANE,1,TURN_TO_LANE,1.7600,-1.7600,+X
44.3840,-9.207980,-9.200775,-1.549463,TURN_TO_LANE,1,TURN_TO_LANE,1.7600,-1.7600,+X
44.4000,-9.205452,-9.200727,-1.560955,TURN_TO_LANE,1,TURN_TO_LANE,1.7600,-1.7600,+X
44.4160,-9.202923,-9.200710,-1.572448,TURN_TO_LANE,1,TURN_TO_LANE,1.7600,-1.7600,+X
44.4320,-9.200393,-9.200723,-1.583942,TURN_TO_LANE,1,TURN_TO_LANE,1.7600,-1.7600,+X
44.4480,-9.197865,-9.200767,-1.595435,TURN_TO_LANE,1,TURN_TO_LANE,1.7600,-1.7600,+X
44.4640,-9.195337,-9.200840,-1.606929,TURN_TO_LANE,1,TURN_TO_LANE,1.7600,-1.7600,+X
44.4800,-9.192811,-9.200943,-1.618423,TURN_TO_LANE,1,TURN_TO_LANE,1.7600,-1.7600,+X
44.4960,-9.190286,-9.201076,-1.629917,TURN_TO_LANE,1,TURN_TO_LANE,1.7600,-1.7600,+X
44.5120,-9.187763,-9.201238,-1.641412,TURN_TO_LANE,1,TURN_TO_LANE,1.7600,-1.7600,+X
44.5280,-9.185243,-9.201429,-1.652906,TURN_TO_LANE,1,TURN_TO_LANE,1.7600,-1.7600,+X
44.5440,-9.182725,-9.201650,-1.664400,TURN_TO_LANE,1,TURN_TO_LANE,1.7600,-1.7600,+X
44.5600,-9.180209,-9.201900,-1.675894,TURN_TO_LANE,1,TURN_TO_LANE,1.7600,-1.7600,+X
44.5760,-9.177697,-9.202178,-1.687388,TURN_TO_LANE,1,TURN_TO_LANE,1.7600,-1.7600,+X
44.5920,-9.175189,-9.202486,-1.698882,TURN_TO_LANE,1,TURN_TO_LANE,1.7600,-1.7600,+X
44.6080,-9.172684,-9.202823,-1.710377,TURN_TO_LANE,1,TURN_TO_LANE,1.7600,-1.7600,+X
44.6240,-9.170184,-9.203189,-1.721871,TURN_TO_LANE,1,TURN_TO_LANE,1.7600,-1.7600,+X
44.6400,-9.167688,-9.203583,-1.733365,TURN_TO_LANE,1,TURN_TO_LANE,1.7600,-1.7600,+X
44.6560,-9.165197,-9.204006,-1.744858,TURN_TO_LANE,1,TURN_TO_LANE,1.7600,-1.7600,+X
44.6720,-9.162711,-9.204458,-1.756352,TURN_TO_LANE,1,TURN_TO_LANE,1.7600,-1.7600,+X
44.6880,-9.160230,-9.204938,-1.767846,TURN_TO_LANE,1,TURN_TO_LANE,1.7600,-1.7600,+X
44.7040,-9.157755,-9.205447,-1.779340,TURN_TO_LANE,1,TURN_TO_LANE,1.7600,-1.7600,+X
44.7200,-9.155286,-9.205984,-1.790834,TURN_TO_LANE,1,TURN_TO_LANE,1.7600,-1.7600,+X
44.7360,-9.152824,-9.206550,-1.802328,TURN_TO_LANE,1,TURN_TO_LANE,1.7600,-1.7600,+X
44.7520,-9.150368,-9.207144,-1.813821,TURN_TO_LANE,1,TURN_TO_LANE,1.7600,-1.7600,+X
44.7680,-9.147919,-9.207766,-1.825315,TURN_TO_LANE,1,TURN_TO_LANE,1.7600,-1.7600,+X
44.7840,-9.145477,-9.208416,-1.836809,TURN_TO_LANE,1,TURN_TO_LANE,1.7600,-1.7600,+X
44.8000,-9.143043,-9.209094,-1.848303,TURN_TO_LANE,1,TURN_TO_LANE,1.7600,-1.7600,+X
44.8160,-9.140617,-9.209800,-1.859796,TURN_TO_LANE,1,TURN_TO_LANE,1.7600,-1.7600,+X
44.8320,-9.138200,-9.210534,-1.871290,TURN_TO_LANE,1,TURN_TO_LANE,1.7600,-1.7600,+X
44.8480,-9.135791,-9.211296,-1.882784,TURN_TO_LANE,1,TURN_TO_LANE,1.7600,-1.7600,+X
44.8640,-9.133391,-9.212086,-1.894277,TURN_TO_LANE,1,TURN_TO_LANE,1.7600,-1.7600,+X
44.8800,-9.131000,-9.212903,-1.905771,TURN_TO_LANE,1,TURN_TO_LANE,1.7600,-1.7600,+X
44.8960,-9.128618,-9.213747,-1.917264,TURN_TO_LANE,1,TURN_TO_LANE,1.7600,-1.7600,+X
44.9120,-9.126247,-9.214619,-1.928758,TURN_TO_LANE,1,TURN_TO_LANE,1.7600,-1.7600,+X
44.9280,-9.123886,-9.215518,-1.940251,TURN_TO_LANE,1,TURN_TO_LANE,1.7600,-1.7600,+X
44.9440,-9.121535,-9.216444,-1.951745,TURN_TO_LANE,1,TURN_TO_LANE,1.7600,-1.7600,+X
44.9600,-9.119195,-9.217397,-1.963238,TURN_TO_LANE,1,TURN_TO_LANE,1.7600,-1.7600,+X
44.9760,-9.116866,-9.218377,-1.974732,TURN_TO_LANE,1,TURN_TO_LANE,1.7600,-1.7600,+X
44.9920,-9.114549,-9.219383,-1.986225,TURN_TO_LANE,1,TURN_TO_LANE,1.7600,-1.7600,+X
45.0080,-9.112243,-9.220416,-1.997718,TURN_TO_LANE,1,TURN_TO_LANE,1.7600,-1.7600,+X
45.0240,-9.109949,-9.221476,-2.009212,TURN_TO_LANE,1,TURN_TO_LANE,1.7600,-1.7600,+X
45.0400,-9.107668,-9.222561,-2.020705,TURN_TO_LANE,1,TURN_TO_LANE,1.7600,-1.7600,+X
45.0560,-9.105399,-9.223673,-2.032198,TURN_TO_LANE,1,TURN_TO_LANE,1.7600,-1.7600,+X
45.0720,-9.103144,-9.224811,-2.043691,TURN_TO_LANE,1,TURN_TO_LANE,1.7600,-1.7600,+X
45.0880,-9.100901,-9.225975,-2.055184,TURN_TO_LANE,1,TURN_TO_LANE,1.7600,-1.7600,+X
45.1040,-9.098672,-9.227165,-2.066678,TURN_TO_LANE,1,TURN_TO_LANE,1.7600,-1.7600,+X
45.1200,-9.096457,-9.228380,-2.078171,TURN_TO_LANE,1,TURN_TO_LANE,1.7600,-1.7600,+X
45.1360,-9.094256,-9.229620,-2.089663,TURN_TO_LANE,1,TURN_TO_LANE,1.7600,-1.7600,+X
45.1520,-9.092070,-9.230886,-2.101156,TURN_TO_LANE,1,TURN_TO_LANE,1.7600,-1.7600,+X
45.1680,-9.089898,-9.232176,-2.112649,TURN_TO_LANE,1,TURN_TO_LANE,1.7600,-1.7600,+X
45.1840,-9.087741,-9.233492,-2.124142,TURN_TO_LANE,1,TURN_TO_LANE,1.7600,-1.7600,+X
45.2000,-9.085599,-9.234832,-2.135635,TURN_TO_LANE,1,TURN_TO_LANE,1.7600,-1.7600,+X
45.2160,-9.083473,-9.236197,-2.147127,TURN_TO_LANE,1,TURN_TO_LANE,1.7600,-1.7600,+X
45.2320,-9.081363,-9.237586,-2.158620,TURN_TO_LANE,1,TURN_TO_LANE,1.7600,-1.7600,+X
45.2480,-9.079269,-9.238999,-2.170112,TURN_TO_LANE,1,TURN_TO_LANE,1.7600,-1.7600,+X
45.2640,-9.077192,-9.240437,-2.181604,TURN_TO_LANE,1,TURN_TO_LANE,1.7600,-1.7600,+X
45.2800,-9.075131,-9.241898,-2.193097,TURN_TO_LANE,1,TURN_TO_LANE,1.7600,-1.7600,+X
45.2960,-9.073087,-9.243382,-2.204589,TURN_TO_LANE,1,TURN_TO_LANE,1.7600,-1.7600,+X
45.3120,-9.071060,-9.244890,-2.216081,TURN_TO_LANE,1,TURN_TO_LANE,1.7600,-1.7600,+X
45.3280,-9.069051,-9.246421,-2.227573,TURN_TO_LANE,1,TURN_TO_LANE,1.7600,-1.7600,+X
45.3440,-9.067060,-9.247975,-2.239064,TURN_TO_LANE,1,TURN_TO_LANE,1.7600,-1.7600,+X
45.3600,-9.065086,-9.249552,-2.250556,TURN_TO_LANE,1,TURN_TO_LANE,1.7600,-1.7600,+X
45.3760,-9.063131,-9.251151,-2.262047,TURN_TO_LANE,1,TURN_TO_LANE,1.7600,-1.7600,+X
45.3920,-9.061195,-9.252773,-2.273539,TURN_TO_LANE,1,TURN_TO_LANE,1.7600,-1.7600,+X
45.4080,-9.059277,-9.254417,-2.285030,TURN_TO_LANE,1,TURN_TO_LANE,1.7600,-1.7600,+X
45.4240,-9.057378,-9.256083,-2.296521,TURN_TO_LANE,1,TURN_TO_LANE,1.7600,-1.7600,+X
45.4400,-9.055499,-9.257770,-2.308011,TURN_TO_LANE,1,TURN_TO_LANE,1.7600,-1.7600,+X
45.4560,-9.053639,-9.259479,-2.319502,TURN_TO_LANE,1,TURN_TO_LANE,1.7600,-1.7600,+X
45.4720,-9.051799,-9.261209,-2.330992,TURN_TO_LANE,1,TURN_TO_LANE,1.7600,-1.7600,+X
45.4880,-9.049980,-9.262960,-2.342482,TURN_TO_LANE,1,TURN_TO_LANE,1.7600,-1.7600,+X
45.5040,-9.048180,-9.264732,-2.353972,TURN_TO_LANE,1,TURN_TO_LANE,1.7600,-1.7600,+X
45.5200,-9.046401,-9.266525,-2.365462,TURN_TO_LANE,1,TURN_TO_LANE,1.7600,-1.7600,+X
45.5360,-9.044643,-9.268338,-2.376952,TURN_TO_LANE,1,TURN_TO_LANE,1.7600,-1.7600,+X
45.5520,-9.042906,-9.270171,-2.388442,TURN_TO_LANE,1,TURN_TO_LANE,1.7600,-1.7600,+X
45.5680,-9.041190,-9.272024,-2.399932,TURN_TO_LANE,1,TURN_TO_LANE,1.7600,-1.7600,+X
45.5840,-9.039496,-9.273897,-2.411422,TURN_TO_LANE,1,TURN_TO_LANE,1.7600,-1.7600,+X
45.6000,-9.037823,-9.275789,-2.422911,TURN_TO_LANE,1,TURN_TO_LANE,1.7600,-1.7600,+X
45.6160,-9.036172,-9.277700,-2.434401,TURN_TO_LANE,1,TURN_TO_LANE,1.7600,-1.7600,+X
45.6320,-9.034543,-9.279630,-2.445891,TURN_TO_LANE,1,TURN_TO_LANE,1.7600,-1.7600,+X
45.6480,-9.032937,-9.281579,-2.457381,TURN_TO_LANE,1,TURN_TO_LANE,1.7600,-1.7600,+X
45.6640,-9.031353,-9.283546,-2.468871,TURN_TO_LANE,1,TURN_TO_LANE,1.7600,-1.7600,+X
45.6800,-9.029792,-9.285531,-2.480361,TURN_TO_LANE,1,TURN_TO_LANE,1.7600,-1.7600,+X
45.6960,-9.028251,-9.287534,-2.491856,TURN_TO_LANE,1,TURN_TO_LANE,1.7600,-1.7600,+X
45.7120,-9.026733,-9.289554,-2.503351,TURN_TO_LANE,1,TURN_TO_LANE,1.7600,-1.7600,+X
45.7280,-9.025238,-9.291592,-2.514847,TURN_TO_LANE,1,TURN_TO_LANE,1.7600,-1.7600,+X
45.7440,-9.023767,-9.293647,-2.526342,TURN_TO_LANE,1,TURN_TO_LANE,1.7600,-1.7600,+X
45.7600,-9.022319,-9.295718,-2.537838,TURN_TO_LANE,1,TURN_TO_LANE,1.7600,-1.7600,+X
45.7760,-9.020896,-9.297806,-2.549334,TURN_TO_LANE,1,TURN_TO_LANE,1.7600,-1.7600,+X
45.7920,-9.019496,-9.299911,-2.560830,TURN_TO_LANE,1,TURN_TO_LANE,1.7600,-1.7600,+X
45.8080,-9.018121,-9.302031,-2.572325,TURN_TO_LANE,1,TURN_TO_LANE,1.7600,-1.7600,+X
45.8240,-9.016771,-9.304167,-2.583821,TURN_TO_LANE,1,TURN_TO_LANE,1.7600,-1.7600,+X
45.8400,-9.015445,-9.306319,-2.595317,TURN_TO_LANE,1,TURN_TO_LANE,1.7600,-1.7600,+X
45.8560,-9.014144,-9.308485,-2.606813,TURN_TO_LANE,1,TURN_TO_LANE,1.7600,-1.7600,+X
45.8720,-9.012868,-9.310667,-2.618309,TURN_TO_LANE,1,TURN_TO_LANE,1.7268,-1.7268,+X
45.8880,-9.011641,-9.312822,-2.629589,TURN_TO_LANE,1,TURN_TO_LANE,1.6896,-1.6896,+X
45.9040,-9.010464,-9.314944,-2.640626,TURN_TO_LANE,1,TURN_TO_LANE,1.6532,-1.6532,+X
45.9200,-9.009336,-9.317034,-2.651424,TURN_TO_LANE,1,TURN_TO_LANE,1.6176,-1.6176,+X
45.9360,-9.008254,-9.319089,-2.661990,TURN_TO_LANE,1,TURN_TO_LANE,1.5827,-1.5827,+X
45.9520,-9.007217,-9.321112,-2.672327,TURN_TO_LANE,1,TURN_TO_LANE,1.5486,-1.5486,+X
45.9680,-9.006223,-9.323101,-2.682442,TURN_TO_LANE,1,TURN_TO_LANE,1.5152,-1.5152,+X
45.9840,-9.005270,-9.325057,-2.692338,TURN_TO_LANE,1,TURN_TO_LANE,1.4825,-1.4825,+X
46.0000,-9.004357,-9.326980,-2.702021,TURN_TO_LANE,1,TURN_TO_LANE,1.4506,-1.4506,+X
46.0160,-9.003481,-9.328869,-2.711495,TURN_TO_LANE,1,TURN_TO_LANE,1.4193,-1.4193,+X
46.0320,-9.002642,-9.330726,-2.720764,TURN_TO_LANE,1,TURN_TO_LANE,1.3887,-1.3887,+X
46.0480,-9.001837,-9.332551,-2.729834,TURN_TO_LANE,1,TURN_TO_LANE,1.3588,-1.3588,+X
46.0640,-9.001066,-9.334343,-2.738708,TURN_TO_LANE,1,TURN_TO_LANE,1.3295,-1.3295,+X
46.0800,-9.000327,-9.336102,-2.747391,TURN_TO_LANE,1,TURN_TO_LANE,1.3009,-1.3009,+X
46.0960,-8.999619,-9.337831,-2.755886,TURN_TO_LANE,1,TURN_TO_LANE,1.2728,-1.2728,+X
46.1120,-8.998940,-9.339527,-2.764199,TURN_TO_LANE,1,TURN_TO_LANE,1.2454,-1.2454,+X
46.1280,-8.998290,-9.341193,-2.772332,TURN_TO_LANE,1,TURN_TO_LANE,1.2186,-1.2186,+X
46.1440,-8.997667,-9.342827,-2.780290,TURN_TO_LANE,1,TURN_TO_LANE,1.1923,-1.1923,+X
46.1600,-8.997069,-9.344431,-2.788076,TURN_TO_LANE,1,TURN_TO_LANE,1.1666,-1.1666,+X
46.1760,-8.996497,-9.346005,-2.795694,TURN_TO_LANE,1,TURN_TO_LANE,1.1415,-1.1415,+X
46.1920,-8.995949,-9.347549,-2.803148,TURN_TO_LANE,1,TURN_TO_LANE,1.1169,-1.1169,+X
46.2080,-8.995424,-9.349064,-2.810442,TURN_TO_LANE,1,TURN_TO_LANE,1.0928,-1.0928,+X
46.2240,-8.994920,-9.350550,-2.817578,TURN_TO_LANE,1,TURN_TO_LANE,1.0692,-1.0692,+X
46.2400,-8.994438,-9.352007,-2.824561,TURN_TO_LANE,1,TURN_TO_LANE,1.0462,-1.0462,+X
46.2560,-8.993976,-9.353436,-2.831393,TURN_TO_LANE,1,TURN_TO_LANE,1.0237,-1.0237,+X
46.2720,-8.993533,-9.354837,-2.838077,TURN_TO_LANE,1,TURN_TO_LANE,1.0016,-1.0016,+X
46.2880,-8.993110,-9.356211,-2.844618,TURN_TO_LANE,1,TURN_TO_LANE,0.9800,-0.9800,+X
46.3040,-8.992703,-9.357557,-2.851018,TURN_TO_LANE,1,TURN_TO_LANE,0.9589,-0.9589,+X
46.3200,-8.992314,-9.358877,-2.857280,TURN_TO_LANE,1,TURN_TO_LANE,0.9382,-0.9382,+X
46.3360,-8.991942,-9.360172,-2.863407,TURN_TO_LANE,1,TURN_TO_LANE,0.9180,-0.9180,+X
46.3520,-8.991585,-9.361440,-2.869401,TURN_TO_LANE,1,TURN_TO_LANE,0.8982,-0.8982,+X
46.3680,-8.991243,-9.362683,-2.875267,TURN_TO_LANE,1,TURN_TO_LANE,0.8789,-0.8789,+X
46.3840,-8.990915,-9.363901,-2.881006,TURN_TO_LANE,1,TURN_TO_LANE,0.8599,-0.8599,+X
46.4000,-8.990601,-9.365094,-2.886622,TURN_TO_LANE,1,TURN_TO_LANE,0.8414,-0.8414,+X
46.4160,-8.990301,-9.366264,-2.892116,TURN_TO_LANE,1,TURN_TO_LANE,0.8233,-0.8233,+X
46.4320,-8.990013,-9.367410,-2.897492,TURN_TO_LANE,1,TURN_TO_LANE,0.8055,-0.8055,+X
46.4480,-8.989737,-9.368533,-2.902753,TURN_TO_LANE,1,TURN_TO_LANE,0.7882,-0.7882,+X
46.4640,-8.989474,-9.369632,-2.907899,TURN_TO_LANE,1,TURN_TO_LANE,0.7712,-0.7712,+X
46.4800,-8.989221,-9.370710,-2.912935,TURN_TO_LANE,1,TURN_TO_LANE,0.7546,-0.7546,+X
46.4960,-8.988979,-9.371765,-2.917863,TURN_TO_LANE,1,TURN_TO_LANE,0.7383,-0.7383,+X
46.5120,-8.988747,-9.372799,-2.922684,TURN_TO_LANE,1,TURN_TO_LANE,0.7224,-0.7224,+X
46.5280,-8.988525,-9.373811,-2.927401,TURN_TO_LANE,1,TURN_TO_LANE,0.7068,-0.7068,+X
46.5440,-8.988312,-9.374803,-2.932017,TURN_TO_LANE,1,TURN_TO_LANE,0.6916,-0.6916,+X
46.5600,-8.988108,-9.375774,-2.936533,TURN_TO_LANE,1,TURN_TO_LANE,0.6767,-0.6767,+X
46.5760,-8.987913,-9.376725,-2.940952,TURN_TO_LANE,1,TURN_TO_LANE,0.6621,-0.6621,+X
46.5920,-8.987726,-9.377657,-2.945275,TURN_TO_LANE,1,TURN_TO_LANE,0.6478,-0.6478,+X
46.6080,-8.987548,-9.378569,-2.949506,TURN_TO_LANE,1,TURN_TO_LANE,0.6339,-0.6339,+X
46.6240,-8.987376,-9.379462,-2.953645,TURN_TO_LANE,1,TURN_TO_LANE,0.6202,-0.6202,+X
46.6400,-8.987212,-9.380337,-2.957695,TURN_TO_LANE,1,TURN_TO_LANE,0.6069,-0.6069,+X
46.6560,-8.987055,-9.381193,-2.961657,TURN_TO_LANE,1,TURN_TO_LANE,0.5938,-0.5938,+X
46.6720,-8.986905,-9.382031,-2.965535,TURN_TO_LANE,1,TURN_TO_LANE,0.5810,-0.5810,+X
46.6880,-8.986761,-9.382852,-2.969328,TURN_TO_LANE,1,TURN_TO_LANE,0.5685,-0.5685,+X
46.7040,-8.986623,-9.383656,-2.973040,TURN_TO_LANE,1,TURN_TO_LANE,0.5562,-0.5562,+X
46.7200,-8.986491,-9.384443,-2.976672,TURN_TO_LANE,1,TURN_TO_LANE,0.5442,-0.5442,+X
46.7360,-8.986365,-9.385213,-2.980226,TURN_TO_LANE,1,TURN_TO_LANE,0.5325,-0.5325,+X
46.7520,-8.986243,-9.385967,-2.983703,TURN_TO_LANE,1,TURN_TO_LANE,0.5210,-0.5210,+X
46.7680,-8.986128,-9.386706,-2.987105,TURN_TO_LANE,1,TURN_TO_LANE,0.5098,-0.5098,+X
46.7840,-8.986017,-9.387428,-2.990434,TURN_TO_LANE,1,TURN_TO_LANE,0.4988,-0.4988,+X
46.8000,-8.985910,-9.388136,-2.993691,TURN_TO_LANE,1,TURN_TO_LANE,0.4881,-0.4881,+X
46.8160,-8.985809,-9.388828,-2.996877,TURN_TO_LANE,1,TURN_TO_LANE,0.4776,-0.4776,+X
46.8320,-8.985711,-9.389506,-2.999995,TURN_TO_LANE,1,TURN_TO_LANE,0.4673,-0.4673,+X
46.8480,-8.985618,-9.390170,-3.003046,TURN_TO_LANE,1,TURN_TO_LANE,0.4572,-0.4572,+X
46.8640,-8.985529,-9.390819,-3.006032,TURN_TO_LANE,1,TURN_TO_LANE,0.4474,-0.4474,+X
46.8800,-8.985443,-9.391455,-3.008952,TURN_TO_LANE,1,TURN_TO_LANE,0.4377,-0.4377,+X
46.8960,-8.985361,-9.392078,-3.011810,TURN_TO_LANE,1,TURN_TO_LANE,0.4283,-0.4283,+X
46.9120,-8.985283,-9.392687,-3.014606,TURN_TO_LANE,1,TURN_TO_LANE,0.4191,-0.4191,+X
46.9280,-8.985208,-9.393283,-3.017342,TURN_TO_LANE,1,TURN_TO_LANE,0.4100,-0.4100,+X
46.9440,-8.985136,-9.393866,-3.020019,TURN_TO_LANE,1,TURN_TO_LANE,0.4012,-0.4012,+X
46.9600,-8.985067,-9.394437,-3.022639,TURN_TO_LANE,1,TURN_TO_LANE,0.3925,-0.3925,+X
46.9760,-8.985001,-9.394996,-3.025201,TURN_TO_LANE,1,TURN_TO_LANE,0.3841,-0.3841,+X
46.9920,-8.984938,-9.395543,-3.027709,TURN_TO_LANE,1,TURN_TO_LANE,0.3758,-0.3758,+X
47.0080,-8.984878,-9.396079,-3.030163,TURN_TO_LANE,1,TURN_TO_LANE,0.3677,-0.3677,+X
47.0240,-8.984820,-9.396603,-3.032563,TURN_TO_LANE,1,TURN_TO_LANE,0.3598,-0.3598,+X
47.0400,-8.984764,-9.397115,-3.034912,TURN_TO_LANE,1,TURN_TO_LANE,0.3520,-0.3520,+X
47.0560,-8.984711,-9.397617,-3.037210,TURN_TO_LANE,1,TURN_TO_LANE,0.3445,-0.3445,+X
47.0720,-8.984661,-9.398108,-3.039459,TURN_TO_LANE,1,TURN_TO_LANE,0.3370,-0.3370,+X
47.0880,-8.984612,-9.398589,-3.041659,TURN_TO_LANE,1,TURN_TO_LANE,0.3298,-0.3298,+X
47.1040,-8.984566,-9.399059,-3.043812,TURN_TO_LANE,1,TURN_TO_LANE,0.3227,-0.3227,+X
47.1200,-8.984521,-9.399520,-3.045919,TURN_TO_LANE,1,TURN_TO_LANE,0.3157,-0.3157,+X
47.1360,-8.984478,-9.399970,-3.047980,TURN_TO_LANE,1,TURN_TO_LANE,0.3089,-0.3089,+X
47.1520,-8.984438,-9.400411,-3.049996,TURN_TO_LANE,1,TURN_TO_LANE,0.3023,-0.3023,+X
47.1680,-8.984399,-9.400842,-3.051970,TURN_TO_LANE,1,TURN_TO_LANE,0.2958,-0.2958,+X
47.1840,-8.984361,-9.401264,-3.053900,TURN_TO_LANE,1,TURN_TO_LANE,0.2894,-0.2894,+X
47.2000,-8.984325,-9.401677,-3.055789,TURN_TO_LANE,1,TURN_TO_LANE,0.2832,-0.2832,+X
47.2160,-8.984291,-9.402082,-3.057637,TURN_TO_LANE,1,TURN_TO_LANE,0.2771,-0.2771,+X
47.2320,-8.984258,-9.402477,-3.059446,TURN_TO_LANE,1,TURN_TO_LANE,0.2711,-0.2711,+X
47.2480,-8.984227,-9.402864,-3.061215,TURN_TO_LANE,1,TURN_TO_LANE,0.2652,-0.2652,+X
47.2640,-8.984197,-9.403243,-3.062947,TURN_TO_LANE,1,TURN_TO_LANE,0.2595,-0.2595,+X
47.2800,-8.984168,-9.403614,-3.064641,TURN_TO_LANE,1,TURN_TO_LANE,0.2539,-0.2539,+X
47.2960,-8.984140,-9.403976,-3.066298,TURN_TO_LANE,1,TURN_TO_LANE,0.2485,-0.2485,+X
47.3120,-8.984114,-9.404331,-3.067920,TURN_TO_LANE,1,TURN_TO_LANE,0.2431,-0.2431,+X
47.3280,-8.984089,-9.404678,-3.069507,TURN_TO_LANE,1,TURN_TO_LANE,0.2379,-0.2379,+X
47.3440,-8.984064,-9.405018,-3.071059,TURN_TO_LANE,1,TURN_TO_LANE,0.2328,-0.2328,+X
47.3600,-8.984041,-9.405351,-3.072578,TURN_TO_LANE,1,TURN_TO_LANE,0.2277,-0.2277,+X
47.3760,-8.984019,-9.405676,-3.074065,TURN_TO_LANE,1,TURN_TO_LANE,0.2228,-0.2228,+X
47.3920,-8.983998,-9.405994,-3.075519,TURN_TO_LANE,1,TURN_TO_LANE,0.2180,-0.2180,+X
47.4080,-8.983977,-9.406306,-3.076942,TURN_TO_LANE,1,TURN_TO_LANE,0.2133,-0.2133,+X
47.4240,-8.983958,-9.406611,-3.078334,TURN_TO_LANE,1,TURN_TO_LANE,0.2088,-0.2088,+X
47.4400,-8.983939,-9.406909,-3.079697,TURN_TO_LANE,1,TURN_TO_LANE,0.2043,-0.2043,+X
47.4560,-8.983921,-9.407201,-3.081030,TURN_TO_LANE,1,TURN_TO_LANE,0.1999,-0.1999,+X
47.4720,-8.983904,-9.407486,-3.082334,TURN_TO_LANE,1,TURN_TO_LANE,0.1956,-0.1956,+X
47.4880,-8.983888,-9.407766,-3.083610,TURN_TO_LANE,1,TURN_TO_LANE,0.1913,-0.1913,+X
47.5040,-8.983872,-9.408039,-3.084858,TURN_TO_LANE,1,TURN_TO_LANE,0.1872,-0.1872,+X
47.5200,-8.983857,-9.408306,-3.086080,TURN_TO_LANE,1,TURN_TO_LANE,0.1832,-0.1832,+X
47.5360,-8.983843,-9.408568,-3.087275,TURN_TO_LANE,1,TURN_TO_LANE,0.1792,-0.1792,+X
47.5520,-8.983829,-9.408824,-3.088445,TURN_TO_LANE,1,TURN_TO_LANE,0.1754,-0.1754,+X
47.5680,-8.983816,-9.409075,-3.089589,TURN_TO_LANE,1,TURN_TO_LANE,0.1716,-0.1716,+X
47.5840,-8.983804,-9.409320,-3.090709,TURN_TO_LANE,1,TURN_TO_LANE,0.1679,-0.1679,+X
47.6000,-8.983792,-9.409560,-3.091805,TURN_TO_LANE,1,TURN_TO_LANE,0.1643,-0.1643,+X
47.6160,-8.983780,-9.409794,-3.092877,TURN_TO_LANE,1,TURN_TO_LANE,0.1608,-0.1608,+X
47.6320,-8.983769,-9.410024,-3.093925,TURN_TO_LANE,1,TURN_TO_LANE,0.1573,-0.1573,+X
47.6480,-8.983758,-9.410249,-3.094952,TURN_TO_LANE,1,TURN_TO_LANE,0.1539,-0.1539,+X
47.6640,-8.983748,-9.410468,-3.095956,TURN_TO_LANE,1,TURN_TO_LANE,0.1506,-0.1506,+X
47.6800,-8.983739,-9.410684,-3.096938,TURN_TO_LANE,1,TURN_TO_LANE,0.1474,-0.1474,+X
47.6960,-8.983729,-9.410894,-3.097899,TURN_TO_LANE,1,TURN_TO_LANE,0.1442,-0.1442,+X
47.7120,-8.983720,-9.411100,-3.098840,TURN_TO_LANE,1,TURN_TO_LANE,0.1411,-0.1411,+X
47.7280,-8.983712,-9.411301,-3.099760,TURN_TO_LANE,1,TURN_TO_LANE,0.1380,-0.1380,+X
47.7440,-8.983704,-9.411499,-3.100661,TURN_TO_LANE,1,TURN_TO_LANE,0.1351,-0.1351,+X
47.7600,-8.983696,-9.411692,-3.101542,TURN_TO_LANE,1,TURN_TO_LANE,0.1322,-0.1322,+X
47.7760,-8.983689,-9.411880,-3.102404,TURN_TO_LANE,1,TURN_TO_LANE,0.1320,-0.1320,+X
47.7920,-8.983681,-9.412069,-3.103265,TURN_TO_LANE,1,TURN_TO_LANE,0.1320,-0.1320,+X
47.8080,-8.983674,-9.412257,-3.104126,TURN_TO_LANE,1,TURN_TO_LANE,0.1320,-0.1320,+X
47.8240,-8.983667,-9.412446,-3.104986,TURN_TO_LANE,1,TURN_TO_LANE,0.1320,-0.1320,+X
47.8400,-8.983660,-9.412635,-3.105847,TURN_TO_LANE,1,TURN_TO_LANE,0.1320,-0.1320,+X
47.8560,-8.983654,-9.412823,-3.106708,TURN_TO_LANE,1,TURN_TO_LANE,0.1320,-0.1320,+X
47.8720,-8.983647,-9.413012,-3.107569,TURN_TO_LANE,1,TURN_TO_LANE,0.1320,-0.1320,+X
47.8880,-8.983641,-9.413200,-3.108430,TURN_TO_LANE,1,TURN_TO_LANE,0.1320,-0.1320,+X
47.9040,-8.983635,-9.413389,-3.109291,TURN_TO_LANE,1,TURN_TO_LANE,0.1320,-0.1320,+X
47.9200,-8.983629,-9.413578,-3.110152,TURN_TO_LANE,1,TURN_TO_LANE,0.1320,-0.1320,+X
47.9360,-8.983623,-9.413766,-3.111013,TURN_TO_LANE,1,TURN_TO_LANE,0.1320,-0.1320,+X
47.9520,-8.983617,-9.413955,-3.111873,TURN_TO_LANE,1,TURN_TO_LANE,0.1320,-0.1320,+X
47.9680,-8.983612,-9.414144,-3.112734,TURN_TO_LANE,1,TURN_TO_LANE,0.1320,-0.1320,+X
47.9840,-8.983606,-9.414333,-3.113595,TURN_TO_LANE,1,TURN_TO_LANE,0.1320,-0.1320,+X
48.0000,-8.983601,-9.414522,-3.114456,TURN_TO_LANE,1,TURN_TO_LANE,0.1320,-0.1320,+X
48.0160,-8.983596,-9.414710,-3.115317,TURN_TO_LANE,1,TURN_TO_LANE,0.1320,-0.1320,+X
48.0320,-8.983591,-9.414899,-3.116178,TURN_TO_LANE,1,TURN_TO_LANE,0.1320,-0.1320,+X
48.0480,-8.983586,-9.415088,-3.117038,TURN_TO_LANE,1,TURN_TO_LANE,0.1320,-0.1320,+X
48.0640,-8.983582,-9.415277,-3.117899,TURN_TO_LANE,1,TURN_TO_LANE,0.1320,-0.1320,+X
48.0800,-8.983577,-9.415466,-3.118760,TURN_TO_LANE,1,TURN_TO_LANE,0.1320,-0.1320,+X
48.0960,-8.983573,-9.415655,-3.119621,TURN_TO_LANE,1,TURN_TO_LANE,0.1320,-0.1320,+X
48.1120,-8.983569,-9.415843,-3.120482,TURN_TO_LANE,1,TURN_TO_LANE,0.1320,-0.1320,+X
48.1280,-8.983565,-9.416032,-3.121343,TURN_TO_LANE,1,TURN_TO_LANE,0.1320,-0.1320,+X
48.1440,-8.983562,-9.416221,-3.122203,TURN_TO_LANE,1,TURN_TO_LANE,0.1320,-0.1320,+X
48.1600,-8.983558,-9.416410,-3.123064,TURN_TO_LANE,1,TURN_TO_LANE,0.1320,-0.1320,+X
48.1760,-8.983555,-9.416599,-3.123925,TURN_TO_LANE,1,TURN_TO_LANE,0.1320,-0.1320,+X
48.1920,-8.983551,-9.416788,-3.124786,TURN_TO_LANE,1,TURN_TO_LANE,0.1320,-0.1320,+X
48.2080,-8.983548,-9.416977,-3.125647,TURN_TO_LANE,1,TURN_TO_LANE,0.1320,-0.1320,+X
48.2240,-8.983545,-9.417166,-3.126507,TURN_TO_LANE,1,TURN_TO_LANE,0.1320,-0.1320,+X
48.2400,-8.983543,-9.417354,-3.127368,TURN_TO_LANE,1,TURN_TO_LANE,0.1320,-0.1320,+X
48.2560,-8.983540,-9.417543,-3.128229,TURN_TO_LANE,1,TURN_TO_LANE,0.1320,-0.1320,+X
48.2720,-8.983537,-9.417732,-3.129090,TURN_TO_LANE,1,TURN_TO_LANE,0.1320,-0.1320,+X
48.2880,-8.983535,-9.417921,-3.129950,TURN_TO_LANE,1,TURN_TO_LANE,0.1320,-0.1320,+X
48.3040,-8.983533,-9.418110,-3.130811,TURN_TO_LANE,1,TURN_TO_LANE,0.1320,-0.1320,+X
48.3200,-8.983531,-9.418299,-3.131672,TURN_TO_LANE,1,TURN_TO_LANE,0.1320,-0.1320,+X
48.3360,-8.983529,-9.418488,-3.132533,TURN_TO_LANE,1,TURN_TO_LANE,0.1320,-0.1320,+X
48.3520,-8.983528,-9.418677,-3.133393,TURN_TO_LANE,1,TURN_TO_LANE,0.1320,-0.1320,+X
48.3680,-8.983526,-9.418866,-3.134254,DRIVE_LANE,1,NONE,-0.0000,-0.0000,+X
48.3840,-8.983526,-9.418868,-3.134255,DRIVE_LANE,1,NONE,-1.9260,-1.5740,+X
48.4000,-8.981720,-9.418852,-3.134259,DRIVE_LANE,1,NONE,-2.1020,-1.3980,+X
48.4160,-8.978397,-9.418331,-3.131968,DRIVE_LANE,1,NONE,-2.2780,-1.2220,+X
48.4320,-8.975686,-9.417658,-3.129007,DRIVE_LANE,1,NONE,-2.4540,-1.0460,+X
48.4480,-8.972879,-9.416618,-3.124421,DRIVE_LANE,1,NONE,-2.6300,-0.8700,+X
48.4640,-8.970080,-9.415310,-3.118684,DRIVE_LANE,1,NONE,-2.8060,-0.6940,+X
48.4800,-8.967299,-9.413732,-3.111796,DRIVE_LANE,1,NONE,-2.9820,-0.5180,+X
48.4960,-8.964540,-9.411879,-3.103758,DRIVE_LANE,1,NONE,-3.1063,-0.3937,+X
48.5120,-8.961807,-9.409824,-3.094905,DRIVE_LANE,1,NONE,-3.0646,-0.4354,+X
48.5280,-8.959093,-9.407799,-3.086321,DRIVE_LANE,1,NONE,-3.0239,-0.4761,+X
48.5440,-8.956396,-9.405808,-3.078002,DRIVE_LANE,1,NONE,-2.9842,-0.5158,+X
48.5600,-8.953715,-9.403851,-3.069943,DRIVE_LANE,1,NONE,-2.9455,-0.5545,+X
48.5760,-8.951046,-9.401929,-3.062136,DRIVE_LANE,1,NONE,-2.9079,-0.5921,+X
48.5920,-8.948389,-9.400039,-3.054574,DRIVE_LANE,1,NONE,-2.8712,-0.6288,+X
48.6080,-8.945743,-9.398182,-3.047252,DRIVE_LANE,1,NONE,-2.8355,-0.6645,+X
48.6240,-8.943107,-9.396357,-3.040164,DRIVE_LANE,1,NONE,-2.8375,-0.7362,+X
48.6400,-8.940422,-9.394557,-3.033303,DRIVE_LANE,1,NONE,-2.9010,-0.8675,+X
48.6560,-8.937593,-9.392771,-3.026662,DRIVE_LANE,1,NONE,-2.9634,-0.9961,+X
48.6720,-8.934617,-9.390997,-3.020239,DRIVE_LANE,1,NONE,-3.0247,-1.1222,+X
48.6880,-8.931498,-9.389231,-3.014027,DRIVE_LANE,1,NONE,-3.0849,-1.2458,+X
48.7040,-8.928238,-9.387472,-3.008021,DRIVE_LANE,1,NONE,-3.1442,-1.3670,+X
48.7200,-8.924838,-9.385718,-3.002218,DRIVE_LANE,1,NONE,-3.2025,-1.4859,+X
48.7360,-8.921302,-9.383968,-2.996613,DRIVE_LANE,1,NONE,-3.2598,-1.6025,+X
48.7520,-8.917631,-9.382220,-2.991201,DRIVE_LANE,1,NONE,-3.3162,-1.7169,+X
48.7680,-8.913828,-9.380473,-2.985979,DRIVE_LANE,1,NONE,-3.3717,-1.8292,+X
48.7840,-8.909894,-9.378726,-2.980942,DRIVE_LANE,1,NONE,-3.4262,-1.9395,+X
48.8000,-8.905833,-9.376977,-2.976088,DRIVE_LANE,1,NONE,-3.4799,-2.0478,+X
48.8160,-8.901646,-9.375226,-2.971412,DRIVE_LANE,1,NONE,-3.5327,-2.1541,+X
48.8320,-8.897334,-9.373471,-2.966910,DRIVE_LANE,1,NONE,-3.5847,-2.2585,+X
48.8480,-8.892901,-9.371713,-2.962580,DRIVE_LANE,1,NONE,-3.6358,-2.3611,+X
48.8640,-8.888347,-9.369949,-2.958417,DRIVE_LANE,1,NONE,-3.6861,-2.4619,+X
48.8800,-8.883675,-9.368181,-2.954420,DRIVE_LANE,1,NONE,-3.7356,-2.5609,+X
48.8960,-8.878887,-9.366407,-2.950584,DRIVE_LANE,1,NONE,-3.7844,-2.6582,+X
48.9120,-8.873984,-9.364626,-2.946907,DRIVE_LANE,1,NONE,-3.8323,-2.7538,+X
48.9280,-8.868968,-9.362839,-2.943385,DRIVE_LANE,1,NONE,-3.8795,-2.8478,+X
48.9440,-8.863841,-9.361045,-2.940016,DRIVE_LANE,1,NONE,-3.9259,-2.9401,+X
48.9600,-8.858604,-9.359244,-2.936797,DRIVE_LANE,1,NONE,-3.9716,-3.0309,+X
48.9760,-8.853259,-9.357436,-2.933726,DRIVE_LANE,1,NONE,-4.0165,-3.1201,+X
48.9920,-8.847809,-9.355620,-2.930799,DRIVE_LANE,1,NONE,-4.0607,-3.2078,+X
49.0080,-8.842254,-9.353797,-2.928014,DRIVE_LANE,1,NONE,-4.1042,-3.2940,+X
49.0240,-8.836595,-9.351967,-2.925368,DRIVE_LANE,1,NONE,-4.1470,-3.3787,+X
49.0400,-8.830836,-9.350130,-2.922860,DRIVE_LANE,1,NONE,-4.1891,-3.4620,+X
49.0560,-8.824977,-9.348285,-2.920486,DRIVE_LANE,1,NONE,-4.2304,-3.5438,+X
49.0720,-8.819019,-9.346434,-2.918244,DRIVE_LANE,1,NONE,-4.2711,-3.6243,+X
49.0880,-8.812965,-9.344576,-2.916132,DRIVE_LANE,1,NONE,-4.3110,-3.7033,+X
49.1040,-8.806815,-9.342711,-2.914148,DRIVE_LANE,1,NONE,-4.3503,-3.7809,+X
49.1200,-8.800572,-9.340841,-2.912289,DRIVE_LANE,1,NONE,-4.3889,-3.8572,+X
49.1360,-8.794236,-9.338964,-2.910553,DRIVE_LANE,1,NONE,-4.4268,-3.9322,+X
49.1520,-8.787810,-9.337082,-2.908939,DRIVE_LANE,1,NONE,-4.4641,-4.0058,+X
49.1680,-8.781294,-9.335194,-2.907442,DRIVE_LANE,1,NONE,-4.5007,-4.0781,+X
49.1840,-8.774690,-9.333302,-2.906063,DRIVE_LANE,1,NONE,-4.5366,-4.1490,+X
49.2000,-8.767999,-9.331406,-2.904798,DRIVE_LANE,1,NONE,-4.5718,-4.2187,+X
49.2160,-8.761224,-9.329506,-2.903645,DRIVE_LANE,1,NONE,-4.6064,-4.2871,+X
49.2320,-8.754365,-9.327602,-2.902603,DRIVE_LANE,1,NONE,-4.6403,-4.3542,+X
49.2480,-8.747423,-9.325696,-2.901669,DRIVE_LANE,1,NONE,-4.6736,-4.4200,+X
49.2640,-8.740401,-9.323787,-2.900842,DRIVE_LANE,1,NONE,-4.7062,-4.4846,+X
49.2800,-8.733299,-9.321876,-2.900119,DRIVE_LANE,1,NONE,-4.7381,-4.5479,+X
49.2960,-8.726119,-9.319965,-2.899498,DRIVE_LANE,1,NONE,-4.7695,-4.6100,+X
49.3120,-8.718862,-9.318053,-2.898978,DRIVE_LANE,1,NONE,-4.8001,-4.6708,+X
49.3280,-8.711530,-9.316140,-2.898557,DRIVE_LANE,1,NONE,-4.8301,-4.7304,+X
49.3440,-8.704124,-9.314229,-2.898231,DRIVE_LANE,1,NONE,-4.8595,-4.7888,+X
49.3600,-8.696645,-9.312318,-2.898001,DRIVE_LANE,1,NONE,-4.8883,-4.8459,+X
49.3760,-8.689096,-9.310409,-2.897863,DRIVE_LANE,1,NONE,-4.9164,-4.9018,+X
49.3920,-8.681476,-9.308502,-2.897817,DRIVE_LANE,1,NONE,-4.9439,-4.9565,+X
49.4080,-8.673789,-9.306593,-2.897843,DRIVE_LANE,1,NONE,-4.9709,-5.0104,+X
49.4240,-8.666034,-9.304688,-2.897960,DRIVE_LANE,1,NONE,-4.9370,-5.0028,+X
49.4400,-8.658304,-9.302811,-2.898165,DRIVE_LANE,1,NONE,-4.8863,-4.9774,+X
49.4560,-8.650627,-9.300968,-2.898455,DRIVE_LANE,1,NONE,-4.8376,-4.9530,+X
49.4720,-8.643002,-9.299159,-2.898825,DRIVE_LANE,1,NONE,-4.7909,-4.9297,+X
49.4880,-8.635428,-9.297384,-2.899273,DRIVE_LANE,1,NONE,-4.7462,-4.9074,+X
49.5040,-8.627901,-9.295641,-2.899796,DRIVE_LANE,1,NONE,-4.7033,-4.8859,+X
49.5200,-8.620421,-9.293930,-2.900389,DRIVE_LANE,1,NONE,-4.6622,-4.8655,+X
49.5360,-8.612983,-9.292250,-2.901050,DRIVE_LANE,1,NONE,-4.6228,-4.8458,+X
49.5520,-8.605588,-9.290601,-2.901776,DRIVE_LANE,1,NONE,-4.5851,-4.8271,+X
49.5680,-8.598232,-9.288982,-2.902565,DRIVE_LANE,1,NONE,-4.5491,-4.8091,+X
49.5840,-8.590913,-9.287391,-2.903413,DRIVE_LANE,1,NONE,-4.5146,-4.7920,+X
49.6000,-8.583631,-9.285829,-2.904317,DRIVE_LANE,1,NONE,-4.4816,-4.7756,+X
49.6160,-8.576382,-9.284294,-2.905276,DRIVE_LANE,1,NONE,-4.4501,-4.7600,+X
49.6320,-8.569167,-9.282787,-2.906287,DRIVE_LANE,1,NONE,-4.4200,-4.7450,+X
49.6480,-8.561982,-9.281306,-2.907348,DRIVE_LANE,1,NONE,-4.3913,-4.7308,+X
49.6640,-8.554827,-9.279851,-2.908456,DRIVE_LANE,1,NONE,-4.3639,-4.7172,+X
49.6800,-8.547699,-9.278422,-2.909609,DRIVE_LANE,1,NONE,-4.3378,-4.7043,+X
49.6960,-8.540598,-9.277017,-2.910805,DRIVE_LANE,1,NONE,-4.3130,-4.6920,+X
49.7120,-8.533523,-9.275637,-2.912042,DRIVE_LANE,1,NONE,-4.2893,-4.6802,+X
49.7280,-8.526471,-9.274280,-2.913318,DRIVE_LANE,1,NONE,-4.2668,-4.6691,+X
49.7440,-8.519442,-9.272946,-2.914631,DRIVE_LANE,1,NONE,-4.2454,-4.6585,+X
49.7600,-8.512435,-9.271635,-2.915980,DRIVE_LANE,1,NONE,-4.2251,-4.6485,+X
49.7760,-8.505447,-9.270346,-2.917362,DRIVE_LANE,1,NONE,-4.2059,-4.6389,+X
49.7920,-8.498479,-9.269079,-2.918775,DRIVE_LANE,1,NONE,-4.1876,-4.6299,+X
49.8080,-8.491529,-9.267833,-2.920219,DRIVE_LANE,1,NONE,-4.1704,-4.6213,+X
49.8240,-8.484596,-9.266608,-2.921691,DRIVE_LANE,1,NONE,-4.1541,-4.6133,+X
49.8400,-8.477678,-9.265403,-2.923190,DRIVE_LANE,1,NONE,-4.1386,-4.6056,+X
49.8560,-8.470776,-9.264219,-2.924715,DRIVE_LANE,1,NONE,-4.1241,-4.5984,+X
49.8720,-8.463888,-9.263053,-2.926263,DRIVE_LANE,1,NONE,-4.1104,-4.5917,+X
49.8880,-8.457013,-9.261907,-2.927834,DRIVE_LANE,1,NONE,-4.0976,-4.5853,+X
49.9040,-8.450150,-9.260779,-2.929426,DRIVE_LANE,1,NONE,-4.0855,-4.5793,+X
49.9200,-8.443298,-9.259670,-2.931038,DRIVE_LANE,1,NONE,-4.0742,-4.5737,+X
49.9360,-8.436457,-9.258579,-2.932669,DRIVE_LANE,1,NONE,-4.0636,-4.5684,+X
49.9520,-8.429626,-9.257505,-2.934316,DRIVE_LANE,1,NONE,-4.0538,-4.5635,+X
49.9680,-8.422804,-9.256448,-2.935981,DRIVE_LANE,1,NONE,-4.0446,-4.5590,+X
49.9840,-8.415990,-9.255409,-2.937660,DRIVE_LANE,1,NONE,-4.0361,-4.5547,+X
50.0000,-8.409184,-9.254386,-2.939353,DRIVE_LANE,1,NONE,-4.0282,-4.5508,+X
50.0160,-8.402385,-9.253379,-2.941058,DRIVE_LANE,1,NONE,-4.0210,-4.5472,+X
50.0320,-8.395592,-9.252388,-2.942776,DRIVE_LANE,1,NONE,-4.0143,-4.5438,+X
50.0480,-8.388805,-9.251413,-2.944505,DRIVE_LANE,1,NONE,-4.0082,-4.5408,+X
50.0640,-8.382023,-9.250453,-2.946243,DRIVE_LANE,1,NONE,-4.0027,-4.5380,+X
50.0800,-8.375245,-9.249508,-2.947990,DRIVE_LANE,1,NONE,-3.9977,-4.5355,+X
50.0960,-8.368471,-9.248577,-2.949745,DRIVE_LANE,1,NONE,-3.9933,-4.5332,+X
50.1120,-8.361701,-9.247662,-2.951508,DRIVE_LANE,1,NONE,-3.9893,-4.5312,+X
50.1280,-8.354933,-9.246760,-2.953277,DRIVE_LANE,1,NONE,-3.9858,-4.5294,+X
50.1440,-8.348168,-9.245873,-2.955051,DRIVE_LANE,1,NONE,-3.9828,-4.5278,+X
50.1600,-8.341405,-9.244999,-2.956830,DRIVE_LANE,1,NONE,-3.9802,-4.5264,+X
50.1760,-8.334643,-9.244139,-2.958613,DRIVE_LANE,1,NONE,-3.9780,-4.5253,+X
50.1920,-8.327882,-9.243292,-2.960399,DRIVE_LANE,1,NONE,-3.9763,-4.5243,+X
50.2080,-8.321121,-9.242458,-2.962188,DRIVE_LANE,1,NONE,-3.9750,-4.5236,+X
50.2240,-8.314361,-9.241637,-2.963979,DRIVE_LANE,1,NONE,-3.9740,-4.5230,+X
50.2400,-8.307600,-9.240828,-2.965771,DRIVE_LANE,1,NONE,-3.9734,-4.5226,+X
50.2560,-8.300838,-9.240032,-2.967564,DRIVE_LANE,1,NONE,-3.9732,-4.5224,+X
50.2720,-8.294076,-9.239248,-2.969356,DRIVE_LANE,1,NONE,-3.9733,-4.5224,+X
50.2880,-8.287312,-9.238476,-2.971149,DRIVE_LANE,1,NONE,-3.9738,-4.5225,+X
50.3040,-8.280546,-9.237716,-2.972940,DRIVE_LANE,1,NONE,-3.9745,-4.5227,+X
50.3200,-8.273778,-9.236968,-2.974729,DRIVE_LANE,1,NONE,-3.9756,-4.5231,+X
50.3360,-8.267008,-9.236231,-2.976516,DRIVE_LANE,1,NONE,-3.9770,-4.5237,+X
50.3520,-8.260235,-9.235505,-2.978301,DRIVE_LANE,1,NONE,-3.9786,-4.5244,+X
50.3680,-8.253459,-9.234790,-2.980082,DRIVE_LANE,1,NONE,-3.9806,-4.5252,+X
50.3840,-8.246680,-9.234086,-2.981860,DRIVE_LANE,1,NONE,-3.9828,-4.5262,+X
50.4000,-8.239897,-9.233394,-2.983634,DRIVE_LANE,1,NONE,-3.9852,-4.5272,+X
50.4160,-8.233110,-9.232711,-2.985403,DRIVE_LANE,1,NONE,-3.9879,-4.5284,+X
50.4320,-8.226319,-9.232039,-2.987167,DRIVE_LANE,1,NONE,-3.9908,-4.5297,+X
50.4480,-8.219524,-9.231378,-2.988926,DRIVE_LANE,1,NONE,-3.9940,-4.5311,+X
50.4640,-8.212724,-9.230726,-2.990679,DRIVE_LANE,1,NONE,-3.9973,-4.5327,+X
50.4800,-8.205920,-9.230085,-2.992427,DRIVE_LANE,1,NONE,-4.0009,-4.5343,+X
50.4960,-8.199110,-9.229453,-2.994168,DRIVE_LANE,1,NONE,-4.0047,-4.5360,+X
50.5120,-8.192295,-9.228831,-2.995902,DRIVE_LANE,1,NONE,-4.0086,-4.5378,+X
50.5280,-8.185475,-9.228219,-2.997629,DRIVE_LANE,1,NONE,-4.0128,-4.5397,+X
50.5440,-8.178649,-9.227616,-2.999349,DRIVE_LANE,1,NONE,-4.0171,-4.5416,+X
50.5600,-8.171818,-9.227023,-3.001061,DRIVE_LANE,1,NONE,-4.0216,-4.5437,+X
50.5760,-8.164981,-9.226439,-3.002765,DRIVE_LANE,1,NONE,-4.0262,-4.5458,+X
50.5920,-8.158137,-9.225863,-3.004461,DRIVE_LANE,1,NONE,-4.0310,-4.5480,+X
50.6080,-8.151287,-9.225297,-3.006148,DRIVE_LANE,1,NONE,-4.0360,-4.5503,+X
50.6240,-8.144431,-9.224740,-3.007827,DRIVE_LANE,1,NONE,-4.0411,-4.5526,+X
50.6400,-8.137568,-9.224192,-3.009497,DRIVE_LANE,1,NONE,-4.0463,-4.5550,+X
50.6560,-8.130699,-9.223652,-3.011157,DRIVE_LANE,1,NONE,-4.0516,-4.5575,+X
50.6720,-8.123822,-9.223120,-3.012808,DRIVE_LANE,1,NONE,-4.0571,-4.5600,+X
50.6880,-8.116939,-9.222597,-3.014450,DRIVE_LANE,1,NONE,-4.0627,-4.5626,+X
50.7040,-8.110049,-9.222082,-3.016081,DRIVE_LANE,1,NONE,-4.0684,-4.5653,+X
50.7200,-8.103151,-9.221576,-3.017703,DRIVE_LANE,1,NONE,-4.0742,-4.5680,+X
50.7360,-8.096246,-9.221078,-3.019314,DRIVE_LANE,1,NONE,-4.0801,-4.5707,+X
50.7520,-8.089334,-9.220587,-3.020915,DRIVE_LANE,1,NONE,-4.0862,-4.5735,+X
50.7680,-8.082414,-9.220105,-3.022506,DRIVE_LANE,1,NONE,-4.0923,-4.5763,+X
50.7840,-8.075487,-9.219630,-3.024085,DRIVE_LANE,1,NONE,-4.0984,-4.5792,+X
50.8000,-8.068552,-9.219163,-3.025654,DRIVE_LANE,1,NONE,-4.1047,-4.5821,+X
50.8160,-8.061610,-9.218703,-3.027212,DRIVE_LANE,1,NONE,-4.1111,-4.5850,+X
50.8320,-8.054659,-9.218252,-3.028759,DRIVE_LANE,1,NONE,-4.1175,-4.5880,+X
50.8480,-8.047701,-9.217807,-3.030295,DRIVE_LANE,1,NONE,-4.1240,-4.5910,+X
50.8640,-8.040734,-9.217370,-3.031819,DRIVE_LANE,1,NONE,-4.1306,-4.5941,+X
50.8800,-8.033760,-9.216940,-3.033332,DRIVE_LANE,1,NONE,-4.1372,-4.5972,+X
50.8960,-8.026778,-9.216517,-3.034833,DRIVE_LANE,1,NONE,-4.1439,-4.6003,+X
50.9120,-8.019787,-9.216101,-3.036322,DRIVE_LANE,1,NONE,-4.1506,-4.6034,+X
50.9280,-8.012788,-9.215693,-3.037800,DRIVE_LANE,1,NONE,-4.1574,-4.6066,+X
50.9440,-8.005781,-9.215291,-3.039266,DRIVE_LANE,1,NONE,-4.1642,-4.6097,+X
50.9600,-7.998766,-9.214896,-3.040720,DRIVE_LANE,1,NONE,-4.1711,-4.6129,+X
50.9760,-7.991742,-9.214508,-3.042161,DRIVE_LANE,1,NONE,-4.1780,-4.6162,+X
50.9920,-7.984710,-9.214126,-3.043591,DRIVE_LANE,1,NONE,-4.1850,-4.6194,+X
51.0080,-7.977670,-9.213751,-3.045009,DRIVE_LANE,1,NONE,-4.1920,-4.6227,+X
51.0240,-7.970621,-9.213382,-3.046414,DRIVE_LANE,1,NONE,-4.1990,-4.6259,+X
51.0400,-7.963564,-9.213020,-3.047808,DRIVE_LANE,1,NONE,-4.2060,-4.6292,+X
51.0560,-7.956498,-9.212664,-3.049189,DRIVE_LANE,1,NONE,-4.2131,-4.6325,+X
51.0720,-7.949424,-9.212314,-3.050557,DRIVE_LANE,1,NONE,-4.2202,-4.6358,+X
51.0880,-7.942341,-9.211971,-3.051913,DRIVE_LANE,1,NONE,-4.2273,-4.6391,+X
51.1040,-7.935250,-9.211634,-3.053257,DRIVE_LANE,1,NONE,-4.2345,-4.6425,+X
51.1200,-7.928150,-9.211302,-3.054588,DRIVE_LANE,1,NONE,-4.2416,-4.6458,+X
51.1360,-7.921042,-9.210977,-3.055907,DRIVE_LANE,1,NONE,-4.2488,-4.6491,+X
51.1520,-7.913925,-9.210658,-3.057213,DRIVE_LANE,1,NONE,-4.2560,-4.6525,+X
51.1680,-7.906800,-9.210344,-3.058507,DRIVE_LANE,1,NONE,-4.2632,-4.6558,+X
51.1840,-7.899665,-9.210036,-3.059788,DRIVE_LANE,1,NONE,-4.2704,-4.6592,+X
51.2000,-7.892523,-9.209734,-3.061057,DRIVE_LANE,1,NONE,-4.2776,-4.6626,+X
51.2160,-7.885372,-9.209437,-3.062313,DRIVE_LANE,1,NONE,-4.2848,-4.6659,+X
51.2320,-7.878212,-9.209146,-3.063557,DRIVE_LANE,1,NONE,-4.2920,-4.6693,+X
51.2480,-7.871043,-9.208860,-3.064788,DRIVE_LANE,1,NONE,-4.2992,-4.6726,+X
51.2640,-7.863866,-9.208580,-3.066006,DRIVE_LANE,1,NONE,-4.3064,-4.6760,+X
51.2800,-7.856681,-9.208305,-3.067212,DRIVE_LANE,1,NONE,-4.3135,-4.6793,+X
51.2960,-7.849487,-9.208035,-3.068406,DRIVE_LANE,1,NONE,-4.3207,-4.6827,+X
51.3120,-7.842284,-9.207771,-3.069587,DRIVE_LANE,1,NONE,-4.3279,-4.6860,+X
51.3280,-7.835073,-9.207511,-3.070755,DRIVE_LANE,1,NONE,-4.3351,-4.6894,+X
51.3440,-7.827854,-9.207257,-3.071911,DRIVE_LANE,1,NONE,-4.3422,-4.6927,+X
51.3600,-7.820626,-9.207008,-3.073054,DRIVE_LANE,1,NONE,-4.3494,-4.6961,+X
51.3760,-7.813390,-9.206763,-3.074185,DRIVE_LANE,1,NONE,-4.3565,-4.6994,+X
51.3920,-7.806145,-9.206524,-3.075304,DRIVE_LANE,1,NONE,-4.3636,-4.7027,+X
51.4080,-7.798891,-9.206289,-3.076410,DRIVE_LANE,1,NONE,-4.3707,-4.7060,+X
51.4240,-7.791630,-9.206059,-3.077504,DRIVE_LANE,1,NONE,-4.3778,-4.7093,+X
51.4400,-7.784360,-9.205834,-3.078586,DRIVE_LANE,1,NONE,-4.3848,-4.7126,+X
51.4560,-7.777081,-9.205613,-3.079655,DRIVE_LANE,1,NONE,-4.3918,-4.7159,+X
51.4720,-7.769795,-9.205397,-3.080712,DRIVE_LANE,1,NONE,-4.3988,-4.7191,+X
51.4880,-7.762500,-9.205185,-3.081757,DRIVE_LANE,1,NONE,-4.4058,-4.7224,+X
51.5040,-7.755197,-9.204978,-3.082789,DRIVE_LANE,1,NONE,-4.4128,-4.7256,+X
51.5200,-7.747885,-9.204775,-3.083810,DRIVE_LANE,1,NONE,-4.4197,-4.7289,+X
51.5360,-7.740566,-9.204576,-3.084818,DRIVE_LANE,1,NONE,-4.4266,-4.7321,+X
51.5520,-7.733238,-9.204382,-3.085815,DRIVE_LANE,1,NONE,-4.4335,-4.7353,+X
51.5680,-7.725903,-9.204192,-3.086800,DRIVE_LANE,1,NONE,-4.4403,-4.7385,+X
51.5840,-7.718559,-9.204006,-3.087772,DRIVE_LANE,1,NONE,-4.4471,-4.7417,+X
51.6000,-7.711207,-9.203824,-3.088733,DRIVE_LANE,1,NONE,-4.4539,-4.7448,+X
51.6160,-7.703847,-9.203646,-3.089682,DRIVE_LANE,1,NONE,-4.4606,-4.7480,+X
51.6320,-7.696480,-9.203472,-3.090619,DRIVE_LANE,1,NONE,-4.4673,-4.7511,+X
51.6480,-7.689104,-9.203302,-3.091545,DRIVE_LANE,1,NONE,-4.4740,-4.7542,+X
51.6640,-7.681721,-9.203135,-3.092459,DRIVE_LANE,1,NONE,-4.4806,-4.7573,+X
51.6800,-7.674330,-9.202973,-3.093361,DRIVE_LANE,1,NONE,-4.4872,-4.7604,+X
51.6960,-7.666931,-9.202814,-3.094252,DRIVE_LANE,1,NONE,-4.4938,-4.7635,+X
51.7120,-7.659524,-9.202659,-3.095131,DRIVE_LANE,1,NONE,-4.5003,-4.7665,+X
51.7280,-7.652109,-9.202508,-3.095999,DRIVE_LANE,1,NONE,-4.5068,-4.7696,+X
51.7440,-7.644687,-9.202360,-3.096856,DRIVE_LANE,1,NONE,-4.5133,-4.7726,+X
51.7600,-7.637258,-9.202216,-3.097702,DRIVE_LANE,1,NONE,-4.5197,-4.7756,+X
51.7760,-7.629821,-9.202075,-3.098536,DRIVE_LANE,1,NONE,-4.5261,-4.7786,+X
51.7920,-7.622376,-9.201938,-3.099359,DRIVE_LANE,1,NONE,-4.5324,-4.7815,+X
51.8080,-7.614924,-9.201804,-3.100172,DRIVE_LANE,1,NONE,-4.5387,-4.7844,+X
51.8240,-7.607465,-9.201673,-3.100973,DRIVE_LANE,1,NONE,-4.5449,-4.7874,+X
51.8400,-7.599998,-9.201546,-3.101763,DRIVE_LANE,1,NONE,-4.5511,-4.7903,+X
51.8560,-7.592524,-9.201422,-3.102543,DRIVE_LANE,1,NONE,-4.5573,-4.7931,+X
51.8720,-7.585043,-9.201301,-3.103312,DRIVE_LANE,1,NONE,-4.5634,-4.7960,+X
51.8880,-7.577554,-9.201183,-3.104070,DRIVE_LANE,1,NONE,-4.5695,-4.7988,+X
51.9040,-7.570059,-9.201068,-3.104818,DRIVE_LANE,1,NONE,-4.5755,-4.8017,+X
51.9200,-7.562556,-9.200957,-3.105555,DRIVE_LANE,1,NONE,-4.5815,-4.8044,+X
51.9360,-7.555046,-9.200848,-3.106282,DRIVE_LANE,1,NONE,-4.5874,-4.8072,+X
51.9520,-7.547530,-9.200742,-3.106998,DRIVE_LANE,1,NONE,-4.5933,-4.8100,+X
51.9680,-7.540006,-9.200639,-3.107705,DRIVE_LANE,1,NONE,-4.5992,-4.8127,+X
51.9840,-7.532476,-9.200539,-3.108401,DRIVE_LANE,1,NONE,-4.6050,-4.8154,+X
52.0000,-7.524939,-9.200441,-3.109086,DRIVE_LANE,1,NONE,-4.6107,-4.8181,+X
52.0160,-7.517395,-9.200347,-3.109762,DRIVE_LANE,1,NONE,-4.6164,-4.8208,+X
52.0320,-7.509844,-9.200255,-3.110428,DRIVE_LANE,1,NONE,-4.6221,-4.8234,+X
52.0480,-7.502287,-9.200165,-3.111084,DRIVE_LANE,1,NONE,-4.6277,-4.8260,+X
52.0640,-7.494723,-9.200079,-3.111731,DRIVE_LANE,1,NONE,-4.6333,-4.8286,+X
52.0800,-7.487153,-9.199995,-3.112367,DRIVE_LANE,1,NONE,-4.6388,-4.8312,+X
52.0960,-7.479576,-9.199913,-3.112994,DRIVE_LANE,1,NONE,-4.6443,-4.8338,+X
52.1120,-7.471993,-9.199834,-3.113612,DRIVE_LANE,1,NONE,-4.6497,-4.8363,+X
52.1280,-7.464403,-9.199757,-3.114220,DRIVE_LANE,1,NONE,-4.6551,-4.8388,+X
52.1440,-7.456807,-9.199682,-3.114819,DRIVE_LANE,1,NONE,-4.6604,-4.8413,+X
52.1600,-7.449205,-9.199610,-3.115408,DRIVE_LANE,1,NONE,-4.6656,-4.8438,+X
52.1760,-7.441597,-9.199540,-3.115989,DRIVE_LANE,1,NONE,-4.6709,-4.8462,+X
52.1920,-7.433982,-9.199472,-3.116560,DRIVE_LANE,1,NONE,-4.6760,-4.8486,+X
52.2080,-7.426362,-9.199407,-3.117122,DRIVE_LANE,1,NONE,-4.6812,-4.8510,+X
52.2240,-7.418736,-9.199344,-3.117675,DRIVE_LANE,1,NONE,-4.6862,-4.8534,+X
52.2400,-7.411103,-9.199282,-3.118220,DRIVE_LANE,1,NONE,-4.6912,-4.8557,+X
52.2560,-7.403465,-9.199223,-3.118756,DRIVE_LANE,1,NONE,-4.6962,-4.8580,+X
52.2720,-7.395821,-9.199166,-3.119283,DRIVE_LANE,1,NONE,-4.7011,-4.8603,+X
52.2880,-7.388171,-9.199111,-3.119801,DRIVE_LANE,1,NONE,-4.7060,-4.8626,+X
52.3040,-7.380516,-9.199058,-3.120311,DRIVE_LANE,1,NONE,-4.7108,-4.8649,+X
52.3200,-7.372854,-9.199006,-3.120813,DRIVE_LANE,1,NONE,-4.7156,-4.8671,+X
52.3360,-7.365188,-9.198957,-3.121307,DRIVE_LANE,1,NONE,-4.7203,-4.8693,+X
52.3520,-7.357515,-9.198909,-3.121792,DRIVE_LANE,1,NONE,-4.7250,-4.8715,+X
52.3680,-7.349838,-9.198864,-3.122269,DRIVE_LANE,1,NONE,-4.7296,-4.8736,+X
52.3840,-7.342154,-9.198820,-3.122738,DRIVE_LANE,1,NONE,-4.7342,-4.8758,+X
52.4000,-7.334466,-9.198777,-3.123199,DRIVE_LANE,1,NONE,-4.7387,-4.8779,+X
52.4160,-7.326772,-9.198737,-3.123652,DRIVE_LANE,1,NONE,-4.7432,-4.8800,+X
52.4320,-7.319073,-9.198698,-3.124097,DRIVE_LANE,1,NONE,-4.7476,-4.8820,+X
52.4480,-7.311369,-9.198660,-3.124535,DRIVE_LANE,1,NONE,-4.7520,-4.8841,+X
52.4640,-7.303659,-9.198625,-3.124965,DRIVE_LANE,1,NONE,-4.7563,-4.8861,+X
52.4800,-7.295945,-9.198590,-3.125388,DRIVE_LANE,1,NONE,-4.7606,-4.8881,+X
52.4960,-7.288226,-9.198558,-3.125803,DRIVE_LANE,1,NONE,-4.7648,-4.8901,+X
52.5120,-7.280501,-9.198527,-3.126211,DRIVE_LANE,1,NONE,-4.7690,-4.8920,+X
52.5280,-7.272772,-9.198497,-3.126611,DRIVE_LANE,1,NONE,-4.7731,-4.8940,+X
52.5440,-7.265038,-9.198469,-3.127005,DRIVE_LANE,1,NONE,-4.7772,-4.8959,+X
52.5600,-7.257299,-9.198442,-3.127391,DRIVE_LANE,1,NONE,-4.7812,-4.8977,+X
52.5760,-7.249555,-9.198416,-3.127770,DRIVE_LANE,1,NONE,-4.7852,-4.8996,+X
52.5920,-7.241807,-9.198392,-3.128143,DRIVE_LANE,1,NONE,-4.7891,-4.9014,+X
52.6080,-7.234054,-9.198369,-3.128508,DRIVE_LANE,1,NONE,-4.7930,-4.9033,+X
52.6240,-7.226297,-9.198347,-3.128867,DRIVE_LANE,1,NONE,-4.7968,-4.9050,+X
52.6400,-7.218535,-9.198327,-3.129219,DRIVE_LANE,1,NONE,-4.8006,-4.9068,+X
52.6560,-7.210769,-9.198308,-3.129564,DRIVE_LANE,1,NONE,-4.8044,-4.9086,+X
52.6720,-7.202998,-9.198290,-3.129903,DRIVE_LANE,1,NONE,-4.8080,-4.9103,+X
52.6880,-7.195223,-9.198273,-3.130236,DRIVE_LANE,1,NONE,-4.8117,-4.9120,+X
52.7040,-7.187444,-9.198257,-3.130562,DRIVE_LANE,1,NONE,-4.8153,-4.9137,+X
52.7200,-7.179661,-9.198242,-3.130882,DRIVE_LANE,1,NONE,-4.8188,-4.9153,+X
52.7360,-7.171873,-9.198229,-3.131196,DRIVE_LANE,1,NONE,-4.8223,-4.9170,+X
52.7520,-7.164081,-9.198216,-3.131504,DRIVE_LANE,1,NONE,-4.8258,-4.9186,+X
52.7680,-7.156285,-9.198204,-3.131805,DRIVE_LANE,1,NONE,-4.8292,-4.9202,+X
52.7840,-7.148486,-9.198194,-3.132101,DRIVE_LANE,1,NONE,-4.8326,-4.9218,+X
52.8000,-7.140682,-9.198184,-3.132391,DRIVE_LANE,1,NONE,-4.8359,-4.9233,+X
52.8160,-7.132874,-9.198175,-3.132675,DRIVE_LANE,1,NONE,-4.8392,-4.9248,+X
52.8320,-7.125063,-9.198168,-3.132954,DRIVE_LANE,1,NONE,-4.8424,-4.9263,+X
52.8480,-7.117248,-9.198161,-3.133226,DRIVE_LANE,1,NONE,-4.8456,-4.9278,+X
52.8640,-7.109429,-9.198155,-3.133494,DRIVE_LANE,1,NONE,-4.8487,-4.9293,+X
52.8800,-7.101606,-9.198150,-3.133755,DRIVE_LANE,1,NONE,-4.8518,-4.9308,+X
52.8960,-7.093780,-9.198145,-3.134012,DRIVE_LANE,1,NONE,-4.8549,-4.9322,+X
52.9120,-7.085950,-9.198142,-3.134263,DRIVE_LANE,1,NONE,-4.8579,-4.9336,+X
52.9280,-7.078117,-9.198139,-3.134509,DRIVE_LANE,1,NONE,-4.8609,-4.9350,+X
52.9440,-7.070280,-9.198137,-3.134749,DRIVE_LANE,1,NONE,-4.8638,-4.9363,+X
52.9600,-7.062440,-9.198135,-3.134985,DRIVE_LANE,1,NONE,-4.8667,-4.9377,+X
52.9760,-7.054596,-9.198135,-3.135216,DRIVE_LANE,1,NONE,-4.8695,-4.9390,+X
52.9920,-7.046749,-9.198135,-3.135441,DRIVE_LANE,1,NONE,-4.8723,-4.9403,+X
53.0080,-7.038899,-9.198136,-3.135662,DRIVE_LANE,1,NONE,-4.8751,-4.9416,+X
53.0240,-7.031045,-9.198137,-3.135878,DRIVE_LANE,1,NONE,-4.8778,-4.9429,+X
53.0400,-7.023189,-9.198139,-3.136089,DRIVE_LANE,1,NONE,-4.8804,-4.9441,+X
53.0560,-7.015329,-9.198142,-3.136296,DRIVE_LANE,1,NONE,-4.8831,-4.9454,+X
53.0720,-7.007466,-9.198145,-3.136498,DRIVE_LANE,1,NONE,-4.8857,-4.9466,+X
53.0880,-6.999600,-9.198148,-3.136696,DRIVE_LANE,1,NONE,-4.8882,-4.9478,+X
53.1040,-6.991731,-9.198153,-3.136889,DRIVE_LANE,1,NONE,-4.8907,-4.9489,+X
53.1200,-6.983859,-9.198158,-3.137077,DRIVE_LANE,1,NONE,-4.8932,-4.9501,+X
53.1360,-6.975984,-9.198163,-3.137262,DRIVE_LANE,1,NONE,-4.8957,-4.9512,+X
53.1520,-6.968107,-9.198169,-3.137442,DRIVE_LANE,1,NONE,-4.8980,-4.9524,+X
53.1680,-6.960226,-9.198175,-3.137618,DRIVE_LANE,1,NONE,-4.9004,-4.9535,+X
53.1840,-6.952343,-9.198182,-3.137790,DRIVE_LANE,1,NONE,-4.9027,-4.9545,+X
53.2000,-6.944457,-9.198189,-3.137958,DRIVE_LANE,1,NONE,-4.9050,-4.9556,+X
53.2160,-6.936569,-9.198197,-3.138122,DRIVE_LANE,1,NONE,-4.9073,-4.9567,+X
53.2320,-6.928678,-9.198205,-3.138282,DRIVE_LANE,1,NONE,-4.9095,-4.9577,+X
53.2480,-6.920784,-9.198213,-3.138438,DRIVE_LANE,1,NONE,-4.9116,-4.9587,+X
53.2640,-6.912887,-9.198222,-3.138590,DRIVE_LANE,1,NONE,-4.9138,-4.9597,+X
53.2800,-6.904989,-9.198231,-3.138739,DRIVE_LANE,1,NONE,-4.9159,-4.9607,+X
53.2960,-6.897087,-9.198241,-3.138884,DRIVE_LANE,1,NONE,-4.9179,-4.9616,+X
53.3120,-6.889184,-9.198250,-3.139025,DRIVE_LANE,1,NONE,-4.9200,-4.9626,+X
53.3280,-6.881277,-9.198261,-3.139163,DRIVE_LANE,1,NONE,-4.9220,-4.9635,+X
53.3440,-6.873369,-9.198271,-3.139298,DRIVE_LANE,1,NONE,-4.9239,-4.9644,+X
53.3600,-6.865458,-9.198282,-3.139429,DRIVE_LANE,1,NONE,-4.9259,-4.9653,+X
53.3760,-6.857545,-9.198293,-3.139556,DRIVE_LANE,1,NONE,-4.9277,-4.9662,+X
53.3920,-6.849630,-9.198304,-3.139681,DRIVE_LANE,1,NONE,-4.9296,-4.9671,+X
53.4080,-6.841713,-9.198316,-3.139802,DRIVE_LANE,1,NONE,-4.9314,-4.9680,+X
53.4240,-6.833793,-9.198328,-3.139920,DRIVE_LANE,1,NONE,-4.9332,-4.9688,+X
53.4400,-6.825871,-9.198340,-3.140035,DRIVE_LANE,1,NONE,-4.9350,-4.9696,+X
53.4560,-6.817948,-9.198352,-3.140146,DRIVE_LANE,1,NONE,-4.9367,-4.9704,+X
53.4720,-6.810022,-9.198365,-3.140255,DRIVE_LANE,1,NONE,-4.9384,-4.9712,+X
53.4880,-6.802094,-9.198377,-3.140361,DRIVE_LANE,1,NONE,-4.9401,-4.9720,+X
53.5040,-6.794165,-9.198390,-3.140464,DRIVE_LANE,1,NONE,-4.9417,-4.9728,+X
53.5200,-6.786233,-9.198403,-3.140564,DRIVE_LANE,1,NONE,-4.9433,-4.9735,+X
53.5360,-6.778299,-9.198417,-3.140661,DRIVE_LANE,1,NONE,-4.9449,-4.9743,+X
53.5520,-6.770364,-9.198430,-3.140756,DRIVE_LANE,1,NONE,-4.9465,-4.9750,+X
53.5680,-6.762427,-9.198443,-3.140848,DRIVE_LANE,1,NONE,-4.9480,-4.9757,+X
53.5840,-6.754488,-9.198457,-3.140937,DRIVE_LANE,1,NONE,-4.9495,-4.9764,+X
53.6000,-6.746547,-9.198471,-3.141023,DRIVE_LANE,1,NONE,-4.9509,-4.9771,+X
53.6160,-6.738605,-9.198485,-3.141107,DRIVE_LANE,1,NONE,-4.9524,-4.9777,+X
53.6320,-6.730661,-9.198499,-3.141189,DRIVE_LANE,1,NONE,-4.9538,-4.9784,+X
53.6480,-6.722715,-9.198513,-3.141268,DRIVE_LANE,1,NONE,-4.9551,-4.9790,+X
53.6640,-6.714768,-9.198527,-3.141345,DRIVE_LANE,1,NONE,-4.9565,-4.9797,+X
53.6800,-6.706819,-9.198542,-3.141419,DRIVE_LANE,1,NONE,-4.9578,-4.9803,+X
53.6960,-6.698868,-9.198556,-3.141491,DRIVE_LANE,1,NONE,-4.9591,-4.9809,+X
53.7120,-6.690916,-9.198570,-3.141561,DRIVE_LANE,1,NONE,-4.9604,-4.9815,+X
53.7280,-6.682963,-9.198585,3.141557,DRIVE_LANE,1,NONE,-4.9616,-4.9821,+X
53.7440,-6.675008,-9.198599,3.141491,DRIVE_LANE,1,NONE,-4.9629,-4.9826,+X
53.7600,-6.667051,-9.198614,3.141428,DRIVE_LANE,1,NONE,-4.9641,-4.9832,+X
53.7760,-6.659093,-9.198629,3.141367,DRIVE_LANE,1,NONE,-4.9652,-4.9837,+X
53.7920,-6.651134,-9.198643,3.141308,DRIVE_LANE,1,NONE,-4.9664,-4.9843,+X
53.8080,-6.643174,-9.198658,3.141251,DRIVE_LANE,1,NONE,-4.9675,-4.9848,+X
53.8240,-6.635212,-9.198673,3.141195,DRIVE_LANE,1,NONE,-4.9686,-4.9853,+X
53.8400,-6.627249,-9.198688,3.141142,DRIVE_LANE,1,NONE,-4.9697,-4.9858,+X
53.8560,-6.619284,-9.198702,3.141090,DRIVE_LANE,1,NONE,-4.9707,-4.9863,+X
53.8720,-6.611319,-9.198717,3.141041,DRIVE_LANE,1,NONE,-4.9718,-4.9868,+X
53.8880,-6.603352,-9.198732,3.140993,DRIVE_LANE,1,NONE,-4.9728,-4.9873,+X
53.9040,-6.595384,-9.198747,3.140947,DRIVE_LANE,1,NONE,-4.9738,-4.9877,+X
53.9200,-6.587415,-9.198761,3.140903,DRIVE_LANE,1,NONE,-4.9747,-4.9882,+X
53.9360,-6.579444,-9.198776,3.140860,DRIVE_LANE,1,NONE,-4.9757,-4.9886,+X
53.9520,-6.571473,-9.198791,3.140819,DRIVE_LANE,1,NONE,-4.9766,-4.9891,+X
53.9680,-6.563500,-9.198805,3.140779,DRIVE_LANE,1,NONE,-4.9775,-4.9895,+X
53.9840,-6.555527,-9.198820,3.140742,DRIVE_LANE,1,NONE,-4.9784,-4.9899,+X
54.0000,-6.547552,-9.198834,3.140705,DRIVE_LANE,1,NONE,-4.9792,-4.9903,+X
54.0160,-6.539577,-9.198849,3.140670,DRIVE_LANE,1,NONE,-4.9801,-4.9907,+X
54.0320,-6.531600,-9.198863,3.140637,DRIVE_LANE,1,NONE,-4.9809,-4.9911,+X
54.0480,-6.523623,-9.198878,3.140605,DRIVE_LANE,1,NONE,-4.9817,-4.9914,+X
54.0640,-6.515644,-9.198892,3.140574,DRIVE_LANE,1,NONE,-4.9825,-4.9918,+X
54.0800,-6.507665,-9.198907,3.140545,DRIVE_LANE,1,NONE,-4.9832,-4.9922,+X
54.0960,-6.499684,-9.198921,3.140517,DRIVE_LANE,1,NONE,-4.9840,-4.9925,+X
54.1120,-6.491703,-9.198935,3.140490,DRIVE_LANE,1,NONE,-4.9847,-4.9929,+X
54.1280,-6.483721,-9.198949,3.140465,DRIVE_LANE,1,NONE,-4.9854,-4.9932,+X
54.1440,-6.475738,-9.198963,3.140441,DRIVE_LANE,1,NONE,-4.9861,-4.9935,+X
54.1600,-6.467754,-9.198977,3.140418,DRIVE_LANE,1,NONE,-4.9868,-4.9938,+X
54.1760,-6.459770,-9.198991,3.140396,DRIVE_LANE,1,NONE,-4.9875,-4.9941,+X
54.1920,-6.451785,-9.199005,3.140376,DRIVE_LANE,1,NONE,-4.9881,-4.9944,+X
54.2080,-6.443799,-9.199019,3.140357,DRIVE_LANE,1,NONE,-4.9887,-4.9947,+X
54.2240,-6.435812,-9.199032,3.140338,DRIVE_LANE,1,NONE,-4.9893,-4.9950,+X
54.2400,-6.427824,-9.199046,3.140321,DRIVE_LANE,1,NONE,-4.9899,-4.9953,+X
54.2560,-6.419836,-9.199059,3.140306,DRIVE_LANE,1,NONE,-4.9905,-4.9956,+X
54.2720,-6.411847,-9.199072,3.140291,DRIVE_LANE,1,NONE,-4.9910,-4.9958,+X
54.2880,-6.403858,-9.199085,3.140277,DRIVE_LANE,1,NONE,-4.9916,-4.9961,+X
54.3040,-6.395868,-9.199098,3.140265,DRIVE_LANE,1,NONE,-4.9921,-4.9963,+X
54.3200,-6.387877,-9.199111,3.140253,DRIVE_LANE,1,NONE,-4.9926,-4.9965,+X
54.3360,-6.379886,-9.199124,3.140242,DRIVE_LANE,1,NONE,-4.9931,-4.9968,+X
54.3520,-6.371894,-9.199136,3.140232,DRIVE_LANE,1,NONE,-4.9936,-4.9970,+X
54.3680,-6.363901,-9.199149,3.140224,DRIVE_LANE,1,NONE,-4.9956,-4.9956,+X
54.3840,-6.355908,-9.199160,3.140223,DRIVE_LANE,1,NONE,-4.9959,-4.9959,+X
54.4000,-6.347915,-9.199171,3.140223,DRIVE_LANE,1,NONE,-4.9961,-4.9961,+X
54.4160,-6.339921,-9.199182,3.140223,DRIVE_LANE,1,NONE,-4.9963,-4.9963,+X
54.4320,-6.331927,-9.199193,3.140223,DRIVE_LANE,1,NONE,-4.9965,-4.9965,+X
54.4480,-6.323933,-9.199204,3.140223,DRIVE_LANE,1,NONE,-4.9968,-4.9968,+X
54.4640,-6.315938,-9.199215,3.140223,DRIVE_LANE,1,NONE,-4.9970,-4.9970,+X
54.4800,-6.307943,-9.199226,3.140223,DRIVE_LANE,1,NONE,-4.9972,-4.9972,+X
54.4960,-6.299947,-9.199237,3.140223,DRIVE_LANE,1,NONE,-4.9975,-4.9975,+X
54.5120,-6.291951,-9.199248,3.140223,DRIVE_LANE,1,NONE,-4.9977,-4.9977,+X
54.5280,-6.283955,-9.199259,3.140223,DRIVE_LANE,1,NONE,-4.9979,-4.9979,+X
54.5440,-6.275958,-9.199270,3.140223,DRIVE_LANE,1,NONE,-4.9981,-4.9981,+X
54.5600,-6.267961,-9.199281,3.140223,DRIVE_LANE,1,NONE,-4.9984,-4.9984,+X
54.5760,-6.259964,-9.199292,3.140223,DRIVE_LANE,1,NONE,-4.9986,-4.9986,+X
54.5920,-6.251966,-9.199303,3.140223,DRIVE_LANE,1,NONE,-4.9988,-4.9988,+X
54.6080,-6.243968,-9.199314,3.140223,DRIVE_LANE,1,NONE,-4.9990,-4.9990,+X
54.6240,-6.235970,-9.199325,3.140223,DRIVE_LANE,1,NONE,-4.9993,-4.9993,+X
54.6400,-6.227971,-9.199336,3.140223,DRIVE_LANE,1,NONE,-4.9995,-4.9995,+X
54.6560,-6.219972,-9.199347,3.140223,DRIVE_LANE,1,NONE,-4.9997,-4.9997,+X
54.6720,-6.211972,-9.199357,3.140223,DRIVE_LANE,1,NONE,-4.9999,-4.9999,+X
54.6880,-6.203972,-9.199368,3.140223,DRIVE_LANE,1,NONE,-4.9998,-4.9998,+X
54.7040,-6.195973,-9.199379,3.140223,DRIVE_LANE,1,NONE,-4.9996,-4.9996,+X
54.7200,-6.187973,-9.199390,3.140223,DRIVE_LANE,1,NONE,-4.9994,-4.9994,+X
54.7360,-6.179974,-9.199401,3.140223,DRIVE_LANE,1,NONE,-4.9991,-4.9991,+X
54.7520,-6.171975,-9.199412,3.140223,DRIVE_LANE,1,NONE,-4.9989,-4.9989,+X
54.7680,-6.163977,-9.199423,3.140223,DRIVE_LANE,1,NONE,-4.9987,-4.9987,+X
54.7840,-6.155979,-9.199434,3.140223,DRIVE_LANE,1,NONE,-4.9985,-4.9985,+X
54.8000,-6.147982,-9.199445,3.140223,DRIVE_LANE,1,NONE,-4.9982,-4.9982,+X
54.8160,-6.139985,-9.199456,3.140223,DRIVE_LANE,1,NONE,-4.9980,-4.9980,+X
54.8320,-6.131988,-9.199467,3.140223,DRIVE_LANE,1,NONE,-4.9978,-4.9978,+X
54.8480,-6.123991,-9.199478,3.140223,DRIVE_LANE,1,NONE,-4.9976,-4.9976,+X
54.8640,-6.115995,-9.199489,3.140223,DRIVE_LANE,1,NONE,-4.9973,-4.9973,+X
54.8800,-6.107999,-9.199500,3.140223,DRIVE_LANE,1,NONE,-4.9971,-4.9971,+X
54.8960,-6.100004,-9.199511,3.140223,DRIVE_LANE,1,NONE,-4.9969,-4.9969,+X
54.9120,-6.092009,-9.199522,3.140223,DRIVE_LANE,1,NONE,-4.9967,-4.9967,+X
54.9280,-6.084014,-9.199533,3.140223,DRIVE_LANE,1,NONE,-4.9964,-4.9964,+X
54.9440,-6.076020,-9.199544,3.140223,DRIVE_LANE,1,NONE,-4.9962,-4.9962,+X
54.9600,-6.068026,-9.199555,3.140223,DRIVE_LANE,1,NONE,-4.9960,-4.9960,+X
54.9760,-6.060033,-9.199566,3.140223,DRIVE_LANE,1,NONE,-4.9958,-4.9958,+X
54.9920,-6.052039,-9.199577,3.140223,DRIVE_LANE,1,NONE,-4.9955,-4.9955,+X
55.0080,-6.044047,-9.199588,3.140223,DRIVE_LANE,1,NONE,-4.9970,-4.9936,+X
55.0240,-6.036054,-9.199598,3.140228,DRIVE_LANE,1,NONE,-4.9969,-4.9934,+X
55.0400,-6.028062,-9.199609,3.140233,DRIVE_LANE,1,NONE,-4.9968,-4.9931,+X
55.0560,-6.020070,-9.199619,3.140238,DRIVE_LANE,1,NONE,-4.9967,-4.9929,+X
55.0720,-6.012078,-9.199630,3.140244,DRIVE_LANE,1,NONE,-4.9966,-4.9927,+X
55.0880,-6.004087,-9.199640,3.140250,DRIVE_LANE,1,NONE,-4.9965,-4.9925,+X
55.1040,-5.996096,-9.199650,3.140258,DRIVE_LANE,1,NONE,-4.9964,-4.9923,+X
55.1200,-5.988105,-9.199659,3.140267,DRIVE_LANE,1,NONE,-4.9963,-4.9921,+X
55.1360,-5.980114,-9.199668,3.140276,DRIVE_LANE,1,NONE,-4.9963,-4.9920,+X
55.1520,-5.972124,-9.199677,3.140287,DRIVE_LANE,1,NONE,-4.9962,-4.9919,+X
55.1680,-5.964133,-9.199685,3.140297,DRIVE_LANE,1,NONE,-4.9961,-4.9918,+X
55.1840,-5.956143,-9.199694,3.140308,DRIVE_LANE,1,NONE,-4.9961,-4.9917,+X
55.2000,-5.948153,-9.199702,3.140320,DRIVE_LANE,1,NONE,-4.9961,-4.9916,+X
55.2160,-5.940162,-9.199710,3.140332,DRIVE_LANE,1,NONE,-4.9960,-4.9915,+X
55.2320,-5.932172,-9.199718,3.140344,DRIVE_LANE,1,NONE,-4.9960,-4.9914,+X
55.2480,-5.924183,-9.199725,3.140356,DRIVE_LANE,1,NONE,-4.9960,-4.9914,+X
55.2640,-5.916193,-9.199733,3.140369,DRIVE_LANE,1,NONE,-4.9959,-4.9913,+X
55.2800,-5.908203,-9.199740,3.140381,DRIVE_LANE,1,NONE,-4.9959,-4.9913,+X
55.2960,-5.900213,-9.199747,3.140394,DRIVE_LANE,1,NONE,-4.9959,-4.9912,+X
55.3120,-5.892223,-9.199754,3.140407,DRIVE_LANE,1,NONE,-4.9959,-4.9912,+X
55.3280,-5.884234,-9.199761,3.140420,DRIVE_LANE,1,NONE,-4.9959,-4.9911,+X
55.3440,-5.876244,-9.199768,3.140434,DRIVE_LANE,1,NONE,-4.9958,-4.9911,+X
55.3600,-5.868255,-9.199775,3.140447,DRIVE_LANE,1,NONE,-4.9958,-4.9911,+X
55.3760,-5.860265,-9.199781,3.140460,DRIVE_LANE,1,NONE,-4.9958,-4.9911,+X
55.3920,-5.852276,-9.199788,3.140474,DRIVE_LANE,1,NONE,-4.9958,-4.9911,+X
55.4080,-5.844286,-9.199794,3.140487,DRIVE_LANE,1,NONE,-4.9958,-4.9911,+X
55.4240,-5.836297,-9.199800,3.140500,DRIVE_LANE,1,NONE,-4.9958,-4.9910,+X
55.4400,-5.828307,-9.199806,3.140514,DRIVE_LANE,1,NONE,-4.9958,-4.9910,+X
55.4560,-5.820318,-9.199812,3.140527,DRIVE_LANE,1,NONE,-4.9958,-4.9910,+X
55.4720,-5.812328,-9.199818,3.140541,DRIVE_LANE,1,NONE,-4.9958,-4.9910,+X
55.4880,-5.804339,-9.199824,3.140555,DRIVE_LANE,1,NONE,-4.9958,-4.9910,+X
55.5040,-5.796349,-9.199830,3.140568,DRIVE_LANE,1,NONE,-4.9958,-4.9911,+X
55.5200,-5.788360,-9.199835,3.140582,DRIVE_LANE,1,NONE,-4.9958,-4.9911,+X
55.5360,-5.780370,-9.199841,3.140595,DRIVE_LANE,1,NONE,-4.9958,-4.9911,+X
55.5520,-5.772381,-9.199846,3.140608,DRIVE_LANE,1,NONE,-4.9958,-4.9911,+X
55.5680,-5.764391,-9.199851,3.140622,DRIVE_LANE,1,NONE,-4.9958,-4.9911,+X
55.5840,-5.756402,-9.199856,3.140635,DRIVE_LANE,1,NONE,-4.9959,-4.9911,+X
55.6000,-5.748412,-9.199861,3.140649,DRIVE_LANE,1,NONE,-4.9959,-4.9912,+X
55.6160,-5.740422,-9.199866,3.140662,DRIVE_LANE,1,NONE,-4.9959,-4.9912,+X
55.6320,-5.732433,-9.199871,3.140675,DRIVE_LANE,1,NONE,-4.9959,-4.9912,+X
55.6480,-5.724443,-9.199876,3.140688,DRIVE_LANE,1,NONE,-4.9959,-4.9912,+X
55.6640,-5.716453,-9.199880,3.140702,DRIVE_LANE,1,NONE,-4.9959,-4.9913,+X
55.6800,-5.708463,-9.199885,3.140715,DRIVE_LANE,1,NONE,-4.9959,-4.9913,+X
55.6960,-5.700474,-9.199889,3.140728,DRIVE_LANE,1,NONE,-4.9960,-4.9913,+X
55.7120,-5.692484,-9.199894,3.140741,DRIVE_LANE,1,NONE,-4.9960,-4.9914,+X
55.7280,-5.684494,-9.199898,3.140754,DRIVE_LANE,1,NONE,-4.9960,-4.9914,+X
55.7440,-5.676504,-9.199902,3.140766,DRIVE_LANE,1,NONE,-4.9960,-4.9915,+X
55.7600,-5.668514,-9.199906,3.140779,DRIVE_LANE,1,NONE,-4.9960,-4.9915,+X
55.7760,-5.660524,-9.199910,3.140792,DRIVE_LANE,1,NONE,-4.9961,-4.9916,+X
55.7920,-5.652534,-9.199914,3.140804,DRIVE_LANE,1,NONE,-4.9961,-4.9916,+X
55.8080,-5.644544,-9.199918,3.140817,DRIVE_LANE,1,NONE,-4.9961,-4.9916,+X
55.8240,-5.636554,-9.199922,3.140829,DRIVE_LANE,1,NONE,-4.9961,-4.9917,+X
55.8400,-5.628563,-9.199926,3.140842,DRIVE_LANE,1,NONE,-4.9961,-4.9917,+X
55.8560,-5.620573,-9.199929,3.140854,DRIVE_LANE,1,NONE,-4.9962,-4.9918,+X
55.8720,-5.612583,-9.199933,3.140866,DRIVE_LANE,1,NONE,-4.9962,-4.9918,+X
55.8880,-5.604592,-9.199936,3.140878,DRIVE_LANE,1,NONE,-4.9962,-4.9919,+X
55.9040,-5.596602,-9.199940,3.140890,DRIVE_LANE,1,NONE,-4.9962,-4.9919,+X
55.9200,-5.588611,-9.199943,3.140902,DRIVE_LANE,1,NONE,-4.9963,-4.9920,+X
55.9360,-5.580621,-9.199946,3.140914,DRIVE_LANE,1,NONE,-4.9963,-4.9920,+X
55.9520,-5.572630,-9.199950,3.140925,DRIVE_LANE,1,NONE,-4.9963,-4.9921,+X
55.9680,-5.564639,-9.199953,3.140937,DRIVE_LANE,1,NONE,-4.9963,-4.9922,+X
55.9840,-5.556648,-9.199956,3.140948,DRIVE_LANE,1,NONE,-4.9964,-4.9922,+X
56.0000,-5.548658,-9.199959,3.140959,DRIVE_LANE,1,NONE,-4.9964,-4.9923,+X
56.0160,-5.540667,-9.199962,3.140971,DRIVE_LANE,1,NONE,-4.9964,-4.9923,+X
56.0320,-5.532676,-9.199965,3.140982,DRIVE_LANE,1,NONE,-4.9964,-4.9924,+X
56.0480,-5.524685,-9.199967,3.140993,DRIVE_LANE,1,NONE,-4.9965,-4.9924,+X
56.0640,-5.516694,-9.199970,3.141004,DRIVE_LANE,1,NONE,-4.9965,-4.9925,+X
56.0800,-5.508702,-9.199973,3.141014,DRIVE_LANE,1,NONE,-4.9965,-4.9926,+X
56.0960,-5.500711,-9.199975,3.141025,DRIVE_LANE,1,NONE,-4.9965,-4.9926,+X
56.1120,-5.492720,-9.199978,3.141036,DRIVE_LANE,1,NONE,-4.9966,-4.9927,+X
56.1280,-5.484728,-9.199980,3.141046,DRIVE_LANE,1,NONE,-4.9966,-4.9927,+X
56.1440,-5.476737,-9.199983,3.141056,DRIVE_LANE,1,NONE,-4.9966,-4.9928,+X
56.1600,-5.468745,-9.199985,3.141067,DRIVE_LANE,1,NONE,-4.9967,-4.9929,+X
56.1760,-5.460754,-9.199987,3.141077,DRIVE_LANE,1,NONE,-4.9967,-4.9929,+X
56.1920,-5.452762,-9.199990,3.141087,DRIVE_LANE,1,NONE,-4.9967,-4.9930,+X
56.2080,-5.444770,-9.199992,3.141097,DRIVE_LANE,1,NONE,-4.9967,-4.9930,+X
56.2240,-5.436778,-9.199994,3.141106,DRIVE_LANE,1,NONE,-4.9968,-4.9931,+X
56.2400,-5.428787,-9.199996,3.141116,DRIVE_LANE,1,NONE,-4.9968,-4.9932,+X
56.2560,-5.420795,-9.199998,3.141126,DRIVE_LANE,1,NONE,-4.9968,-4.9932,+X
56.2720,-5.412803,-9.200000,3.141135,DRIVE_LANE,1,NONE,-4.9969,-4.9933,+X
56.2880,-5.404810,-9.200002,3.141144,DRIVE_LANE,1,NONE,-4.9969,-4.9933,+X
56.3040,-5.396818,-9.200004,3.141154,DRIVE_LANE,1,NONE,-4.9969,-4.9934,+X
56.3200,-5.388826,-9.200006,3.141163,DRIVE_LANE,1,NONE,-4.9969,-4.9935,+X
56.3360,-5.380834,-9.200008,3.141172,DRIVE_LANE,1,NONE,-4.9970,-4.9935,+X
56.3520,-5.372841,-9.200009,3.141180,DRIVE_LANE,1,NONE,-4.9970,-4.9936,+X
56.3680,-5.364849,-9.200011,3.141189,DRIVE_LANE,1,NONE,-4.9970,-4.9936,+X
56.3840,-5.356856,-9.200013,3.141198,DRIVE_LANE,1,NONE,-4.9971,-4.9937,+X
56.4000,-5.348864,-9.200014,3.141206,DRIVE_LANE,1,NONE,-4.9971,-4.9938,+X
56.4160,-5.340871,-9.200016,3.141215,DRIVE_LANE,1,NONE,-4.9955,-4.9955,+X
56.4320,-5.332878,-9.200019,3.141215,DRIVE_LANE,1,NONE,-4.9971,-4.9937,+X
56.4480,-5.324886,-9.200021,3.141223,DRIVE_LANE,1,NONE,-4.9971,-4.9938,+X
56.4640,-5.316893,-9.200022,3.141231,DRIVE_LANE,1,NONE,-4.9955,-4.9955,+X
56.4800,-5.308900,-9.200025,3.141231,DRIVE_LANE,1,NONE,-4.9971,-4.9938,+X
56.4960,-5.300907,-9.200027,3.141238,DRIVE_LANE,1,NONE,-4.9955,-4.9955,+X
56.5120,-5.292915,-9.200029,3.141238,DRIVE_LANE,1,NONE,-4.9971,-4.9937,+X
56.5280,-5.284922,-9.200031,3.141246,DRIVE_LANE,1,NONE,-4.9971,-4.9938,+X
56.5440,-5.276929,-9.200033,3.141253,DRIVE_LANE,1,NONE,-4.9955,-4.9955,+X
56.5600,-5.268937,-9.200035,3.141253,DRIVE_LANE,1,NONE,-4.9971,-4.9938,+X
56.5760,-5.260944,-9.200037,3.141260,DRIVE_LANE,1,NONE,-4.9971,-4.9938,+X
56.5920,-5.252951,-9.200038,3.141268,DRIVE_LANE,1,NONE,-4.9955,-4.9955,+X
56.6080,-5.244959,-9.200041,3.141268,DRIVE_LANE,1,NONE,-4.9971,-4.9938,+X
56.6240,-5.236966,-9.200042,3.141275,DRIVE_LANE,1,NONE,-4.9955,-4.9955,+X
56.6400,-5.228973,-9.200045,3.141275,DRIVE_LANE,1,NONE,-4.9971,-4.9938,+X
56.6560,-5.220980,-9.200046,3.141282,DRIVE_LANE,1,NONE,-4.9971,-4.9938,+X
56.6720,-5.212988,-9.200048,3.141289,DRIVE_LANE,1,NONE,-4.9955,-4.9955,+X
56.6880,-5.204995,-9.200050,3.141289,DRIVE_LANE,1,NONE,-4.9971,-4.9938,+X
56.7040,-5.197002,-9.200052,3.141296,DRIVE_LANE,1,NONE,-4.9955,-4.9955,+X
56.7200,-5.189009,-9.200054,3.141296,DRIVE_LANE,1,NONE,-4.9971,-4.9938,+X
56.7360,-5.181017,-9.200055,3.141303,DRIVE_LANE,1,NONE,-4.9955,-4.9955,+X
56.7520,-5.173024,-9.200058,3.141303,DRIVE_LANE,1,NONE,-4.9971,-4.9937,+X
56.7680,-5.165031,-9.200059,3.141310,DRIVE_LANE,1,NONE,-4.9971,-4.9938,+X
56.7840,-5.157039,-9.200060,3.141317,DRIVE_LANE,1,NONE,-4.9955,-4.9955,+X
56.8000,-5.149046,-9.200062,3.141317,DRIVE_LANE,1,NONE,-4.9971,-4.9938,+X
56.8160,-5.141053,-9.200063,3.141324,DRIVE_LANE,1,NONE,-4.9955,-4.9955,+X
56.8320,-5.133060,-9.200066,3.141324,DRIVE_LANE,1,NONE,-4.9971,-4.9938,+X
56.8480,-5.125068,-9.200067,3.141331,DRIVE_LANE,1,NONE,-4.9955,-4.9955,+X
56.8640,-5.117075,-9.200069,3.141331,DRIVE_LANE,1,NONE,-4.9971,-4.9938,+X
56.8800,-5.109082,-9.200070,3.141338,DRIVE_LANE,1,NONE,-4.9955,-4.9955,+X
56.8960,-5.101089,-9.200072,3.141338,DRIVE_LANE,1,NONE,-4.9971,-4.9938,+X
56.9120,-5.093097,-9.200073,3.141344,DRIVE_LANE,1,NONE,-4.9955,-4.9955,+X
56.9280,-5.085104,-9.200075,3.141344,DRIVE_LANE,1,NONE,-4.9971,-4.9938,+X
56.9440,-5.077111,-9.200076,3.141351,DRIVE_LANE,1,NONE,-4.9955,-4.9955,+X
56.9600,-5.069119,-9.200078,3.141351,DRIVE_LANE,1,NONE,-4.9971,-4.9938,+X
56.9760,-5.061126,-9.200079,3.141358,DRIVE_LANE,1,NONE,-4.9955,-4.9955,+X
56.9920,-5.053133,-9.200081,3.141358,DRIVE_LANE,1,NONE,-4.9971,-4.9938,+X
57.0080,-5.045141,-9.200082,3.141364,DRIVE_LANE,1,NONE,-4.9955,-4.9955,+X
57.0240,-5.037148,-9.200084,3.141364,DRIVE_LANE,1,NONE,-4.9971,-4.9938,+X
57.0400,-5.029155,-9.200085,3.141371,DRIVE_LANE,1,NONE,-4.9955,-4.9955,+X
57.0560,-5.021162,-9.200086,3.141371,DRIVE_LANE,1,NONE,-4.9971,-4.9938,+X
57.0720,-5.013170,-9.200087,3.141377,DRIVE_LANE,1,NONE,-4.9955,-4.9955,+X
57.0880,-5.005177,-9.200089,3.141377,DRIVE_LANE,1,NONE,-4.9971,-4.9938,+X
57.1040,-4.997184,-9.200090,3.141384,DRIVE_LANE,1,NONE,-4.9955,-4.9955,+X
57.1200,-4.989191,-9.200091,3.141384,DRIVE_LANE,1,NONE,-4.9971,-4.9938,+X
57.1360,-4.981199,-9.200092,3.141390,DRIVE_LANE,1,NONE,-4.9955,-4.9955,+X
57.1520,-4.973206,-9.200094,3.141390,DRIVE_LANE,1,NONE,-4.9971,-4.9938,+X
57.1680,-4.965213,-9.200095,3.141397,DRIVE_LANE,1,NONE,-4.9955,-4.9955,+X
57.1840,-4.957220,-9.200096,3.141397,DRIVE_LANE,1,NONE,-4.9955,-4.9955,+X
57.2000,-4.949228,-9.200098,3.141397,DRIVE_LANE,1,NONE,-4.9971,-4.9938,+X
57.2160,-4.941235,-9.200098,3.141403,DRIVE_LANE,1,NONE,-4.9955,-4.9955,+X
57.2320,-4.933242,-9.200100,3.141403,DRIVE_LANE,1,NONE,-4.9971,-4.9938,+X
57.2480,-4.925250,-9.200101,3.141409,DRIVE_LANE,1,NONE,-4.9955,-4.9955,+X
57.2640,-4.917257,-9.200102,3.141409,DRIVE_LANE,1,NONE,-4.9971,-4.9938,+X
57.2800,-4.909264,-9.200103,3.141415,DRIVE_LANE,1,NONE,-4.9955,-4.9955,+X
57.2960,-4.901271,-9.200104,3.141415,DRIVE_LANE,1,NONE,-4.9955,-4.9955,+X
57.3120,-4.893278,-9.200106,3.141415,DRIVE_LANE,1,NONE,-4.9971,-4.9938,+X
57.3280,-4.885286,-9.200106,3.141421,DRIVE_LANE,1,NONE,-4.9955,-4.9955,+X
57.3440,-4.877293,-9.200108,3.141421,DRIVE_LANE,1,NONE,-4.9971,-4.9938,+X
57.3600,-4.869300,-9.200108,3.141427,DRIVE_LANE,1,NONE,-4.9955,-4.9955,+X
57.3760,-4.861308,-9.200110,3.141427,DRIVE_LANE,1,NONE,-4.9955,-4.9955,+X
57.3920,-4.853315,-9.200111,3.141427,DRIVE_LANE,1,NONE,-4.9971,-4.9938,+X
57.4080,-4.845322,-9.200112,3.141433,DRIVE_LANE,1,NONE,-4.9955,-4.9955,+X
57.4240,-4.837329,-9.200113,3.141433,DRIVE_LANE,1,NONE,-4.9971,-4.9938,+X
57.4400,-4.829337,-9.200113,3.141439,DRIVE_LANE,1,NONE,-4.9955,-4.9955,+X
57.4560,-4.821344,-9.200115,3.141439,DRIVE_LANE,1,NONE,-4.9955,-4.9955,+X
57.4720,-4.813351,-9.200116,3.141439,DRIVE_LANE,1,NONE,-4.9971,-4.9938,+X
57.4880,-4.805358,-9.200116,3.141445,DRIVE_LANE,1,NONE,-4.9955,-4.9955,+X
57.5040,-4.797366,-9.200118,3.141445,DRIVE_LANE,1,NONE,-4.9955,-4.9955,+X
57.5200,-4.789373,-9.200119,3.141445,DRIVE_LANE,1,NONE,-4.9971,-4.9938,+X
57.5360,-4.781380,-9.200119,3.141450,DRIVE_LANE,1,NONE,-4.9955,-4.9955,+X
57.5520,-4.773387,-9.200120,3.141450,DRIVE_LANE,1,NONE,-4.9971,-4.9938,+X
57.5680,-4.765395,-9.200121,3.141456,DRIVE_LANE,1,NONE,-4.9955,-4.9955,+X
57.5840,-4.757402,-9.200122,3.141456,DRIVE_LANE,1,NONE,-4.9955,-4.9955,+X
57.6000,-4.749409,-9.200123,3.141456,DRIVE_LANE,1,NONE,-4.9971,-4.9938,+X
57.6160,-4.741416,-9.200124,3.141462,DRIVE_LANE,1,NONE,-4.9955,-4.9955,+X
57.6320,-4.733424,-9.200125,3.141462,DRIVE_LANE,1,NONE,-4.9955,-4.9955,+X
57.6480,-4.725431,-9.200126,3.141462,DRIVE_LANE,1,NONE,-4.9971,-4.9938,+X
57.6640,-4.717438,-9.200126,3.141467,DRIVE_LANE,1,NONE,-4.9955,-4.9955,+X
57.6800,-4.709445,-9.200127,3.141467,DRIVE_LANE,1,NONE,-4.9955,-4.9955,+X
57.6960,-4.701453,-9.200128,3.141467,DRIVE_LANE,1,NONE,-4.9971,-4.9938,+X
57.7120,-4.693460,-9.200129,3.141473,DRIVE_LANE,1,NONE,-4.9955,-4.9955,+X
57.7280,-4.685467,-9.200129,3.141473,DRIVE_LANE,1,NONE,-4.9955,-4.9955,+X
57.7440,-4.677474,-9.200130,3.141473,DRIVE_LANE,1,NONE,-4.9971,-4.9938,+X
57.7600,-4.669482,-9.200131,3.141478,DRIVE_LANE,1,NONE,-4.9955,-4.9955,+X
57.7760,-4.661489,-9.200132,3.141478,DRIVE_LANE,1,NONE,-4.9955,-4.9955,+X
57.7920,-4.653496,-9.200133,3.141478,DRIVE_LANE,1,NONE,-4.9971,-4.9938,+X
57.8080,-4.645503,-9.200133,3.141484,DRIVE_LANE,1,NONE,-4.9955,-4.9955,+X
57.8240,-4.637511,-9.200134,3.141484,DRIVE_LANE,1,NONE,-4.9955,-4.9955,+X
57.8400,-4.629518,-9.200135,3.141484,DRIVE_LANE,1,NONE,-4.9955,-4.9955,+X
57.8560,-4.621525,-9.200136,3.141484,DRIVE_LANE,1,NONE,-4.9971,-4.9938,+X
57.8720,-4.613532,-9.200136,3.141489,DRIVE_LANE,1,NONE,-4.9955,-4.9955,+X
57.8880,-4.605540,-9.200137,3.141489,DRIVE_LANE,1,NONE,-4.9955,-4.9955,+X
57.9040,-4.597547,-9.200138,3.141489,DRIVE_LANE,1,NONE,-4.9971,-4.9938,+X
57.9200,-4.589554,-9.200138,3.141494,DRIVE_LANE,1,NONE,-4.9955,-4.9955,+X
57.9360,-4.581561,-9.200139,3.141494,DRIVE_LANE,1,NONE,-4.9955,-4.9955,+X
57.9520,-4.573569,-9.200140,3.141494,DRIVE_LANE,1,NONE,-4.9971,-4.9938,+X
57.9680,-4.565576,-9.200140,3.141499,DRIVE_LANE,1,NONE,-4.9955,-4.9955,+X
57.9840,-4.557583,-9.200141,3.141499,DRIVE_LANE,1,NONE,-4.9955,-4.9955,+X
58.0000,-4.549590,-9.200141,3.141499,DRIVE_LANE,1,NONE,-4.9955,-4.9955,+X
58.0160,-4.541598,-9.200142,3.141499,DRIVE_LANE,1,NONE,-4.9971,-4.9938,+X
58.0320,-4.533605,-9.200143,3.141504,DRIVE_LANE,1,NONE,-4.9955,-4.9955,+X
58.0480,-4.525612,-9.200143,3.141504,DRIVE_LANE,1,NONE,-4.9955,-4.9955,+X
58.0640,-4.517620,-9.200144,3.141504,DRIVE_LANE,1,NONE,-4.9971,-4.9938,+X
58.0800,-4.509627,-9.200144,3.141509,DRIVE_LANE,1,NONE,-4.9955,-4.9955,+X
58.0960,-4.501634,-9.200145,3.141509,DRIVE_LANE,1,NONE,-4.9955,-4.9955,+X
58.1120,-4.493641,-9.200146,3.141509,DRIVE_LANE,1,NONE,-4.9955,-4.9955,+X
58.1280,-4.485649,-9.200146,3.141509,DRIVE_LANE,1,NONE,-4.9971,-4.9938,+X
58.1440,-4.477656,-9.200147,3.141514,DRIVE_LANE,1,NONE,-4.9955,-4.9955,+X
58.1600,-4.469663,-9.200147,3.141514,DRIVE_LANE,1,NONE,-4.9955,-4.9955,+X
58.1760,-4.461670,-9.200148,3.141514,DRIVE_LANE,1,NONE,-4.9955,-4.9955,+X
58.1920,-4.453678,-9.200148,3.141514,DRIVE_LANE,1,NONE,-4.9971,-4.9938,+X
58.2080,-4.445685,-9.200149,3.141519,DRIVE_LANE,1,NONE,-4.9955,-4.9955,+X
58.2240,-4.437692,-9.200149,3.141519,DRIVE_LANE,1,NONE,-4.9955,-4.9955,+X
58.2400,-4.429699,-9.200150,3.141519,DRIVE_LANE,1,NONE,-4.9955,-4.9955,+X
58.2560,-4.421707,-9.200151,3.141519,DRIVE_LANE,1,NONE,-4.9971,-4.9938,+X
58.2720,-4.413714,-9.200151,3.141523,DRIVE_LANE,1,NONE,-4.9955,-4.9955,+X
58.2880,-4.405721,-9.200151,3.141523,DRIVE_LANE,1,NONE,-4.9955,-4.9955,+X
58.3040,-4.397728,-9.200152,3.141523,DRIVE_LANE,1,NONE,-4.9955,-4.9955,+X
58.3200,-4.389736,-9.200152,3.141523,DRIVE_LANE,1,NONE,-4.9971,-4.9938,+X
58.3360,-4.381743,-9.200153,3.141528,DRIVE_LANE,1,NONE,-4.9955,-4.9955,+X
58.3520,-4.373750,-9.200153,3.141528,DRIVE_LANE,1,NONE,-4.9955,-4.9955,+X
58.3680,-4.365757,-9.200154,3.141528,DRIVE_LANE,1,NONE,-4.9955,-4.9955,+X
58.3840,-4.357765,-9.200154,3.141528,DRIVE_LANE,1,NONE,-4.9955,-4.9955,+X
58.4000,-4.349772,-9.200155,3.141528,DRIVE_LANE,1,NONE,-4.9971,-4.9938,+X
58.4160,-4.341779,-9.200155,3.141533,DRIVE_LANE,1,NONE,-4.9955,-4.9955,+X
58.4320,-4.333786,-9.200155,3.141533,DRIVE_LANE,1,NONE,-4.9955,-4.9955,+X
58.4480,-4.325794,-9.200156,3.141533,DRIVE_LANE,1,NONE,-4.9955,-4.9955,+X
58.4640,-4.317801,-9.200156,3.141533,DRIVE_LANE,1,NONE,-4.9955,-4.9955,+X
58.4800,-4.309808,-9.200157,3.141533,DRIVE_LANE,1,NONE,-4.9971,-4.9938,+X
58.4960,-4.301815,-9.200157,3.141537,DRIVE_LANE,1,NONE,-4.9955,-4.9955,+X
58.5120,-4.293823,-9.200158,3.141537,DRIVE_LANE,1,NONE,-4.9955,-4.9955,+X
58.5280,-4.285830,-9.200158,3.141537,DRIVE_LANE,1,NONE,-4.9955,-4.9955,+X
58.5440,-4.277837,-9.200158,3.141537,DRIVE_LANE,1,NONE,-4.9955,-4.9955,+X
58.5600,-4.269844,-9.200159,3.141537,DRIVE_LANE,1,NONE,-4.9971,-4.9938,+X
58.5760,-4.261852,-9.200159,3.141542,DRIVE_LANE,1,NONE,-4.9955,-4.9955,+X
58.5920,-4.253859,-9.200159,3.141542,DRIVE_LANE,1,NONE,-4.9955,-4.9955,+X
58.6080,-4.245866,-9.200160,3.141542,DRIVE_LANE,1,NONE,-4.9955,-4.9955,+X
58.6240,-4.237873,-9.200160,3.141542,DRIVE_LANE,1,NONE,-4.9955,-4.9955,+X
58.6400,-4.229881,-9.200161,3.141542,DRIVE_LANE,1,NONE,-4.9955,-4.9955,+X
58.6560,-4.221888,-9.200161,3.141542,DRIVE_LANE,1,NONE,-4.9971,-4.9938,+X
58.6720,-4.213895,-9.200161,3.141547,DRIVE_LANE,1,NONE,-4.9955,-4.9955,+X
58.6880,-4.205902,-9.200161,3.141547,DRIVE_LANE,1,NONE,-4.9955,-4.9955,+X
58.7040,-4.197910,-9.200162,3.141547,DRIVE_LANE,1,NONE,-4.9955,-4.9955,+X
58.7200,-4.189917,-9.200162,3.141547,DRIVE_LANE,1,NONE,-4.9955,-4.9955,+X
58.7360,-4.181924,-9.200162,3.141547,DRIVE_LANE,1,NONE,-4.9955,-4.9955,+X
58.7520,-4.173931,-9.200163,3.141547,DRIVE_LANE,1,NONE,-4.9971,-4.9938,+X
58.7680,-4.165939,-9.200163,3.141551,DRIVE_LANE,1,NONE,-4.9955,-4.9955,+X
58.7840,-4.157946,-9.200163,3.141551,DRIVE_LANE,1,NONE,-4.9955,-4.9955,+X
58.8000,-4.149953,-9.200164,3.141551,DRIVE_LANE,1,NONE,-4.9955,-4.9955,+X
58.8160,-4.141960,-9.200164,3.141551,DRIVE_LANE,1,NONE,-4.9955,-4.9955,+X
58.8320,-4.133968,-9.200164,3.141551,DRIVE_LANE,1,NONE,-4.9955,-4.9955,+X
58.8480,-4.125975,-9.200165,3.141551,DRIVE_LANE,1,NONE,-4.9955,-4.9955,+X
58.8640,-4.117982,-9.200165,3.141551,DRIVE_LANE,1,NONE,-4.9971,-4.9938,+X
58.8800,-4.109989,-9.200165,3.141556,DRIVE_LANE,1,NONE,-4.9955,-4.9955,+X
58.8960,-4.101997,-9.200165,3.141556,DRIVE_LANE,1,NONE,-4.9955,-4.9955,+X
58.9120,-4.094004,-9.200166,3.141556,DRIVE_LANE,1,NONE,-4.9955,-4.9955,+X
58.9280,-4.086011,-9.200166,3.141556,DRIVE_LANE,1,NONE,-4.9955,-4.9955,+X
58.9440,-4.078018,-9.200166,3.141556,DRIVE_LANE,1,NONE,-4.9955,-4.9955,+X
58.9600,-4.070026,-9.200166,3.141556,DRIVE_LANE,1,NONE,-4.9955,-4.9955,+X
58.9760,-4.062033,-9.200167,3.141556,DRIVE_LANE,1,NONE,-4.9955,-4.9955,+X
58.9920,-4.054040,-9.200167,3.141556,DRIVE_LANE,1,NONE,-4.9971,-4.9938,+X
59.0080,-4.046047,-9.200167,3.141561,DRIVE_LANE,1,NONE,-4.9955,-4.9955,+X
59.0240,-4.038055,-9.200167,3.141561,DRIVE_LANE,1,NONE,-4.9955,-4.9955,+X
59.0400,-4.030062,-9.200167,3.141561,DRIVE_LANE,1,NONE,-4.9955,-4.9955,+X
59.0560,-4.022069,-9.200168,3.141561,DRIVE_LANE,1,NONE,-4.9955,-4.9955,+X
59.0720,-4.014076,-9.200168,3.141561,DRIVE_LANE,1,NONE,-4.9955,-4.9955,+X
59.0880,-4.006084,-9.200168,3.141561,DRIVE_LANE,1,NONE,-4.9955,-4.9955,+X
59.1040,-3.998091,-9.200168,3.141561,DRIVE_LANE,1,NONE,-4.9955,-4.9955,+X
59.1200,-3.990098,-9.200169,3.141561,DRIVE_LANE,1,NONE,-4.9955,-4.9955,+X
59.1360,-3.982105,-9.200169,3.141561,DRIVE_LANE,1,NONE,-4.9971,-4.9938,+X
59.1520,-3.974113,-9.200169,3.141565,DRIVE_LANE,1,NONE,-4.9955,-4.9955,+X
59.1680,-3.966120,-9.200169,3.141565,DRIVE_LANE,1,NONE,-4.9955,-4.9955,+X
59.1840,-3.958127,-9.200169,3.141565,DRIVE_LANE,1,NONE,-4.9955,-4.9955,+X
59.2000,-3.950134,-9.200170,3.141565,DRIVE_LANE,1,NONE,-4.9955,-4.9955,+X
59.2160,-3.942142,-9.200170,3.141565,DRIVE_LANE,1,NONE,-4.9955,-4.9955,+X
59.2320,-3.934149,-9.200170,3.141565,DRIVE_LANE,1,NONE,-4.9955,-4.9955,+X
59.2480,-3.926156,-9.200170,3.141565,DRIVE_LANE,1,NONE,-4.9955,-4.9955,+X
59.2640,-3.918163,-9.200170,3.141565,DRIVE_LANE,1,NONE,-4.9955,-4.9955,+X
59.2800,-3.910170,-9.200171,3.141565,DRIVE_LANE,1,NONE,-4.9955,-4.9955,+X
59.2960,-3.902178,-9.200171,3.141565,DRIVE_LANE,1,NONE,-4.9971,-4.9938,+X
59.3120,-3.894185,-9.200171,3.141570,DRIVE_LANE,1,NONE,-4.9955,-4.9955,+X
59.3280,-3.886192,-9.200171,3.141570,DRIVE_LANE,1,NONE,-4.9955,-4.9955,+X
59.3440,-3.878199,-9.200171,3.141570,DRIVE_LANE,1,NONE,-4.9955,-4.9955,+X
59.3600,-3.870207,-9.200171,3.141570,DRIVE_LANE,1,NONE,-4.9955,-4.9955,+X
59.3760,-3.862214,-9.200171,3.141570,DRIVE_LANE,1,NONE,-4.9955,-4.9955,+X
59.3920,-3.854221,-9.200172,3.141570,DRIVE_LANE,1,NONE,-4.9955,-4.9955,+X
59.4080,-3.846228,-9.200172,3.141570,DRIVE_LANE,1,NONE,-4.9955,-4.9955,+X
59.4240,-3.838236,-9.200172,3.141570,DRIVE_LANE,1,NONE,-4.9955,-4.9955,+X
59.4400,-3.830243,-9.200172,3.141570,DRIVE_LANE,1,NONE,-4.9955,-4.9955,+X
59.4560,-3.822250,-9.200172,3.141570,DRIVE_LANE,1,NONE,-4.9955,-4.9955,+X
59.4720,-3.814257,-9.200173,3.141570,DRIVE_LANE,1,NONE,-4.9955,-4.9955,+X
59.4880,-3.806265,-9.200173,3.141570,DRIVE_LANE,1,NONE,-4.9955,-4.9955,+X
59.5040,-3.798272,-9.200173,3.141570,DRIVE_LANE,1,NONE,-4.9971,-4.9938,+X
59.5200,-3.790279,-9.200173,3.141575,DRIVE_LANE,1,NONE,-4.9955,-4.9955,+X
59.5360,-3.782286,-9.200173,3.141575,DRIVE_LANE,1,NONE,-4.9955,-4.9955,+X
59.5520,-3.774294,-9.200173,3.141575,DRIVE_LANE,1,NONE,-4.9955,-4.9955,+X
59.5680,-3.766301,-9.200173,3.141575,DRIVE_LANE,1,NONE,-4.9955,-4.9955,+X
59.5840,-3.758308,-9.200173,3.141575,DRIVE_LANE,1,NONE,-4.9955,-4.9955,+X
59.6000,-3.750315,-9.200174,3.141575,DRIVE_LANE,1,NONE,-4.9955,-4.9955,+X
59.6160,-3.742322,-9.200174,3.141575,DRIVE_LANE,1,NONE,-4.9955,-4.9955,+X
59.6320,-3.734330,-9.200174,3.141575,DRIVE_LANE,1,NONE,-4.9955,-4.9955,+X
59.6480,-3.726337,-9.200174,3.141575,DRIVE_LANE,1,NONE,-4.9955,-4.9955,+X
59.6640,-3.718344,-9.200174,3.141575,DRIVE_LANE,1,NONE,-4.9955,-4.9955,+X
59.6800,-3.710351,-9.200174,3.141575,DRIVE_LANE,1,NONE,-4.9955,-4.9955,+X
59.6960,-3.702359,-9.200174,3.141575,DRIVE_LANE,1,NONE,-4.9955,-4.9955,+X
59.7120,-3.694366,-9.200174,3.141575,DRIVE_LANE,1,NONE,-4.9955,-4.9955,+X
59.7280,-3.686373,-9.200175,3.141575,DRIVE_LANE,1,NONE,-4.9955,-4.9955,+X
59.7440,-3.678380,-9.200175,3.141575,DRIVE_LANE,1,NONE,-4.9955,-4.9955,+X
59.7600,-3.670388,-9.200175,3.141575,DRIVE_LANE,1,NONE,-4.9955,-4.9955,+X
59.7760,-3.662395,-9.200175,3.141575,DRIVE_LANE,1,NONE,-4.9971,-4.9938,+X
59.7920,-3.654402,-9.200175,3.141579,DRIVE_LANE,1,NONE,-4.9955,-4.9955,+X
59.8080,-3.646409,-9.200175,3.141579,DRIVE_LANE,1,NONE,-4.9955,-4.9955,+X
59.8240,-3.638417,-9.200175,3.141579,DRIVE_LANE,1,NONE,-4.9955,-4.9955,+X
59.8400,-3.630424,-9.200175,3.141579,DRIVE_LANE,1,NONE,-4.9955,-4.9955,+X
59.8560,-3.622431,-9.200175,3.141579,DRIVE_LANE,1,NONE,-4.9955,-4.9955,+X
59.8720,-3.614438,-9.200175,3.141579,DRIVE_LANE,1,NONE,-4.9955,-4.9955,+X
59.8880,-3.606445,-9.200176,3.141579,DRIVE_LANE,1,NONE,-4.9955,-4.9955,+X
59.9040,-3.598453,-9.200176,3.141579,DRIVE_LANE,1,NONE,-4.9955,-4.9955,+X
59.9200,-3.590460,-9.200176,3.141579,DRIVE_LANE,1,NONE,-4.9955,-4.9955,+X
59.9360,-3.582467,-9.200176,3.141579,DRIVE_LANE,1,NONE,-4.9955,-4.9955,+X
59.9520,-3.574474,-9.200176,3.141579,DRIVE_LANE,1,NONE,-4.9955,-4.9955,+X
59.9680,-3.566482,-9.200176,3.141579,DRIVE_LANE,1,NONE,-4.9955,-4.9955,+X
59.9840,-3.558489,-9.200176,3.141579,DRIVE_LANE,1,NONE,-4.9955,-4.9955,+X
60.0000,-3.550496,-9.200176,3.141579,DRIVE_LANE,1,NONE,-4.9955,-4.9955,+X
60.0160,-3.542503,-9.200176,3.141579,DRIVE_LANE,1,NONE,-4.9955,-4.9955,+X
60.0320,-3.534511,-9.200176,3.141579,DRIVE_LANE,1,NONE,-4.9955,-4.9955,+X
60.0480,-3.526518,-9.200177,3.141579,DRIVE_LANE,1,NONE,-4.9955,-4.9955,+X
60.0640,-3.518525,-9.200177,3.141579,DRIVE_LANE,1,NONE,-4.9955,-4.9955,+X
60.0800,-3.510532,-9.200177,3.141579,DRIVE_LANE,1,NONE,-4.9955,-4.9955,+X
60.0960,-3.502540,-9.200177,3.141579,DRIVE_LANE,1,NONE,-4.9955,-4.9955,+X
60.1120,-3.494547,-9.200177,3.141579,DRIVE_LANE,1,NONE,-4.9971,-4.9938,+X
60.1280,-3.486554,-9.200177,3.141584,DRIVE_LANE,1,NONE,-4.9955,-4.9955,+X
60.1440,-3.478561,-9.200177,3.141584,DRIVE_LANE,1,NONE,-4.9955,-4.9955,+X
60.1600,-3.470569,-9.200177,3.141584,DRIVE_LANE,1,NONE,-4.9955,-4.9955,+X
60.1760,-3.462576,-9.200177,3.141584,DRIVE_LANE,1,NONE,-4.9955,-4.9955,+X
60.1920,-3.454583,-9.200177,3.141584,DRIVE_LANE,1,NONE,-4.9955,-4.9955,+X
60.2080,-3.446590,-9.200177,3.141584,DRIVE_LANE,1,NONE,-4.9955,-4.9955,+X
60.2240,-3.438597,-9.200177,3.141584,DRIVE_LANE,1,NONE,-4.9955,-4.9955,+X
60.2400,-3.430605,-9.200177,3.141584,DRIVE_LANE,1,NONE,-4.9955,-4.9955,+X
60.2560,-3.422612,-9.200177,3.141584,DRIVE_LANE,1,NONE,-4.9955,-4.9955,+X
60.2720,-3.414619,-9.200177,3.141584,DRIVE_LANE,1,NONE,-4.9955,-4.9955,+X
60.2880,-3.406626,-9.200177,3.141584,DRIVE_LANE,1,NONE,-4.9955,-4.9955,+X
60.3040,-3.398634,-9.200178,3.141584,DRIVE_LANE,1,NONE,-4.9955,-4.9955,+X
60.3200,-3.390641,-9.200178,3.141584,DRIVE_LANE,1,NONE,-4.9955,-4.9955,+X
60.3360,-3.382648,-9.200178,3.141584,DRIVE_LANE,1,NONE,-4.9955,-4.9955,+X
60.3520,-3.374655,-9.200178,3.141584,DRIVE_LANE,1,NONE,-4.9955,-4.9955,+X
60.3680,-3.366662,-9.200178,3.141584,DRIVE_LANE,1,NONE,-4.9955,-4.9955,+X
60.3840,-3.358670,-9.200178,3.141584,DRIVE_LANE,1,NONE,-4.9955,-4.9955,+X
60.4000,-3.350677,-9.200178,3.141584,DRIVE_LANE,1,NONE,-4.9955,-4.9955,+X
60.4160,-3.342684,-9.200178,3.141584,DRIVE_LANE,1,NONE,-4.9955,-4.9955,+X
60.4320,-3.334691,-9.200178,3.141584,DRIVE_LANE,1,NONE,-4.9955,-4.9955,+X
60.4480,-3.326699,-9.200178,3.141584,DRIVE_LANE,1,NONE,-4.9955,-4.9955,+X
60.4640,-3.318706,-9.200178,3.141584,DRIVE_LANE,1,NONE,-4.9955,-4.9955,+X
60.4800,-3.310713,-9.200178,3.141584,DRIVE_LANE,1,NONE,-4.9955,-4.9955,+X
60.4960,-3.302720,-9.200178,3.141584,DRIVE_LANE,1,NONE,-4.9955,-4.9955,+X
60.5120,-3.294728,-9.200178,3.141584,DRIVE_LANE,1,NONE,-4.9955,-4.9955,+X
60.5280,-3.286735,-9.200179,3.141584,DRIVE_LANE,1,NONE,-4.9955,-4.9955,+X
60.5440,-3.278742,-9.200179,3.141584,DRIVE_LANE,1,NONE,-4.9955,-4.9955,+X
60.5600,-3.270749,-9.200179,3.141584,DRIVE_LANE,1,NONE,-4.9955,-4.9955,+X
60.5760,-3.262757,-9.200179,3.141584,DRIVE_LANE,1,NONE,-4.9955,-4.9955,+X
60.5920,-3.254764,-9.200179,3.141584,DRIVE_LANE,1,NONE,-4.9955,-4.9955,+X
60.6080,-3.246771,-9.200179,3.141584,DRIVE_LANE,1,NONE,-4.9955,-4.9955,+X
60.6240,-3.238778,-9.200179,3.141584,DRIVE_LANE,1,NONE,-4.9955,-4.9955,+X
60.6400,-3.230786,-9.200179,3.141584,DRIVE_LANE,1,NONE,-4.9955,-4.9955,+X
60.6560,-3.222793,-9.200179,3.141584,DRIVE_LANE,1,NONE,-4.9971,-4.9938,+X
60.6720,-3.214800,-9.200179,3.141589,DRIVE_LANE,1,NONE,-4.9955,-4.9955,+X
60.6880,-3.206807,-9.200179,3.141589,DRIVE_LANE,1,NONE,-4.9955,-4.9955,+X
60.7040,-3.198815,-9.200179,3.141589,DRIVE_LANE,1,NONE,-4.9955,-4.9955,+X
60.7200,-3.190822,-9.200179,3.141589,DRIVE_LANE,1,NONE,-4.9955,-4.9955,+X
60.7360,-3.182829,-9.200179,3.141589,DRIVE_LANE,1,NONE,-4.9955,-4.9955,+X
60.7520,-3.174836,-9.200179,3.141589,DRIVE_LANE,1,NONE,-4.9955,-4.9955,+X
60.7680,-3.166843,-9.200179,3.141589,DRIVE_LANE,1,NONE,-4.9955,-4.9955,+X
60.7840,-3.158851,-9.200179,3.141589,DRIVE_LANE,1,NONE,-4.9955,-4.9955,+X
60.8000,-3.150858,-9.200179,3.141589,DRIVE_LANE,1,NONE,-4.9955,-4.9955,+X
60.8160,-3.142865,-9.200179,3.141589,DRIVE_LANE,1,NONE,-4.9955,-4.9955,+X
60.8320,-3.134872,-9.200179,3.141589,DRIVE_LANE,1,NONE,-4.9955,-4.9955,+X
60.8480,-3.126880,-9.200179,3.141589,DRIVE_LANE,1,NONE,-4.9955,-4.9955,+X
60.8640,-3.118887,-9.200179,3.141589,DRIVE_LANE,1,NONE,-4.9955,-4.9955,+X
60.8800,-3.110894,-9.200179,3.141589,DRIVE_LANE,1,NONE,-4.9955,-4.9955,+X
60.8960,-3.102901,-9.200179,3.141589,DRIVE_LANE,1,NONE,-4.9955,-4.9955,+X
60.9120,-3.094908,-9.200179,3.141589,DRIVE_LANE,1,NONE,-4.9955,-4.9955,+X
60.9280,-3.086916,-9.200179,3.141589,DRIVE_LANE,1,NONE,-4.9955,-4.9955,+X
60.9440,-3.078923,-9.200179,3.141589,DRIVE_LANE,1,NONE,-4.9955,-4.9955,+X
60.9600,-3.070930,-9.200179,3.141589,DRIVE_LANE,1,NONE,-4.9955,-4.9955,+X
60.9760,-3.062937,-9.200179,3.141589,DRIVE_LANE,1,NONE,-4.9955,-4.9955,+X
60.9920,-3.054944,-9.200179,3.141589,DRIVE_LANE,1,NONE,-4.9955,-4.9955,+X
61.0080,-3.046952,-9.200179,3.141589,DRIVE_LANE,1,NONE,-4.9955,-4.9955,+X
61.0240,-3.038959,-9.200179,3.141589,DRIVE_LANE,1,NONE,-4.9955,-4.9955,+X
61.0400,-3.030966,-9.200180,3.141589,DRIVE_LANE,1,NONE,-4.9955,-4.9955,+X
61.0560,-3.022973,-9.200180,3.141589,DRIVE_LANE,1,NONE,-4.9955,-4.9955,+X
61.0720,-3.014981,-9.200180,3.141589,DRIVE_LANE,1,NONE,-4.9955,-4.9955,+X
61.0880,-3.006988,-9.200180,3.141589,DRIVE_LANE,1,NONE,-4.9955,-4.9955,+X
61.1040,-2.998995,-9.200180,3.141589,DRIVE_LANE,1,NONE,-4.9955,-4.9955,+X
61.1200,-2.991002,-9.200180,3.141589,DRIVE_LANE,1,NONE,-4.9955,-4.9955,+X
61.1360,-2.983009,-9.200180,3.141589,DRIVE_LANE,1,NONE,-4.9955,-4.9955,+X
61.1520,-2.975017,-9.200180,3.141589,DRIVE_LANE,1,NONE,-4.9955,-4.9955,+X
61.1680,-2.967024,-9.200180,3.141589,DRIVE_LANE,1,NONE,-4.9955,-4.9955,+X
61.1840,-2.959031,-9.200180,3.141589,DRIVE_LANE,1,NONE,-4.9955,-4.9955,+X
61.2000,-2.951038,-9.200180,3.141589,DRIVE_LANE,1,NONE,-4.9955,-4.9955,+X
61.2160,-2.943046,-9.200180,3.141589,DRIVE_LANE,1,NONE,-4.9955,-4.9955,+X
61.2320,-2.935053,-9.200180,3.141589,DRIVE_LANE,1,NONE,-4.9955,-4.9955,+X
61.2480,-2.927060,-9.200180,3.141589,DRIVE_LANE,1,NONE,-4.9955,-4.9955,+X
61.2640,-2.919067,-9.200180,3.141589,DRIVE_LANE,1,NONE,-4.9955,-4.9955,+X
61.2800,-2.911075,-9.200180,3.141589,DRIVE_LANE,1,NONE,-4.9955,-4.9955,+X
61.2960,-2.903082,-9.200180,3.141589,DRIVE_LANE,1,NONE,-4.9955,-4.9955,+X
61.3120,-2.895089,-9.200180,3.141589,DRIVE_LANE,1,NONE,-4.9955,-4.9955,+X
61.3280,-2.887096,-9.200180,3.141589,DRIVE_LANE,1,NONE,-4.9955,-4.9955,+X
61.3440,-2.879103,-9.200180,3.141589,DRIVE_LANE,1,NONE,-4.9955,-4.9955,+X
61.3600,-2.871111,-9.200180,3.141589,DRIVE_LANE,1,NONE,-4.9955,-4.9955,+X
61.3760,-2.863118,-9.200180,3.141589,DRIVE_LANE,1,NONE,-4.9955,-4.9955,+X
61.3920,-2.855125,-9.200180,3.141589,DRIVE_LANE,1,NONE,-4.9955,-4.9955,+X
61.4080,-2.847132,-9.200180,3.141589,DRIVE_LANE,1,NONE,-4.9955,-4.9955,+X
61.4240,-2.839140,-9.200180,3.141589,DRIVE_LANE,1,NONE,-4.9955,-4.9955,+X
61.4400,-2.831147,-9.200180,3.141589,DRIVE_LANE,1,NONE,-4.9955,-4.9955,+X
61.4560,-2.823154,-9.200180,3.141589,DRIVE_LANE,1,NONE,-4.9955,-4.9955,+X
61.4720,-2.815161,-9.200180,3.141589,DRIVE_LANE,1,NONE,-4.9955,-4.9955,+X
61.4880,-2.807169,-9.200180,3.141589,DRIVE_LANE,1,NONE,-4.9955,-4.9955,+X
61.5040,-2.799176,-9.200180,3.141589,DRIVE_LANE,1,NONE,-4.9955,-4.9955,+X
61.5200,-2.791183,-9.200180,3.141589,DRIVE_LANE,1,NONE,-4.9955,-4.9955,+X
61.5360,-2.783190,-9.200181,3.141589,DRIVE_LANE,1,NONE,-4.9955,-4.9955,+X
61.5520,-2.775198,-9.200181,3.141589,DRIVE_LANE,1,NONE,-4.9955,-4.9955,+X
61.5680,-2.767205,-9.200181,3.141589,DRIVE_LANE,1,NONE,-4.9955,-4.9955,+X
61.5840,-2.759212,-9.200181,3.141589,DRIVE_LANE,1,NONE,-4.9955,-4.9955,+X
61.6000,-2.751219,-9.200181,3.141589,DRIVE_LANE,1,NONE,-4.9955,-4.9955,+X
61.6160,-2.743227,-9.200181,3.141589,DRIVE_LANE,1,NONE,-4.9955,-4.9955,+X
61.6320,-2.735234,-9.200181,3.141589,DRIVE_LANE,1,NONE,-4.9955,-4.9955,+X
61.6480,-2.727241,-9.200181,3.141589,DRIVE_LANE,1,NONE,-4.9955,-4.9955,+X
61.6640,-2.719248,-9.200181,3.141589,DRIVE_LANE,1,NONE,-4.9955,-4.9955,+X
61.6800,-2.711256,-9.200181,3.141589,DRIVE_LANE,1,NONE,-4.9955,-4.9955,+X
61.6960,-2.703263,-9.200181,3.141589,DRIVE_LANE,1,NONE,-4.9955,-4.9955,+X
61.7120,-2.695270,-9.200181,3.141589,DRIVE_LANE,1,NONE,-4.9955,-4.9955,+X
61.7280,-2.687278,-9.200181,3.141589,DRIVE_LANE,1,NONE,-4.9955,-4.9955,+X
61.7440,-2.679285,-9.200181,3.141589,DRIVE_LANE,1,NONE,-4.9955,-4.9955,+X
61.7600,-2.671292,-9.200181,3.141589,DRIVE_LANE,1,NONE,-4.9955,-4.9955,+X
61.7760,-2.663299,-9.200181,3.141589,DRIVE_LANE,1,NONE,-4.9955,-4.9955,+X
61.7920,-2.655307,-9.200181,3.141589,DRIVE_LANE,1,NONE,-4.9955,-4.9955,+X
61.8080,-2.647314,-9.200181,3.141589,DRIVE_LANE,1,NONE,-4.9955,-4.9955,+X
61.8240,-2.639321,-9.200181,3.141589,DRIVE_LANE,1,NONE,-4.9955,-4.9955,+X
61.8400,-2.631328,-9.200181,3.141589,DRIVE_LANE,1,NONE,-4.9971,-4.9938,+X
61.8560,-2.623336,-9.200181,-3.141592,DRIVE_LANE,1,NONE,-4.9955,-4.9955,+X
61.8720,-2.615343,-9.200181,-3.141592,DRIVE_LANE,1,NONE,-4.9955,-4.9955,+X
61.8880,-2.607350,-9.200181,-3.141592,DRIVE_LANE,1,NONE,-4.9955,-4.9955,+X
61.9040,-2.599357,-9.200181,-3.141592,DRIVE_LANE,1,NONE,-4.9955,-4.9955,+X
61.9200,-2.591364,-9.200181,-3.141592,DRIVE_LANE,1,NONE,-4.9955,-4.9955,+X
61.9360,-2.583372,-9.200181,-3.141592,DRIVE_LANE,1,NONE,-4.9955,-4.9955,+X
61.9520,-2.575379,-9.200181,-3.141592,DRIVE_LANE,1,NONE,-4.9955,-4.9955,+X
61.9680,-2.567386,-9.200181,-3.141592,DRIVE_LANE,1,NONE,-4.9955,-4.9955,+X
61.9840,-2.559393,-9.200181,-3.141592,DRIVE_LANE,1,NONE,-4.9955,-4.9955,+X
62.0000,-2.551400,-9.200181,-3.141592,DRIVE_LANE,1,NONE,-4.9955,-4.9955,+X
62.0160,-2.543408,-9.200181,-3.141592,DRIVE_LANE,1,NONE,-4.9955,-4.9955,+X
62.0320,-2.535415,-9.200181,-3.141592,DRIVE_LANE,1,NONE,-4.9955,-4.9955,+X
62.0480,-2.527422,-9.200181,-3.141592,DRIVE_LANE,1,NONE,-4.9955,-4.9955,+X
62.0640,-2.519429,-9.200181,-3.141592,DRIVE_LANE,1,NONE,-4.9955,-4.9955,+X
62.0800,-2.511436,-9.200181,-3.141592,DRIVE_LANE,1,NONE,-4.9955,-4.9955,+X
62.0960,-2.503444,-9.200181,-3.141592,DRIVE_LANE,1,NONE,-4.9955,-4.9955,+X
62.1120,-2.495451,-9.200181,-3.141592,DRIVE_LANE,1,NONE,-4.9955,-4.9955,+X
62.1280,-2.487458,-9.200181,-3.141592,DRIVE_LANE,1,NONE,-4.9955,-4.9955,+X
62.1440,-2.479465,-9.200181,-3.141592,DRIVE_LANE,1,NONE,-4.9955,-4.9955,+X
62.1600,-2.471472,-9.200181,-3.141592,DRIVE_LANE,1,NONE,-4.9955,-4.9955,+X
62.1760,-2.463480,-9.200181,-3.141592,DRIVE_LANE,1,NONE,-4.9955,-4.9955,+X
62.1920,-2.455487,-9.200181,-3.141592,DRIVE_LANE,1,NONE,-4.9955,-4.9955,+X
62.2080,-2.447494,-9.200181,-3.141592,DRIVE_LANE,1,NONE,-4.9955,-4.9955,+X
62.2240,-2.439501,-9.200181,-3.141592,DRIVE_LANE,1,NONE,-4.9955,-4.9955,+X
62.2400,-2.431508,-9.200181,-3.141592,DRIVE_LANE,1,NONE,-4.9955,-4.9955,+X
62.2560,-2.423516,-9.200181,-3.141592,DRIVE_LANE,1,NONE,-4.9955,-4.9955,+X
62.2720,-2.415523,-9.200181,-3.141592,DRIVE_LANE,1,NONE,-4.9955,-4.9955,+X
62.2880,-2.407530,-9.200181,-3.141592,DRIVE_LANE,1,NONE,-4.9955,-4.9955,+X
62.3040,-2.399537,-9.200181,-3.141592,DRIVE_LANE,1,NONE,-4.9955,-4.9955,+X
62.3200,-2.391544,-9.200181,-3.141592,DRIVE_LANE,1,NONE,-4.9955,-4.9955,+X
62.3360,-2.383552,-9.200181,-3.141592,DRIVE_LANE,1,NONE,-4.9955,-4.9955,+X
62.3520,-2.375559,-9.200181,-3.141592,DRIVE_LANE,1,NONE,-4.9955,-4.9955,+X
62.3680,-2.367566,-9.200181,-3.141592,DRIVE_LANE,1,NONE,-4.9955,-4.9955,+X
62.3840,-2.359573,-9.200181,-3.141592,DRIVE_LANE,1,NONE,-4.9955,-4.9955,+X
62.4000,-2.351580,-9.200181,-3.141592,DRIVE_LANE,1,NONE,-4.9955,-4.9955,+X
62.4160,-2.343587,-9.200181,-3.141592,DRIVE_LANE,1,NONE,-4.9955,-4.9955,+X
62.4320,-2.335595,-9.200181,-3.141592,DRIVE_LANE,1,NONE,-4.9955,-4.9955,+X
62.4480,-2.327602,-9.200181,-3.141592,DRIVE_LANE,1,NONE,-4.9955,-4.9955,+X
62.4640,-2.319609,-9.200181,-3.141592,DRIVE_LANE,1,NONE,-4.9955,-4.9955,+X
62.4800,-2.311616,-9.200181,-3.141592,DRIVE_LANE,1,NONE,-4.9955,-4.9955,+X
62.4960,-2.303623,-9.200181,-3.141592,DRIVE_LANE,1,NONE,-4.9955,-4.9955,+X
62.5120,-2.295631,-9.200181,-3.141592,DRIVE_LANE,1,NONE,-4.9955,-4.9955,+X
62.5280,-2.287638,-9.200181,-3.141592,DRIVE_LANE,1,NONE,-4.9955,-4.9955,+X
62.5440,-2.279645,-9.200181,-3.141592,DRIVE_LANE,1,NONE,-4.9955,-4.9955,+X
62.5600,-2.271652,-9.200181,-3.141592,DRIVE_LANE,1,NONE,-4.9955,-4.9955,+X
62.5760,-2.263659,-9.200181,-3.141592,DRIVE_LANE,1,NONE,-4.9955,-4.9955,+X
62.5920,-2.255667,-9.200181,-3.141592,DRIVE_LANE,1,NONE,-4.9955,-4.9955,+X
62.6080,-2.247674,-9.200181,-3.141592,DRIVE_LANE,1,NONE,-4.9955,-4.9955,+X
62.6240,-2.239681,-9.200181,-3.141592,DRIVE_LANE,1,NONE,-4.9955,-4.9955,+X
62.6400,-2.231688,-9.200181,-3.141592,DRIVE_LANE,1,NONE,-4.9955,-4.9955,+X
62.6560,-2.223695,-9.200181,-3.141592,DRIVE_LANE,1,NONE,-4.9955,-4.9955,+X
62.6720,-2.215702,-9.200181,-3.141592,DRIVE_LANE,1,NONE,-4.9955,-4.9955,+X
62.6880,-2.207710,-9.200181,-3.141592,DRIVE_LANE,1,NONE,-4.9955,-4.9955,+X
62.7040,-2.199717,-9.200181,-3.141592,DRIVE_LANE,1,NONE,-4.9955,-4.9955,+X
62.7200,-2.191724,-9.200181,-3.141592,DRIVE_LANE,1,NONE,-4.9955,-4.9955,+X
62.7360,-2.183731,-9.200181,-3.141592,DRIVE_LANE,1,NONE,-4.9955,-4.9955,+X
62.7520,-2.175738,-9.200180,-3.141592,DRIVE_LANE,1,NONE,-4.9955,-4.9955,+X
62.7680,-2.167746,-9.200180,-3.141592,DRIVE_LANE,1,NONE,-4.9955,-4.9955,+X
62.7840,-2.159753,-9.200180,-3.141592,DRIVE_LANE,1,NONE,-4.9955,-4.9955,+X
62.8000,-2.151760,-9.200180,-3.141592,DRIVE_LANE,1,NONE,-4.9955,-4.9955,+X
62.8160,-2.143767,-9.200180,-3.141592,DRIVE_LANE,1,NONE,-4.9955,-4.9955,+X
62.8320,-2.135774,-9.200180,-3.141592,DRIVE_LANE,1,NONE,-4.9955,-4.9955,+X
62.8480,-2.127782,-9.200180,-3.141592,DRIVE_LANE,1,NONE,-4.9955,-4.9955,+X
62.8640,-2.119789,-9.200180,-3.141592,DRIVE_LANE,1,NONE,-4.9955,-4.9955,+X
62.8800,-2.111796,-9.200180,-3.141592,DRIVE_LANE,1,NONE,-4.9955,-4.9955,+X
62.8960,-2.103803,-9.200180,-3.141592,DRIVE_LANE,1,NONE,-4.9955,-4.9955,+X
62.9120,-2.095810,-9.200180,-3.141592,DRIVE_LANE,1,NONE,-4.9955,-4.9955,+X
62.9280,-2.087817,-9.200180,-3.141592,DRIVE_LANE,1,NONE,-4.9955,-4.9955,+X
62.9440,-2.079825,-9.200180,-3.141592,DRIVE_LANE,1,NONE,-4.9955,-4.9955,+X
62.9600,-2.071832,-9.200180,-3.141592,DRIVE_LANE,1,NONE,-4.9955,-4.9955,+X
62.9760,-2.063839,-9.200180,-3.141592,DRIVE_LANE,1,NONE,-4.9955,-4.9955,+X
62.9920,-2.055846,-9.200180,-3.141592,DRIVE_LANE,1,NONE,-4.9955,-4.9955,+X
63.0080,-2.047853,-9.200180,-3.141592,DRIVE_LANE,1,NONE,-4.9955,-4.9955,+X
63.0240,-2.039861,-9.200180,-3.141592,DRIVE_LANE,1,NONE,-4.9955,-4.9955,+X
63.0400,-2.031868,-9.200180,-3.141592,DRIVE_LANE,1,NONE,-4.9955,-4.9955,+X
63.0560,-2.023875,-9.200180,-3.141592,DRIVE_LANE,1,NONE,-4.9955,-4.9955,+X
63.0720,-2.015882,-9.200180,-3.141592,DRIVE_LANE,1,NONE,-4.9955,-4.9955,+X
63.0880,-2.007889,-9.200180,-3.141592,DRIVE_LANE,1,NONE,-4.9955,-4.9955,+X
63.1040,-1.999896,-9.200180,-3.141592,DRIVE_LANE,1,NONE,-4.9955,-4.9955,+X
63.1200,-1.991904,-9.200180,-3.141592,DRIVE_LANE,1,NONE,-4.9955,-4.9955,+X
63.1360,-1.983911,-9.200180,-3.141592,DRIVE_LANE,1,NONE,-4.9955,-4.9955,+X
63.1520,-1.975918,-9.200180,-3.141592,DRIVE_LANE,1,NONE,-4.9955,-4.9955,+X
63.1680,-1.967925,-9.200180,-3.141592,DRIVE_LANE,1,NONE,-4.9955,-4.9955,+X
63.1840,-1.959932,-9.200180,-3.141592,DRIVE_LANE,1,NONE,-4.9955,-4.9955,+X
63.2000,-1.951940,-9.200180,-3.141592,DRIVE_LANE,1,NONE,-4.9955,-4.9955,+X
63.2160,-1.943947,-9.200180,-3.141592,DRIVE_LANE,1,NONE,-4.9955,-4.9955,+X
63.2320,-1.935954,-9.200180,-3.141592,DRIVE_LANE,1,NONE,-4.9955,-4.9955,+X
63.2480,-1.927961,-9.200180,-3.141592,DRIVE_LANE,1,NONE,-4.9955,-4.9955,+X
63.2640,-1.919968,-9.200180,-3.141592,DRIVE_LANE,1,NONE,-4.9955,-4.9955,+X
63.2800,-1.911975,-9.200180,-3.141592,DRIVE_LANE,1,NONE,-4.9955,-4.9955,+X
63.2960,-1.903983,-9.200180,-3.141592,DRIVE_LANE,1,NONE,-4.9955,-4.9955,+X
63.3120,-1.895990,-9.200180,-3.141592,DRIVE_LANE,1,NONE,-4.9955,-4.9955,+X
63.3280,-1.887997,-9.200180,-3.141592,DRIVE_LANE,1,NONE,-4.9955,-4.9955,+X
63.3440,-1.880004,-9.200180,-3.141592,DRIVE_LANE,1,NONE,-4.9955,-4.9955,+X
63.3600,-1.872011,-9.200180,-3.141592,DRIVE_LANE,1,NONE,-4.9955,-4.9955,+X
63.3760,-1.864018,-9.200180,-3.141592,DRIVE_LANE,1,NONE,-4.9955,-4.9955,+X
63.3920,-1.856026,-9.200180,-3.141592,DRIVE_LANE,1,NONE,-4.9955,-4.9955,+X
63.4080,-1.848033,-9.200180,-3.141592,DRIVE_LANE,1,NONE,-4.9955,-4.9955,+X
63.4240,-1.840040,-9.200180,-3.141592,DRIVE_LANE,1,NONE,-4.9955,-4.9955,+X
63.4400,-1.832047,-9.200180,-3.141592,DRIVE_LANE,1,NONE,-4.9955,-4.9955,+X
63.4560,-1.824054,-9.200180,-3.141592,DRIVE_LANE,1,NONE,-4.9955,-4.9955,+X
63.4720,-1.816062,-9.200180,-3.141592,DRIVE_LANE,1,NONE,-4.9955,-4.9955,+X
63.4880,-1.808069,-9.200180,-3.141592,DRIVE_LANE,1,NONE,-4.9955,-4.9955,+X
63.5040,-1.800076,-9.200180,-3.141592,DRIVE_LANE,1,NONE,-4.9955,-4.9955,+X
63.5200,-1.792083,-9.200180,-3.141592,DRIVE_LANE,1,NONE,-4.9955,-4.9955,+X
63.5360,-1.784090,-9.200180,-3.141592,DRIVE_LANE,1,NONE,-4.9955,-4.9955,+X
63.5520,-1.776097,-9.200180,-3.141592,DRIVE_LANE,1,NONE,-4.9955,-4.9955,+X
63.5680,-1.768105,-9.200180,-3.141592,DRIVE_LANE,1,NONE,-4.9955,-4.9955,+X
63.5840,-1.760112,-9.200180,-3.141592,DRIVE_LANE,1,NONE,-4.9955,-4.9955,+X
63.6000,-1.752119,-9.200180,-3.141592,DRIVE_LANE,1,NONE,-4.9955,-4.9955,+X
63.6160,-1.744126,-9.200180,-3.141592,DRIVE_LANE,1,NONE,-4.9955,-4.9955,+X
63.6320,-1.736133,-9.200180,-3.141592,DRIVE_LANE,1,NONE,-4.9955,-4.9955,+X
63.6480,-1.728140,-9.200180,-3.141592,DRIVE_LANE,1,NONE,-4.9955,-4.9955,+X
63.6640,-1.720148,-9.200180,-3.141592,DRIVE_LANE,1,NONE,-4.9955,-4.9955,+X
63.6800,-1.712155,-9.200180,-3.141592,DRIVE_LANE,1,NONE,-4.9955,-4.9955,+X
63.6960,-1.704162,-9.200180,-3.141592,DRIVE_LANE,1,NONE,-4.9955,-4.9955,+X
63.7120,-1.696169,-9.200180,-3.141592,DRIVE_LANE,1,NONE,-4.9955,-4.9955,+X
63.7280,-1.688176,-9.200180,-3.141592,DRIVE_LANE,1,NONE,-4.9955,-4.9955,+X
63.7440,-1.680184,-9.200180,-3.141592,DRIVE_LANE,1,NONE,-4.9955,-4.9955,+X
63.7600,-1.672191,-9.200180,-3.141592,DRIVE_LANE,1,NONE,-4.9955,-4.9955,+X
63.7760,-1.664198,-9.200180,-3.141592,DRIVE_LANE,1,NONE,-4.9955,-4.9955,+X
63.7920,-1.656205,-9.200180,-3.141592,DRIVE_LANE,1,NONE,-4.9955,-4.9955,+X
63.8080,-1.648212,-9.200180,-3.141592,DRIVE_LANE,1,NONE,-4.9955,-4.9955,+X
63.8240,-1.640219,-9.200180,-3.141592,DRIVE_LANE,1,NONE,-4.9955,-4.9955,+X
63.8400,-1.632227,-9.200180,-3.141592,DRIVE_LANE,1,NONE,-4.9955,-4.9955,+X
63.8560,-1.624234,-9.200180,-3.141592,DRIVE_LANE,1,NONE,-4.9955,-4.9955,+X
63.8720,-1.616241,-9.200180,-3.141592,DRIVE_LANE,1,NONE,-4.9955,-4.9955,+X
63.8880,-1.608248,-9.200180,-3.141592,DRIVE_LANE,1,NONE,-4.9955,-4.9955,+X
63.9040,-1.600255,-9.200180,-3.141592,DRIVE_LANE,1,NONE,-4.9955,-4.9955,+X
63.9200,-1.592262,-9.200180,-3.141592,DRIVE_LANE,1,NONE,-4.9955,-4.9955,+X
63.9360,-1.584270,-9.200180,-3.141592,DRIVE_LANE,1,NONE,-4.9955,-4.9955,+X
63.9520,-1.576277,-9.200180,-3.141592,DRIVE_LANE,1,NONE,-4.9955,-4.9955,+X
63.9680,-1.568284,-9.200180,-3.141592,DRIVE_LANE,1,NONE,-4.9955,-4.9955,+X
63.9840,-1.560291,-9.200180,-3.141592,DRIVE_LANE,1,NONE,-4.9955,-4.9955,+X
64.0000,-1.552298,-9.200180,-3.141592,DRIVE_LANE,1,NONE,-4.9955,-4.9955,+X
64.0160,-1.544305,-9.200180,-3.141592,DRIVE_LANE,1,NONE,-4.9955,-4.9955,+X
64.0320,-1.536313,-9.200180,-3.141592,DRIVE_LANE,1,NONE,-4.9955,-4.9955,+X
64.0480,-1.528320,-9.200180,-3.141592,DRIVE_LANE,1,NONE,-4.9955,-4.9955,+X
64.0640,-1.520327,-9.200180,-3.141592,DRIVE_LANE,1,NONE,-4.9955,-4.9955,+X
64.0800,-1.512334,-9.200180,-3.141592,DRIVE_LANE,1,NONE,-4.9955,-4.9955,+X
64.0960,-1.504341,-9.200180,-3.141592,DRIVE_LANE,1,NONE,-4.9955,-4.9955,+X
64.1120,-1.496348,-9.200180,-3.141592,DRIVE_LANE,1,NONE,-4.9955,-4.9955,+X
64.1280,-1.488356,-9.200180,-3.141592,DRIVE_LANE,1,NONE,-4.9955,-4.9955,+X
64.1440,-1.480363,-9.200180,-3.141592,DRIVE_LANE,1,NONE,-4.9955,-4.9955,+X
64.1600,-1.472370,-9.200180,-3.141592,DRIVE_LANE,1,NONE,-4.9955,-4.9955,+X
64.1760,-1.464377,-9.200180,-3.141592,DRIVE_LANE,1,NONE,-4.9955,-4.9955,+X
64.1920,-1.456384,-9.200180,-3.141592,DRIVE_LANE,1,NONE,-4.9955,-4.9955,+X
64.2080,-1.448391,-9.200180,-3.141592,DRIVE_LANE,1,NONE,-4.9955,-4.9955,+X
64.2240,-1.440399,-9.200180,-3.141592,DRIVE_LANE,1,NONE,-4.9955,-4.9955,+X
64.2400,-1.432406,-9.200180,-3.141592,DRIVE_LANE,1,NONE,-4.9955,-4.9955,+X
64.2560,-1.424413,-9.200180,-3.141592,DRIVE_LANE,1,NONE,-4.9955,-4.9955,+X
64.2720,-1.416420,-9.200180,-3.141592,DRIVE_LANE,1,NONE,-4.9955,-4.9955,+X
64.2880,-1.408427,-9.200180,-3.141592,DRIVE_LANE,1,NONE,-4.9955,-4.9955,+X
64.3040,-1.400434,-9.200180,-3.141592,DRIVE_LANE,1,NONE,-4.9955,-4.9955,+X
64.3200,-1.392442,-9.200180,-3.141592,DRIVE_LANE,1,NONE,-4.9955,-4.9955,+X
64.3360,-1.384449,-9.200180,-3.141592,DRIVE_LANE,1,NONE,-4.9955,-4.9955,+X
64.3520,-1.376456,-9.200180,-3.141592,DRIVE_LANE,1,NONE,-4.9955,-4.9955,+X
64.3680,-1.368463,-9.200180,-3.141592,DRIVE_LANE,1,NONE,-4.9955,-4.9955,+X
64.3840,-1.360470,-9.200180,-3.141592,DRIVE_LANE,1,NONE,-4.9955,-4.9955,+X
64.4000,-1.352477,-9.200180,-3.141592,DRIVE_LANE,1,NONE,-4.9955,-4.9955,+X
64.4160,-1.344485,-9.200180,-3.141592,DRIVE_LANE,1,NONE,-4.9955,-4.9955,+X
64.4320,-1.336492,-9.200180,-3.141592,DRIVE_LANE,1,NONE,-4.9955,-4.9955,+X
64.4480,-1.328499,-9.200180,-3.141592,DRIVE_LANE,1,NONE,-4.9955,-4.9955,+X
64.4640,-1.320506,-9.200180,-3.141592,DRIVE_LANE,1,NONE,-4.9955,-4.9955,+X
64.4800,-1.312513,-9.200180,-3.141592,DRIVE_LANE,1,NONE,-4.9955,-4.9955,+X
64.4960,-1.304520,-9.200180,-3.141592,DRIVE_LANE,1,NONE,-4.9955,-4.9955,+X
64.5120,-1.296528,-9.200180,-3.141592,DRIVE_LANE,1,NONE,-4.9955,-4.9955,+X
64.5280,-1.288535,-9.200180,-3.141592,DRIVE_LANE,1,NONE,-4.9955,-4.9955,+X
64.5440,-1.280542,-9.200180,-3.141592,DRIVE_LANE,1,NONE,-4.9955,-4.9955,+X
64.5600,-1.272549,-9.200180,-3.141592,DRIVE_LANE,1,NONE,-4.9955,-4.9955,+X
64.5760,-1.264556,-9.200180,-3.141592,DRIVE_LANE,1,NONE,-4.9955,-4.9955,+X
64.5920,-1.256563,-9.200180,-3.141592,DRIVE_LANE,1,NONE,-4.9955,-4.9955,+X
64.6080,-1.248571,-9.200180,-3.141592,DRIVE_LANE,1,NONE,-4.9955,-4.9955,+X
64.6240,-1.240578,-9.200180,-3.141592,DRIVE_LANE,1,NONE,-4.9955,-4.9955,+X
64.6400,-1.232585,-9.200180,-3.141592,DRIVE_LANE,1,NONE,-4.9955,-4.9955,+X
64.6560,-1.224592,-9.200180,-3.141592,DRIVE_LANE,1,NONE,-4.9955,-4.9955,+X
64.6720,-1.216599,-9.200180,-3.141592,DRIVE_LANE,1,NONE,-4.9955,-4.9955,+X
64.6880,-1.208606,-9.200180,-3.141592,DRIVE_LANE,1,NONE,-4.9955,-4.9955,+X
64.7040,-1.200614,-9.200180,-3.141592,DRIVE_LANE,1,NONE,-4.9955,-4.9955,+X
64.7200,-1.192621,-9.200180,-3.141592,DRIVE_LANE,1,NONE,-4.9955,-4.9955,+X
64.7360,-1.184628,-9.200180,-3.141592,DRIVE_LANE,1,NONE,-4.9955,-4.9955,+X
64.7520,-1.176635,-9.200180,-3.141592,DRIVE_LANE,1,NONE,-4.9955,-4.9955,+X
64.7680,-1.168642,-9.200180,-3.141592,DRIVE_LANE,1,NONE,-4.9955,-4.9955,+X
64.7840,-1.160649,-9.200180,-3.141592,DRIVE_LANE,1,NONE,-4.9955,-4.9955,+X
64.8000,-1.152657,-9.200180,-3.141592,DRIVE_LANE,1,NONE,-4.9955,-4.9955,+X
64.8160,-1.144664,-9.200180,-3.141592,DRIVE_LANE,1,NONE,-4.9955,-4.9955,+X
64.8320,-1.136671,-9.200180,-3.141592,DRIVE_LANE,1,NONE,-4.9955,-4.9955,+X
64.8480,-1.128678,-9.200180,-3.141592,DRIVE_LANE,1,NONE,-4.9955,-4.9955,+X
64.8640,-1.120685,-9.200180,-3.141592,DRIVE_LANE,1,NONE,-4.9955,-4.9955,+X
64.8800,-1.112692,-9.200180,-3.141592,DRIVE_LANE,1,NONE,-4.9955,-4.9955,+X
64.8960,-1.104699,-9.200180,-3.141592,DRIVE_LANE,1,NONE,-4.9955,-4.9955,+X
64.9120,-1.096707,-9.200180,-3.141592,DRIVE_LANE,1,NONE,-4.9955,-4.9955,+X
64.9280,-1.088714,-9.200180,-3.141592,DRIVE_LANE,1,NONE,-4.9955,-4.9955,+X
64.9440,-1.080721,-9.200180,-3.141592,DRIVE_LANE,1,NONE,-4.9955,-4.9955,+X
64.9600,-1.072728,-9.200180,-3.141592,DRIVE_LANE,1,NONE,-4.9955,-4.9955,+X
64.9760,-1.064735,-9.200180,-3.141592,DRIVE_LANE,1,NONE,-4.9955,-4.9955,+X
64.9920,-1.056742,-9.200180,-3.141592,DRIVE_LANE,1,NONE,-4.9955,-4.9955,+X
65.0080,-1.048750,-9.200180,-3.141592,DRIVE_LANE,1,NONE,-4.9955,-4.9955,+X
65.0240,-1.040757,-9.200180,-3.141592,DRIVE_LANE,1,NONE,-4.9955,-4.9955,+X
65.0400,-1.032764,-9.200180,-3.141592,DRIVE_LANE,1,NONE,-4.9955,-4.9955,+X
65.0560,-1.024771,-9.200180,-3.141592,DRIVE_LANE,1,NONE,-4.9955,-4.9955,+X
65.0720,-1.016778,-9.200180,-3.141592,DRIVE_LANE,1,NONE,-4.9955,-4.9955,+X
65.0880,-1.008785,-9.200180,-3.141592,DRIVE_LANE,1,NONE,-4.9955,-4.9955,+X
65.1040,-1.000793,-9.200180,-3.141592,DRIVE_LANE,1,NONE,-4.9955,-4.9955,+X
65.1200,-0.992800,-9.200180,-3.141592,DRIVE_LANE,1,NONE,-4.9955,-4.9955,+X
65.1360,-0.984807,-9.200180,-3.141592,DRIVE_LANE,1,NONE,-4.9955,-4.9955,+X
65.1520,-0.976814,-9.200180,-3.141592,DRIVE_LANE,1,NONE,-4.9955,-4.9955,+X
65.1680,-0.968821,-9.200180,-3.141592,DRIVE_LANE,1,NONE,-4.9955,-4.9955,+X
65.1840,-0.960828,-9.200180,-3.141592,DRIVE_LANE,1,NONE,-4.9955,-4.9955,+X
65.2000,-0.952835,-9.200180,-3.141592,DRIVE_LANE,1,NONE,-4.9955,-4.9955,+X
65.2160,-0.944843,-9.200180,-3.141592,DRIVE_LANE,1,NONE,-4.9955,-4.9955,+X
65.2320,-0.936850,-9.200180,-3.141592,DRIVE_LANE,1,NONE,-4.9955,-4.9955,+X
65.2480,-0.928857,-9.200180,-3.141592,DRIVE_LANE,1,NONE,-4.9955,-4.9955,+X
65.2640,-0.920864,-9.200180,-3.141592,DRIVE_LANE,1,NONE,-4.9955,-4.9955,+X
65.2800,-0.912871,-9.200180,-3.141592,DRIVE_LANE,1,NONE,-4.9955,-4.9955,+X
65.2960,-0.904878,-9.200180,-3.141592,DRIVE_LANE,1,NONE,-4.9955,-4.9955,+X
65.3120,-0.896886,-9.200180,-3.141592,DRIVE_LANE,1,NONE,-4.9955,-4.9955,+X
65.3280,-0.888893,-9.200180,-3.141592,DRIVE_LANE,1,NONE,-4.9955,-4.9955,+X
65.3440,-0.880900,-9.200180,-3.141592,DRIVE_LANE,1,NONE,-4.9955,-4.9955,+X
65.3600,-0.872907,-9.200180,-3.141592,DRIVE_LANE,1,NONE,-4.9955,-4.9955,+X
65.3760,-0.864914,-9.200180,-3.141592,DRIVE_LANE,1,NONE,-4.9955,-4.9955,+X
65.3920,-0.856921,-9.200180,-3.141592,DRIVE_LANE,1,NONE,-4.9955,-4.9955,+X
65.4080,-0.848929,-9.200180,-3.141592,DRIVE_LANE,1,NONE,-4.9955,-4.9955,+X
65.4240,-0.840936,-9.200180,-3.141592,DRIVE_LANE,1,NONE,-4.9955,-4.9955,+X
65.4400,-0.832943,-9.200180,-3.141592,DRIVE_LANE,1,NONE,-4.9955,-4.9955,+X
65.4560,-0.824950,-9.200180,-3.141592,DRIVE_LANE,1,NONE,-4.9955,-4.9955,+X
65.4720,-0.816957,-9.200180,-3.141592,DRIVE_LANE,1,NONE,-4.9955,-4.9955,+X
65.4880,-0.808964,-9.200179,-3.141592,DRIVE_LANE,1,NONE,-4.9955,-4.9955,+X
65.5040,-0.800971,-9.200179,-3.141592,DRIVE_LANE,1,NONE,-4.9955,-4.9955,+X
65.5200,-0.792979,-9.200179,-3.141592,DRIVE_LANE,1,NONE,-4.9955,-4.9955,+X
65.5360,-0.784986,-9.200179,-3.141592,DRIVE_LANE,1,NONE,-4.9955,-4.9955,+X
65.5520,-0.776993,-9.200179,-3.141592,DRIVE_LANE,1,NONE,-4.9955,-4.9955,+X
65.5680,-0.769000,-9.200179,-3.141592,DRIVE_LANE,1,NONE,-4.9955,-4.9955,+X
65.5840,-0.761007,-9.200179,-3.141592,DRIVE_LANE,1,NONE,-4.9955,-4.9955,+X
65.6000,-0.753014,-9.200179,-3.141592,DRIVE_LANE,1,NONE,-4.9955,-4.9955,+X
65.6160,-0.745021,-9.200179,-3.141592,DRIVE_LANE,1,NONE,-4.9955,-4.9955,+X
65.6320,-0.737029,-9.200179,-3.141592,DRIVE_LANE,1,NONE,-4.9955,-4.9955,+X
65.6480,-0.729036,-9.200179,-3.141592,DRIVE_LANE,1,NONE,-4.9955,-4.9955,+X
65.6640,-0.721043,-9.200179,-3.141592,DRIVE_LANE,1,NONE,-4.9955,-4.9955,+X
65.6800,-0.713050,-9.200179,-3.141592,DRIVE_LANE,1,NONE,-4.9955,-4.9955,+X
65.6960,-0.705057,-9.200179,-3.141592,DRIVE_LANE,1,NONE,-4.9955,-4.9955,+X
65.7120,-0.697064,-9.200179,-3.141592,DRIVE_LANE,1,NONE,-4.9955,-4.9955,+X
65.7280,-0.689072,-9.200179,-3.141592,DRIVE_LANE,1,NONE,-4.9955,-4.9955,+X
65.7440,-0.681079,-9.200179,-3.141592,DRIVE_LANE,1,NONE,-4.9955,-4.9955,+X
65.7600,-0.673086,-9.200179,-3.141592,DRIVE_LANE,1,NONE,-4.9955,-4.9955,+X
65.7760,-0.665093,-9.200179,-3.141592,DRIVE_LANE,1,NONE,-4.9955,-4.9955,+X
65.7920,-0.657100,-9.200179,-3.141592,DRIVE_LANE,1,NONE,-4.9955,-4.9955,+X
65.8080,-0.649107,-9.200179,-3.141592,DRIVE_LANE,1,NONE,-4.9955,-4.9955,+X
65.8240,-0.641114,-9.200179,-3.141592,DRIVE_LANE,1,NONE,-4.9955,-4.9955,+X
65.8400,-0.633122,-9.200179,-3.141592,DRIVE_LANE,1,NONE,-4.9955,-4.9955,+X
65.8560,-0.625129,-9.200179,-3.141592,DRIVE_LANE,1,NONE,-4.9955,-4.9955,+X
65.8720,-0.617136,-9.200179,-3.141592,DRIVE_LANE,1,NONE,-4.9955,-4.9955,+X
65.8880,-0.609143,-9.200179,-3.141592,DRIVE_LANE,1,NONE,-4.9955,-4.9955,+X
65.9040,-0.601150,-9.200179,-3.141592,DRIVE_LANE,1,NONE,-4.9955,-4.9955,+X
65.9200,-0.593157,-9.200179,-3.141592,DRIVE_LANE,1,NONE,-4.9955,-4.9955,+X
65.9360,-0.585164,-9.200179,-3.141592,DRIVE_LANE,1,NONE,-4.9955,-4.9955,+X
65.9520,-0.577172,-9.200179,-3.141592,DRIVE_LANE,1,NONE,-4.9955,-4.9955,+X
65.9680,-0.569179,-9.200179,-3.141592,DRIVE_LANE,1,NONE,-4.9955,-4.9955,+X
65.9840,-0.561186,-9.200179,-3.141592,DRIVE_LANE,1,NONE,-4.9955,-4.9955,+X
66.0000,-0.553193,-9.200179,-3.141592,DRIVE_LANE,1,NONE,-4.9955,-4.9955,+X
66.0160,-0.545200,-9.200179,-3.141592,DRIVE_LANE,1,NONE,-4.9955,-4.9955,+X
66.0320,-0.537207,-9.200179,-3.141592,DRIVE_LANE,1,NONE,-4.9955,-4.9955,+X
66.0480,-0.529214,-9.200179,-3.141592,DRIVE_LANE,1,NONE,-4.9955,-4.9955,+X
66.0640,-0.521222,-9.200179,-3.141592,DRIVE_LANE,1,NONE,-4.9955,-4.9955,+X
66.0800,-0.513229,-9.200179,-3.141592,DRIVE_LANE,1,NONE,-4.9955,-4.9955,+X
66.0960,-0.505236,-9.200179,-3.141592,DRIVE_LANE,1,NONE,-4.9955,-4.9955,+X
66.1120,-0.497243,-9.200179,-3.141592,DRIVE_LANE,1,NONE,-4.9955,-4.9955,+X
66.1280,-0.489250,-9.200179,-3.141592,DRIVE_LANE,1,NONE,-4.9955,-4.9955,+X
66.1440,-0.481257,-9.200179,-3.141592,DRIVE_LANE,1,NONE,-4.9955,-4.9955,+X
66.1600,-0.473265,-9.200179,-3.141592,DRIVE_LANE,1,NONE,-4.9955,-4.9955,+X
66.1760,-0.465272,-9.200179,-3.141592,DRIVE_LANE,1,NONE,-4.9955,-4.9955,+X
66.1920,-0.457279,-9.200179,-3.141592,DRIVE_LANE,1,NONE,-4.9955,-4.9955,+X
66.2080,-0.449286,-9.200179,-3.141592,DRIVE_LANE,1,NONE,-4.9955,-4.9955,+X
66.2240,-0.441293,-9.200179,-3.141592,DRIVE_LANE,1,NONE,-4.9955,-4.9955,+X
66.2400,-0.433300,-9.200179,-3.141592,DRIVE_LANE,1,NONE,-4.9955,-4.9955,+X
66.2560,-0.425307,-9.200179,-3.141592,DRIVE_LANE,1,NONE,-4.9955,-4.9955,+X
66.2720,-0.417315,-9.200179,-3.141592,DRIVE_LANE,1,NONE,-4.9955,-4.9955,+X
66.2880,-0.409322,-9.200179,-3.141592,DRIVE_LANE,1,NONE,-4.9955,-4.9955,+X
66.3040,-0.401329,-9.200179,-3.141592,DRIVE_LANE,1,NONE,-4.9955,-4.9955,+X
66.3200,-0.393336,-9.200179,-3.141592,DRIVE_LANE,1,NONE,-4.9955,-4.9955,+X
66.3360,-0.385343,-9.200179,-3.141592,DRIVE_LANE,1,NONE,-4.9955,-4.9955,+X
66.3520,-0.377350,-9.200179,-3.141592,DRIVE_LANE,1,NONE,-4.9955,-4.9955,+X
66.3680,-0.369357,-9.200179,-3.141592,DRIVE_LANE,1,NONE,-4.9955,-4.9955,+X
66.3840,-0.361365,-9.200179,-3.141592,DRIVE_LANE,1,NONE,-4.9955,-4.9955,+X
66.4000,-0.353372,-9.200179,-3.141592,DRIVE_LANE,1,NONE,-4.9955,-4.9955,+X
66.4160,-0.345379,-9.200179,-3.141592,DRIVE_LANE,1,NONE,-4.9955,-4.9955,+X
66.4320,-0.337386,-9.200179,-3.141592,DRIVE_LANE,1,NONE,-4.9955,-4.9955,+X
66.4480,-0.329393,-9.200179,-3.141592,DRIVE_LANE,1,NONE,-4.9955,-4.9955,+X
66.4640,-0.321400,-9.200179,-3.141592,DRIVE_LANE,1,NONE,-4.9955,-4.9955,+X
66.4800,-0.313407,-9.200179,-3.141592,DRIVE_LANE,1,NONE,-4.9955,-4.9955,+X
66.4960,-0.305414,-9.200179,-3.141592,DRIVE_LANE,1,NONE,-4.9955,-4.9955,+X
66.5120,-0.297422,-9.200179,-3.141592,DRIVE_LANE,1,NONE,-4.9955,-4.9955,+X
66.5280,-0.289429,-9.200179,-3.141592,DRIVE_LANE,1,NONE,-4.9955,-4.9955,+X
66.5440,-0.281436,-9.200179,-3.141592,DRIVE_LANE,1,NONE,-4.9955,-4.9955,+X
66.5600,-0.273443,-9.200179,-3.141592,DRIVE_LANE,1,NONE,-4.9955,-4.9955,+X
66.5760,-0.265450,-9.200179,-3.141592,DRIVE_LANE,1,NONE,-4.9955,-4.9955,+X
66.5920,-0.257457,-9.200179,-3.141592,DRIVE_LANE,1,NONE,-4.9955,-4.9955,+X
66.6080,-0.249464,-9.200179,-3.141592,DRIVE_LANE,1,NONE,-4.9955,-4.9955,+X
66.6240,-0.241472,-9.200179,-3.141592,DRIVE_LANE,1,NONE,-4.9955,-4.9955,+X
66.6400,-0.233479,-9.200179,-3.141592,DRIVE_LANE,1,NONE,-4.9955,-4.9955,+X
66.6560,-0.225486,-9.200179,-3.141592,DRIVE_LANE,1,NONE,-4.9955,-4.9955,+X
66.6720,-0.217493,-9.200179,-3.141592,DRIVE_LANE,1,NONE,-4.9955,-4.9955,+X
66.6880,-0.209500,-9.200179,-3.141592,DRIVE_LANE,1,NONE,-4.9955,-4.9955,+X
66.7040,-0.201507,-9.200179,-3.141592,DRIVE_LANE,1,NONE,-4.9955,-4.9955,+X
66.7200,-0.193514,-9.200179,-3.141592,DRIVE_LANE,1,NONE,-4.9955,-4.9955,+X
66.7360,-0.185522,-9.200179,-3.141592,DRIVE_LANE,1,NONE,-4.9955,-4.9955,+X
66.7520,-0.177529,-9.200179,-3.141592,DRIVE_LANE,1,NONE,-4.9955,-4.9955,+X
66.7680,-0.169536,-9.200179,-3.141592,DRIVE_LANE,1,NONE,-4.9955,-4.9955,+X
66.7840,-0.161543,-9.200179,-3.141592,DRIVE_LANE,1,NONE,-4.9955,-4.9955,+X
66.8000,-0.153550,-9.200179,-3.141592,DRIVE_LANE,1,NONE,-4.9955,-4.9955,+X
66.8160,-0.145557,-9.200179,-3.141592,DRIVE_LANE,1,NONE,-4.9955,-4.9955,+X
66.8320,-0.137564,-9.200179,-3.141592,DRIVE_LANE,1,NONE,-4.9955,-4.9955,+X
66.8480,-0.129572,-9.200179,-3.141592,DRIVE_LANE,1,NONE,-4.9955,-4.9955,+X
66.8640,-0.121579,-9.200179,-3.141592,DRIVE_LANE,1,NONE,-4.9955,-4.9955,+X
66.8800,-0.113586,-9.200179,-3.141592,DRIVE_LANE,1,NONE,-4.9955,-4.9955,+X
66.8960,-0.105593,-9.200179,-3.141592,DRIVE_LANE,1,NONE,-4.9955,-4.9955,+X
66.9120,-0.097600,-9.200179,-3.141592,DRIVE_LANE,1,NONE,-4.9955,-4.9955,+X
66.9280,-0.089607,-9.200179,-3.141592,DRIVE_LANE,1,NONE,-4.9955,-4.9955,+X
66.9440,-0.081614,-9.200179,-3.141592,DRIVE_LANE,1,NONE,-4.9955,-4.9955,+X
66.9600,-0.073621,-9.200179,-3.141592,DRIVE_LANE,1,NONE,-4.9955,-4.9955,+X
66.9760,-0.065629,-9.200179,-3.141592,DRIVE_LANE,1,NONE,-4.9955,-4.9955,+X
66.9920,-0.057636,-9.200179,-3.141592,DRIVE_LANE,1,NONE,-4.9955,-4.9955,+X
67.0080,-0.049643,-9.200179,-3.141592,DRIVE_LANE,1,NONE,-4.9955,-4.9955,+X
67.0240,-0.041650,-9.200179,-3.141592,DRIVE_LANE,1,NONE,-4.9955,-4.9955,+X
67.0400,-0.033657,-9.200179,-3.141592,DRIVE_LANE,1,NONE,-4.9955,-4.9955,+X
67.0560,-0.025664,-9.200179,-3.141592,DRIVE_LANE,1,NONE,-4.9955,-4.9955,+X
67.0720,-0.017671,-9.200179,-3.141592,DRIVE_LANE,1,NONE,-4.9955,-4.9955,+X
67.0880,-0.009679,-9.200179,-3.141592,DRIVE_LANE,1,NONE,-4.9955,-4.9955,+X
67.1040,-0.001686,-9.200179,-3.141592,DRIVE_LANE,1,NONE,-4.9955,-4.9955,+X
67.1200,0.006307,-9.200179,-3.141592,DRIVE_LANE,1,NONE,-4.9955,-4.9955,+X
67.1360,0.014300,-9.200179,-3.141592,DRIVE_LANE,1,NONE,-4.9955,-4.9955,+X
67.1520,0.022293,-9.200179,-3.141592,DRIVE_LANE,1,NONE,-4.9955,-4.9955,+X
67.1680,0.030286,-9.200179,-3.141592,DRIVE_LANE,1,NONE,-4.9955,-4.9955,+X
67.1840,0.038279,-9.200179,-3.141592,DRIVE_LANE,1,NONE,-4.9955,-4.9955,+X
67.2000,0.046272,-9.200179,-3.141592,DRIVE_LANE,1,NONE,-4.9955,-4.9955,+X
67.2160,0.054264,-9.200179,-3.141592,DRIVE_LANE,1,NONE,-4.9955,-4.9955,+X
67.2320,0.062257,-9.200179,-3.141592,DRIVE_LANE,1,NONE,-4.9955,-4.9955,+X
67.2480,0.070250,-9.200179,-3.141592,DRIVE_LANE,1,NONE,-4.9955,-4.9955,+X
67.2640,0.078243,-9.200179,-3.141592,DRIVE_LANE,1,NONE,-4.9955,-4.9955,+X
67.2800,0.086236,-9.200179,-3.141592,DRIVE_LANE,1,NONE,-4.9955,-4.9955,+X
67.2960,0.094229,-9.200179,-3.141592,DRIVE_LANE,1,NONE,-4.9955,-4.9955,+X
67.3120,0.102222,-9.200179,-3.141592,DRIVE_LANE,1,NONE,-4.9955,-4.9955,+X
67.3280,0.110214,-9.200179,-3.141592,DRIVE_LANE,1,NONE,-4.9955,-4.9955,+X
67.3440,0.118207,-9.200179,-3.141592,DRIVE_LANE,1,NONE,-4.9955,-4.9955,+X
67.3600,0.126200,-9.200179,-3.141592,DRIVE_LANE,1,NONE,-4.9955,-4.9955,+X
67.3760,0.134193,-9.200179,-3.141592,DRIVE_LANE,1,NONE,-4.9955,-4.9955,+X
67.3920,0.142186,-9.200179,-3.141592,DRIVE_LANE,1,NONE,-4.9955,-4.9955,+X
67.4080,0.150179,-9.200179,-3.141592,DRIVE_LANE,1,NONE,-4.9955,-4.9955,+X
67.4240,0.158172,-9.200179,-3.141592,DRIVE_LANE,1,NONE,-4.9955,-4.9955,+X
67.4400,0.166165,-9.200179,-3.141592,DRIVE_LANE,1,NONE,-4.9955,-4.9955,+X
67.4560,0.174157,-9.200179,-3.141592,DRIVE_LANE,1,NONE,-4.9955,-4.9955,+X
67.4720,0.182150,-9.200179,-3.141592,DRIVE_LANE,1,NONE,-4.9955,-4.9955,+X
67.4880,0.190143,-9.200179,-3.141592,DRIVE_LANE,1,NONE,-4.9955,-4.9955,+X
67.5040,0.198136,-9.200179,-3.141592,DRIVE_LANE,1,NONE,-4.9955,-4.9955,+X
67.5200,0.206129,-9.200179,-3.141592,DRIVE_LANE,1,NONE,-4.9955,-4.9955,+X
67.5360,0.214122,-9.200179,-3.141592,DRIVE_LANE,1,NONE,-4.9955,-4.9955,+X
67.5520,0.222115,-9.200179,-3.141592,DRIVE_LANE,1,NONE,-4.9955,-4.9955,+X
67.5680,0.230108,-9.200179,-3.141592,DRIVE_LANE,1,NONE,-4.9955,-4.9955,+X
67.5840,0.238100,-9.200179,-3.141592,DRIVE_LANE,1,NONE,-4.9955,-4.9955,+X
67.6000,0.246093,-9.200179,-3.141592,DRIVE_LANE,1,NONE,-4.9955,-4.9955,+X
67.6160,0.254086,-9.200179,-3.141592,DRIVE_LANE,1,NONE,-4.9955,-4.9955,+X
67.6320,0.262079,-9.200179,-3.141592,DRIVE_LANE,1,NONE,-4.9955,-4.9955,+X
67.6480,0.270072,-9.200179,-3.141592,DRIVE_LANE,1,NONE,-4.9955,-4.9955,+X
67.6640,0.278065,-9.200179,-3.141592,DRIVE_LANE,1,NONE,-4.9955,-4.9955,+X
67.6800,0.286058,-9.200179,-3.141592,DRIVE_LANE,1,NONE,-4.9955,-4.9955,+X
67.6960,0.294051,-9.200179,-3.141592,DRIVE_LANE,1,NONE,-4.9955,-4.9955,+X
67.7120,0.302043,-9.200179,-3.141592,DRIVE_LANE,1,NONE,-4.9955,-4.9955,+X
67.7280,0.310036,-9.200179,-3.141592,DRIVE_LANE,1,NONE,-4.9955,-4.9955,+X
67.7440,0.318029,-9.200179,-3.141592,DRIVE_LANE,1,NONE,-4.9955,-4.9955,+X
67.7600,0.326022,-9.200179,-3.141592,DRIVE_LANE,1,NONE,-4.9955,-4.9955,+X
67.7760,0.334015,-9.200179,-3.141592,DRIVE_LANE,1,NONE,-4.9955,-4.9955,+X
67.7920,0.342008,-9.200179,-3.141592,DRIVE_LANE,1,NONE,-4.9955,-4.9955,+X
67.8080,0.350001,-9.200179,-3.141592,DRIVE_LANE,1,NONE,-4.9955,-4.9955,+X
67.8240,0.357994,-9.200179,-3.141592,DRIVE_LANE,1,NONE,-4.9955,-4.9955,+X
67.8400,0.365986,-9.200179,-3.141592,DRIVE_LANE,1,NONE,-4.9955,-4.9955,+X
67.8560,0.373979,-9.200179,-3.141592,DRIVE_LANE,1,NONE,-4.9955,-4.9955,+X
67.8720,0.381972,-9.200179,-3.141592,DRIVE_LANE,1,NONE,-4.9955,-4.9955,+X
67.8880,0.389965,-9.200179,-3.141592,DRIVE_LANE,1,NONE,-4.9955,-4.9955,+X
67.9040,0.397958,-9.200179,-3.141592,DRIVE_LANE,1,NONE,-4.9955,-4.9955,+X
67.9200,0.405951,-9.200179,-3.141592,DRIVE_LANE,1,NONE,-4.9955,-4.9955,+X
67.9360,0.413944,-9.200179,-3.141592,DRIVE_LANE,1,NONE,-4.9955,-4.9955,+X
67.9520,0.421937,-9.200179,-3.141592,DRIVE_LANE,1,NONE,-4.9955,-4.9955,+X
67.9680,0.429929,-9.200179,-3.141592,DRIVE_LANE,1,NONE,-4.9955,-4.9955,+X
67.9840,0.437922,-9.200179,-3.141592,DRIVE_LANE,1,NONE,-4.9955,-4.9955,+X
68.0000,0.445915,-9.200179,-3.141592,DRIVE_LANE,1,NONE,-4.9955,-4.9955,+X
68.0160,0.453908,-9.200179,-3.141592,DRIVE_LANE,1,NONE,-4.9955,-4.9955,+X
68.0320,0.461901,-9.200179,-3.141592,DRIVE_LANE,1,NONE,-4.9955,-4.9955,+X
68.0480,0.469894,-9.200179,-3.141592,DRIVE_LANE,1,NONE,-4.9955,-4.9955,+X
68.0640,0.477887,-9.200179,-3.141592,DRIVE_LANE,1,NONE,-4.9955,-4.9955,+X
68.0800,0.485880,-9.200179,-3.141592,DRIVE_LANE,1,NONE,-4.9955,-4.9955,+X
68.0960,0.493872,-9.200179,-3.141592,DRIVE_LANE,1,NONE,-4.9955,-4.9955,+X
68.1120,0.501865,-9.200179,-3.141592,DRIVE_LANE,1,NONE,-4.9955,-4.9955,+X
68.1280,0.509858,-9.200179,-3.141592,DRIVE_LANE,1,NONE,-4.9955,-4.9955,+X
68.1440,0.517851,-9.200179,-3.141592,DRIVE_LANE,1,NONE,-4.9955,-4.9955,+X
68.1600,0.525844,-9.200179,-3.141592,DRIVE_LANE,1,NONE,-4.9955,-4.9955,+X
68.1760,0.533837,-9.200179,-3.141592,DRIVE_LANE,1,NONE,-4.9955,-4.9955,+X
68.1920,0.541830,-9.200179,-3.141592,DRIVE_LANE,1,NONE,-4.9955,-4.9955,+X
68.2080,0.549823,-9.200179,-3.141592,DRIVE_LANE,1,NONE,-4.9956,-4.9956,+X
68.2240,0.557815,-9.200179,-3.141592,DRIVE_LANE,1,NONE,-4.9956,-4.9956,+X
68.2400,0.565808,-9.200179,-3.141592,DRIVE_LANE,1,NONE,-4.9956,-4.9956,+X
68.2560,0.573801,-9.200178,-3.141592,DRIVE_LANE,1,NONE,-4.9956,-4.9956,+X
68.2720,0.581794,-9.200178,-3.141592,DRIVE_LANE,1,NONE,-4.9956,-4.9956,+X
68.2880,0.589787,-9.200178,-3.141592,DRIVE_LANE,1,NONE,-4.9956,-4.9956,+X
68.3040,0.597780,-9.200178,-3.141592,DRIVE_LANE,1,NONE,-4.9956,-4.9956,+X
68.3200,0.605773,-9.200178,-3.141592,DRIVE_LANE,1,NONE,-4.9956,-4.9956,+X
68.3360,0.613766,-9.200178,-3.141592,DRIVE_LANE,1,NONE,-4.9956,-4.9956,+X
68.3520,0.621759,-9.200178,-3.141592,DRIVE_LANE,1,NONE,-4.9956,-4.9956,+X
68.3680,0.629751,-9.200178,-3.141592,DRIVE_LANE,1,NONE,-4.9956,-4.9956,+X
68.3840,0.637744,-9.200178,-3.141592,DRIVE_LANE,1,NONE,-4.9956,-4.9956,+X
68.4000,0.645737,-9.200178,-3.141592,DRIVE_LANE,1,NONE,-4.9956,-4.9956,+X
68.4160,0.653730,-9.200178,-3.141592,DRIVE_LANE,1,NONE,-4.9956,-4.9956,+X
68.4320,0.661723,-9.200178,-3.141592,DRIVE_LANE,1,NONE,-4.9956,-4.9956,+X
68.4480,0.669716,-9.200178,-3.141592,DRIVE_LANE,1,NONE,-4.9956,-4.9956,+X
68.4640,0.677709,-9.200178,-3.141592,DRIVE_LANE,1,NONE,-4.9956,-4.9956,+X
68.4800,0.685702,-9.200178,-3.141592,DRIVE_LANE,1,NONE,-4.9956,-4.9956,+X
68.4960,0.693694,-9.200178,-3.141592,DRIVE_LANE,1,NONE,-4.9956,-4.9956,+X
68.5120,0.701687,-9.200178,-3.141592,DRIVE_LANE,1,NONE,-4.9956,-4.9956,+X
68.5280,0.709680,-9.200178,-3.141592,DRIVE_LANE,1,NONE,-4.9956,-4.9956,+X
68.5440,0.717673,-9.200178,-3.141592,DRIVE_LANE,1,NONE,-4.9956,-4.9956,+X
68.5600,0.725666,-9.200178,-3.141592,DRIVE_LANE,1,NONE,-4.9956,-4.9956,+X
68.5760,0.733659,-9.200178,-3.141592,DRIVE_LANE,1,NONE,-4.9956,-4.9956,+X
68.5920,0.741652,-9.200178,-3.141592,DRIVE_LANE,1,NONE,-4.9956,-4.9956,+X
68.6080,0.749645,-9.200178,-3.141592,DRIVE_LANE,1,NONE,-4.9956,-4.9956,+X
68.6240,0.757638,-9.200178,-3.141592,DRIVE_LANE,1,NONE,-4.9956,-4.9956,+X
68.6400,0.765630,-9.200178,-3.141592,DRIVE_LANE,1,NONE,-4.9956,-4.9956,+X
68.6560,0.773623,-9.200178,-3.141592,DRIVE_LANE,1,NONE,-4.9956,-4.9956,+X
68.6720,0.781616,-9.200178,-3.141592,DRIVE_LANE,1,NONE,-4.9956,-4.9956,+X
68.6880,0.789609,-9.200178,-3.141592,DRIVE_LANE,1,NONE,-4.9956,-4.9956,+X
68.7040,0.797602,-9.200178,-3.141592,DRIVE_LANE,1,NONE,-4.9956,-4.9956,+X
68.7200,0.805595,-9.200178,-3.141592,DRIVE_LANE,1,NONE,-4.9956,-4.9956,+X
68.7360,0.813588,-9.200178,-3.141592,DRIVE_LANE,1,NONE,-4.9956,-4.9956,+X
68.7520,0.821581,-9.200178,-3.141592,DRIVE_LANE,1,NONE,-4.9956,-4.9956,+X
68.7680,0.829574,-9.200178,-3.141592,DRIVE_LANE,1,NONE,-4.9956,-4.9956,+X
68.7840,0.837566,-9.200178,-3.141592,DRIVE_LANE,1,NONE,-4.9956,-4.9956,+X
68.8000,0.845559,-9.200178,-3.141592,DRIVE_LANE,1,NONE,-4.9956,-4.9956,+X
68.8160,0.853552,-9.200178,-3.141592,DRIVE_LANE,1,NONE,-4.9956,-4.9956,+X
68.8320,0.861545,-9.200178,-3.141592,DRIVE_LANE,1,NONE,-4.9956,-4.9956,+X
68.8480,0.869538,-9.200178,-3.141592,DRIVE_LANE,1,NONE,-4.9956,-4.9956,+X
68.8640,0.877531,-9.200178,-3.141592,DRIVE_LANE,1,NONE,-4.9956,-4.9956,+X
68.8800,0.885524,-9.200178,-3.141592,DRIVE_LANE,1,NONE,-4.9956,-4.9956,+X
68.8960,0.893517,-9.200178,-3.141592,DRIVE_LANE,1,NONE,-4.9956,-4.9956,+X
68.9120,0.901510,-9.200178,-3.141592,DRIVE_LANE,1,NONE,-4.9956,-4.9956,+X
68.9280,0.909502,-9.200178,-3.141592,DRIVE_LANE,1,NONE,-4.9956,-4.9956,+X
68.9440,0.917495,-9.200178,-3.141592,DRIVE_LANE,1,NONE,-4.9956,-4.9956,+X
68.9600,0.925488,-9.200178,-3.141592,DRIVE_LANE,1,NONE,-4.9956,-4.9956,+X
68.9760,0.933481,-9.200178,-3.141592,DRIVE_LANE,1,NONE,-4.9956,-4.9956,+X
68.9920,0.941474,-9.200178,-3.141592,DRIVE_LANE,1,NONE,-4.9956,-4.9956,+X
69.0080,0.949467,-9.200178,-3.141592,DRIVE_LANE,1,NONE,-4.9956,-4.9956,+X
69.0240,0.957460,-9.200178,-3.141592,DRIVE_LANE,1,NONE,-4.9956,-4.9956,+X
69.0400,0.965453,-9.200178,-3.141592,DRIVE_LANE,1,NONE,-4.9956,-4.9956,+X
69.0560,0.973446,-9.200178,-3.141592,DRIVE_LANE,1,NONE,-4.9956,-4.9956,+X
69.0720,0.981438,-9.200178,-3.141592,DRIVE_LANE,1,NONE,-4.9956,-4.9956,+X
69.0880,0.989431,-9.200178,-3.141592,DRIVE_LANE,1,NONE,-4.9956,-4.9956,+X
69.1040,0.997424,-9.200178,-3.141592,DRIVE_LANE,1,NONE,-4.9956,-4.9956,+X
69.1200,1.005417,-9.200178,-3.141592,DRIVE_LANE,1,NONE,-4.9956,-4.9956,+X
69.1360,1.013410,-9.200178,-3.141592,DRIVE_LANE,1,NONE,-4.9956,-4.9956,+X
69.1520,1.021403,-9.200178,-3.141592,DRIVE_LANE,1,NONE,-4.9956,-4.9956,+X
69.1680,1.029396,-9.200178,-3.141592,DRIVE_LANE,1,NONE,-4.9956,-4.9956,+X
69.1840,1.037389,-9.200178,-3.141592,DRIVE_LANE,1,NONE,-4.9956,-4.9956,+X
69.2000,1.045382,-9.200178,-3.141592,DRIVE_LANE,1,NONE,-4.9956,-4.9956,+X
69.2160,1.053374,-9.200178,-3.141592,DRIVE_LANE,1,NONE,-4.9956,-4.9956,+X
69.2320,1.061367,-9.200178,-3.141592,DRIVE_LANE,1,NONE,-4.9956,-4.9956,+X
69.2480,1.069360,-9.200178,-3.141592,DRIVE_LANE,1,NONE,-4.9956,-4.9956,+X
69.2640,1.077353,-9.200178,-3.141592,DRIVE_LANE,1,NONE,-4.9956,-4.9956,+X
69.2800,1.085346,-9.200178,-3.141592,DRIVE_LANE,1,NONE,-4.9956,-4.9956,+X
69.2960,1.093339,-9.200178,-3.141592,DRIVE_LANE,1,NONE,-4.9956,-4.9956,+X
69.3120,1.101332,-9.200178,-3.141592,DRIVE_LANE,1,NONE,-4.9956,-4.9956,+X
69.3280,1.109325,-9.200178,-3.141592,DRIVE_LANE,1,NONE,-4.9956,-4.9956,+X
69.3440,1.117318,-9.200178,-3.141592,DRIVE_LANE,1,NONE,-4.9956,-4.9956,+X
69.3600,1.125310,-9.200178,-3.141592,DRIVE_LANE,1,NONE,-4.9956,-4.9956,+X
69.3760,1.133303,-9.200178,-3.141592,DRIVE_LANE,1,NONE,-4.9956,-4.9956,+X
69.3920,1.141296,-9.200178,-3.141592,DRIVE_LANE,1,NONE,-4.9956,-4.9956,+X
69.4080,1.149289,-9.200178,-3.141592,DRIVE_LANE,1,NONE,-4.9956,-4.9956,+X
69.4240,1.157282,-9.200178,-3.141592,DRIVE_LANE,1,NONE,-4.9956,-4.9956,+X
69.4400,1.165275,-9.200178,-3.141592,DRIVE_LANE,1,NONE,-4.9956,-4.9956,+X
69.4560,1.173268,-9.200178,-3.141592,DRIVE_LANE,1,NONE,-4.9956,-4.9956,+X
69.4720,1.181261,-9.200178,-3.141592,DRIVE_LANE,1,NONE,-4.9956,-4.9956,+X
69.4880,1.189254,-9.200178,-3.141592,DRIVE_LANE,1,NONE,-4.9956,-4.9956,+X
69.5040,1.197247,-9.200178,-3.141592,DRIVE_LANE,1,NONE,-4.9956,-4.9956,+X
69.5200,1.205239,-9.200178,-3.141592,DRIVE_LANE,1,NONE,-4.9956,-4.9956,+X
69.5360,1.213232,-9.200178,-3.141592,DRIVE_LANE,1,NONE,-4.9956,-4.9956,+X
69.5520,1.221225,-9.200178,-3.141592,DRIVE_LANE,1,NONE,-4.9956,-4.9956,+X
69.5680,1.229218,-9.200178,-3.141592,DRIVE_LANE,1,NONE,-4.9956,-4.9956,+X
69.5840,1.237211,-9.200178,-3.141592,DRIVE_LANE,1,NONE,-4.9956,-4.9956,+X
69.6000,1.245204,-9.200178,-3.141592,DRIVE_LANE,1,NONE,-4.9956,-4.9956,+X
69.6160,1.253197,-9.200178,-3.141592,DRIVE_LANE,1,NONE,-4.9956,-4.9956,+X
69.6320,1.261190,-9.200178,-3.141592,DRIVE_LANE,1,NONE,-4.9956,-4.9956,+X
69.6480,1.269183,-9.200178,-3.141592,DRIVE_LANE,1,NONE,-4.9956,-4.9956,+X
69.6640,1.277175,-9.200178,-3.141592,DRIVE_LANE,1,NONE,-4.9956,-4.9956,+X
69.6800,1.285168,-9.200178,-3.141592,DRIVE_LANE,1,NONE,-4.9956,-4.9956,+X
69.6960,1.293161,-9.200178,-3.141592,DRIVE_LANE,1,NONE,-4.9956,-4.9956,+X
69.7120,1.301154,-9.200178,-3.141592,DRIVE_LANE,1,NONE,-4.9956,-4.9956,+X
69.7280,1.309147,-9.200178,-3.141592,DRIVE_LANE,1,NONE,-4.9956,-4.9956,+X
69.7440,1.317140,-9.200178,-3.141592,DRIVE_LANE,1,NONE,-4.9956,-4.9956,+X
69.7600,1.325133,-9.200178,-3.141592,DRIVE_LANE,1,NONE,-4.9956,-4.9956,+X
69.7760,1.333126,-9.200178,-3.141592,DRIVE_LANE,1,NONE,-4.9956,-4.9956,+X
69.7920,1.341119,-9.200178,-3.141592,DRIVE_LANE,1,NONE,-4.9956,-4.9956,+X
69.8080,1.349112,-9.200178,-3.141592,DRIVE_LANE,1,NONE,-4.9956,-4.9956,+X
69.8240,1.357104,-9.200178,-3.141592,DRIVE_LANE,1,NONE,-4.9956,-4.9956,+X
69.8400,1.365097,-9.200178,-3.141592,DRIVE_LANE,1,NONE,-4.9956,-4.9956,+X
69.8560,1.373090,-9.200178,-3.141592,DRIVE_LANE,1,NONE,-4.9956,-4.9956,+X
69.8720,1.381083,-9.200178,-3.141592,DRIVE_LANE,1,NONE,-4.9956,-4.9956,+X
69.8880,1.389076,-9.200178,-3.141592,DRIVE_LANE,1,NONE,-4.9956,-4.9956,+X
69.9040,1.397069,-9.200178,-3.141592,DRIVE_LANE,1,NONE,-4.9956,-4.9956,+X
69.9200,1.405062,-9.200178,-3.141592,DRIVE_LANE,1,NONE,-4.9956,-4.9956,+X
69.9360,1.413055,-9.200178,-3.141592,DRIVE_LANE,1,NONE,-4.9956,-4.9956,+X
69.9520,1.421048,-9.200178,-3.141592,DRIVE_LANE,1,NONE,-4.9956,-4.9956,+X
69.9680,1.429041,-9.200178,-3.141592,DRIVE_LANE,1,NONE,-4.9956,-4.9956,+X
69.9840,1.437033,-9.200178,-3.141592,DRIVE_LANE,1,NONE,-4.9956,-4.9956,+X
70.0000,1.445026,-9.200178,-3.141592,DRIVE_LANE,1,NONE,-4.9956,-4.9956,+X
70.0160,1.453019,-9.200178,-3.141592,DRIVE_LANE,1,NONE,-4.9956,-4.9956,+X
70.0320,1.461012,-9.200178,-3.141592,DRIVE_LANE,1,NONE,-4.9956,-4.9956,+X
70.0480,1.469005,-9.200178,-3.141592,DRIVE_LANE,1,NONE,-4.9956,-4.9956,+X
70.0640,1.476998,-9.200178,-3.141592,DRIVE_LANE,1,NONE,-4.9956,-4.9956,+X
70.0800,1.484991,-9.200178,-3.141592,DRIVE_LANE,1,NONE,-4.9956,-4.9956,+X
70.0960,1.492984,-9.200178,-3.141592,DRIVE_LANE,1,NONE,-4.9956,-4.9956,+X
70.1120,1.500977,-9.200178,-3.141592,DRIVE_LANE,1,NONE,-4.9956,-4.9956,+X
70.1280,1.508970,-9.200178,-3.141592,DRIVE_LANE,1,NONE,-4.9956,-4.9956,+X
70.1440,1.516963,-9.200178,-3.141592,DRIVE_LANE,1,NONE,-4.9956,-4.9956,+X
70.1600,1.524955,-9.200178,-3.141592,DRIVE_LANE,1,NONE,-4.9956,-4.9956,+X
70.1760,1.532948,-9.200178,-3.141592,DRIVE_LANE,1,NONE,-4.9956,-4.9956,+X
70.1920,1.540941,-9.200178,-3.141592,DRIVE_LANE,1,NONE,-4.9956,-4.9956,+X
70.2080,1.548934,-9.200178,-3.141592,DRIVE_LANE,1,NONE,-4.9956,-4.9956,+X
70.2240,1.556927,-9.200178,-3.141592,DRIVE_LANE,1,NONE,-4.9956,-4.9956,+X
70.2400,1.564920,-9.200178,-3.141592,DRIVE_LANE,1,NONE,-4.9956,-4.9956,+X
70.2560,1.572913,-9.200178,-3.141592,DRIVE_LANE,1,NONE,-4.9956,-4.9956,+X
70.2720,1.580906,-9.200178,-3.141592,DRIVE_LANE,1,NONE,-4.9956,-4.9956,+X
70.2880,1.588899,-9.200178,-3.141592,DRIVE_LANE,1,NONE,-4.9956,-4.9956,+X
70.3040,1.596892,-9.200178,-3.141592,DRIVE_LANE,1,NONE,-4.9956,-4.9956,+X
70.3200,1.604884,-9.200178,-3.141592,DRIVE_LANE,1,NONE,-4.9956,-4.9956,+X
70.3360,1.612877,-9.200178,-3.141592,DRIVE_LANE,1,NONE,-4.9956,-4.9956,+X
70.3520,1.620870,-9.200178,-3.141592,DRIVE_LANE,1,NONE,-4.9956,-4.9956,+X
70.3680,1.628863,-9.200178,-3.141592,DRIVE_LANE,1,NONE,-4.9956,-4.9956,+X
70.3840,1.636856,-9.200178,-3.141592,DRIVE_LANE,1,NONE,-4.9956,-4.9956,+X
70.4000,1.644849,-9.200178,-3.141592,DRIVE_LANE,1,NONE,-4.9956,-4.9956,+X
70.4160,1.652842,-9.200178,-3.141592,DRIVE_LANE,1,NONE,-4.9956,-4.9956,+X
70.4320,1.660835,-9.200178,-3.141592,DRIVE_LANE,1,NONE,-4.9956,-4.9956,+X
70.4480,1.668828,-9.200178,-3.141592,DRIVE_LANE,1,NONE,-4.9956,-4.9956,+X
70.4640,1.676821,-9.200178,-3.141592,DRIVE_LANE,1,NONE,-4.9956,-4.9956,+X
70.4800,1.684814,-9.200178,-3.141592,DRIVE_LANE,1,NONE,-4.9956,-4.9956,+X
70.4960,1.692806,-9.200178,-3.141592,DRIVE_LANE,1,NONE,-4.9956,-4.9956,+X
70.5120,1.700799,-9.200178,-3.141592,DRIVE_LANE,1,NONE,-4.9956,-4.9956,+X
70.5280,1.708792,-9.200178,-3.141592,DRIVE_LANE,1,NONE,-4.9956,-4.9956,+X
70.5440,1.716785,-9.200178,-3.141592,DRIVE_LANE,1,NONE,-4.9956,-4.9956,+X
70.5600,1.724778,-9.200178,-3.141592,DRIVE_LANE,1,NONE,-4.9956,-4.9956,+X
70.5760,1.732771,-9.200178,-3.141592,DRIVE_LANE,1,NONE,-4.9956,-4.9956,+X
70.5920,1.740764,-9.200178,-3.141592,DRIVE_LANE,1,NONE,-4.9956,-4.9956,+X
70.6080,1.748757,-9.200178,-3.141592,DRIVE_LANE,1,NONE,-4.9956,-4.9956,+X
70.6240,1.756750,-9.200178,-3.141592,DRIVE_LANE,1,NONE,-4.9956,-4.9956,+X
70.6400,1.764743,-9.200178,-3.141592,DRIVE_LANE,1,NONE,-4.9956,-4.9956,+X
70.6560,1.772736,-9.200178,-3.141592,DRIVE_LANE,1,NONE,-4.9956,-4.9956,+X
70.6720,1.780728,-9.200178,-3.141592,DRIVE_LANE,1,NONE,-4.9956,-4.9956,+X
70.6880,1.788721,-9.200178,-3.141592,DRIVE_LANE,1,NONE,-4.9956,-4.9956,+X
70.7040,1.796714,-9.200178,-3.141592,DRIVE_LANE,1,NONE,-4.9956,-4.9956,+X
70.7200,1.804707,-9.200178,-3.141592,DRIVE_LANE,1,NONE,-4.9956,-4.9956,+X
70.7360,1.812700,-9.200178,-3.141592,DRIVE_LANE,1,NONE,-4.9956,-4.9956,+X
70.7520,1.820693,-9.200178,-3.141592,DRIVE_LANE,1,NONE,-4.9956,-4.9956,+X
70.7680,1.828686,-9.200178,-3.141592,DRIVE_LANE,1,NONE,-4.9956,-4.9956,+X
70.7840,1.836679,-9.200178,-3.141592,DRIVE_LANE,1,NONE,-4.9956,-4.9956,+X
70.8000,1.844672,-9.200178,-3.141592,DRIVE_LANE,1,NONE,-4.9956,-4.9956,+X
70.8160,1.852665,-9.200178,-3.141592,DRIVE_LANE,1,NONE,-4.9956,-4.9956,+X
70.8320,1.860658,-9.200178,-3.141592,DRIVE_LANE,1,NONE,-4.9956,-4.9956,+X
70.8480,1.868650,-9.200178,-3.141592,DRIVE_LANE,1,NONE,-4.9956,-4.9956,+X
70.8640,1.876643,-9.200178,-3.141592,DRIVE_LANE,1,NONE,-4.9956,-4.9956,+X
70.8800,1.884636,-9.200178,-3.141592,DRIVE_LANE,1,NONE,-4.9956,-4.9956,+X
70.8960,1.892629,-9.200178,-3.141592,DRIVE_LANE,1,NONE,-4.9956,-4.9956,+X
70.9120,1.900622,-9.200178,-3.141592,DRIVE_LANE,1,NONE,-4.9956,-4.9956,+X
70.9280,1.908615,-9.200178,-3.141592,DRIVE_LANE,1,NONE,-4.9956,-4.9956,+X
70.9440,1.916608,-9.200178,-3.141592,DRIVE_LANE,1,NONE,-4.9956,-4.9956,+X
70.9600,1.924601,-9.200178,-3.141592,DRIVE_LANE,1,NONE,-4.9956,-4.9956,+X
70.9760,1.932594,-9.200178,-3.141592,DRIVE_LANE,1,NONE,-4.9956,-4.9956,+X
70.9920,1.940587,-9.200177,-3.141592,DRIVE_LANE,1,NONE,-4.9956,-4.9956,+X
71.0080,1.948580,-9.200177,-3.141592,DRIVE_LANE,1,NONE,-4.9956,-4.9956,+X
71.0240,1.956572,-9.200177,-3.141592,DRIVE_LANE,1,NONE,-4.9956,-4.9956,+X
71.0400,1.964565,-9.200177,-3.141592,DRIVE_LANE,1,NONE,-4.9956,-4.9956,+X
71.0560,1.972558,-9.200177,-3.141592,DRIVE_LANE,1,NONE,-4.9956,-4.9956,+X
71.0720,1.980551,-9.200177,-3.141592,DRIVE_LANE,1,NONE,-4.9956,-4.9956,+X
71.0880,1.988544,-9.200177,-3.141592,DRIVE_LANE,1,NONE,-4.9956,-4.9956,+X
71.1040,1.996537,-9.200177,-3.141592,DRIVE_LANE,1,NONE,-4.9956,-4.9956,+X
71.1200,2.004530,-9.200177,-3.141592,DRIVE_LANE,1,NONE,-4.9956,-4.9956,+X
71.1360,2.012523,-9.200177,-3.141592,DRIVE_LANE,1,NONE,-4.9956,-4.9956,+X
71.1520,2.020516,-9.200177,-3.141592,DRIVE_LANE,1,NONE,-4.9956,-4.9956,+X
71.1680,2.028509,-9.200177,-3.141592,DRIVE_LANE,1,NONE,-4.9956,-4.9956,+X
71.1840,2.036502,-9.200177,-3.141592,DRIVE_LANE,1,NONE,-4.9956,-4.9956,+X
71.2000,2.044495,-9.200177,-3.141592,DRIVE_LANE,1,NONE,-4.9956,-4.9956,+X
71.2160,2.052487,-9.200177,-3.141592,DRIVE_LANE,1,NONE,-4.9956,-4.9956,+X
71.2320,2.060480,-9.200177,-3.141592,DRIVE_LANE,1,NONE,-4.9956,-4.9956,+X
71.2480,2.068473,-9.200177,-3.141592,DRIVE_LANE,1,NONE,-4.9956,-4.9956,+X
71.2640,2.076466,-9.200177,-3.141592,DRIVE_LANE,1,NONE,-4.9956,-4.9956,+X
71.2800,2.084459,-9.200177,-3.141592,DRIVE_LANE,1,NONE,-4.9956,-4.9956,+X
71.2960,2.092452,-9.200177,-3.141592,DRIVE_LANE,1,NONE,-4.9956,-4.9956,+X
71.3120,2.100445,-9.200177,-3.141592,DRIVE_LANE,1,NONE,-4.9956,-4.9956,+X
71.3280,2.108438,-9.200177,-3.141592,DRIVE_LANE,1,NONE,-4.9956,-4.9956,+X
71.3440,2.116431,-9.200177,-3.141592,DRIVE_LANE,1,NONE,-4.9956,-4.9956,+X
71.3600,2.124424,-9.200177,-3.141592,DRIVE_LANE,1,NONE,-4.9956,-4.9956,+X
71.3760,2.132417,-9.200177,-3.141592,DRIVE_LANE,1,NONE,-4.9956,-4.9956,+X
71.3920,2.140410,-9.200177,-3.141592,DRIVE_LANE,1,NONE,-4.9956,-4.9956,+X
71.4080,2.148402,-9.200177,-3.141592,DRIVE_LANE,1,NONE,-4.9956,-4.9956,+X
71.4240,2.156395,-9.200177,-3.141592,DRIVE_LANE,1,NONE,-4.9956,-4.9956,+X
71.4400,2.164388,-9.200177,-3.141592,DRIVE_LANE,1,NONE,-4.9956,-4.9956,+X
71.4560,2.172381,-9.200177,-3.141592,DRIVE_LANE,1,NONE,-4.9956,-4.9956,+X
71.4720,2.180374,-9.200177,-3.141592,DRIVE_LANE,1,NONE,-4.9956,-4.9956,+X
71.4880,2.188367,-9.200177,-3.141592,DRIVE_LANE,1,NONE,-4.9956,-4.9956,+X
71.5040,2.196360,-9.200177,-3.141592,DRIVE_LANE,1,NONE,-4.9956,-4.9956,+X
71.5200,2.204353,-9.200177,-3.141592,DRIVE_LANE,1,NONE,-4.9956,-4.9956,+X
71.5360,2.212346,-9.200177,-3.141592,DRIVE_LANE,1,NONE,-4.9956,-4.9956,+X
71.5520,2.220339,-9.200177,-3.141592,DRIVE_LANE,1,NONE,-4.9956,-4.9956,+X
71.5680,2.228332,-9.200177,-3.141592,DRIVE_LANE,1,NONE,-4.9956,-4.9956,+X
71.5840,2.236325,-9.200177,-3.141592,DRIVE_LANE,1,NONE,-4.9956,-4.9956,+X
71.6000,2.244318,-9.200177,-3.141592,DRIVE_LANE,1,NONE,-4.9956,-4.9956,+X
71.6160,2.252310,-9.200177,-3.141592,DRIVE_LANE,1,NONE,-4.9956,-4.9956,+X
71.6320,2.260303,-9.200177,-3.141592,DRIVE_LANE,1,NONE,-4.9956,-4.9956,+X
71.6480,2.268296,-9.200177,-3.141592,DRIVE_LANE,1,NONE,-4.9956,-4.9956,+X
71.6640,2.276289,-9.200177,-3.141592,DRIVE_LANE,1,NONE,-4.9956,-4.9956,+X
71.6800,2.284282,-9.200177,-3.141592,DRIVE_LANE,1,NONE,-4.9956,-4.9956,+X
71.6960,2.292275,-9.200177,-3.141592,DRIVE_LANE,1,NONE,-4.9956,-4.9956,+X
71.7120,2.300268,-9.200177,-3.141592,DRIVE_LANE,1,NONE,-4.9956,-4.9956,+X
71.7280,2.308261,-9.200177,-3.141592,DRIVE_LANE,1,NONE,-4.9956,-4.9956,+X
71.7440,2.316254,-9.200177,-3.141592,DRIVE_LANE,1,NONE,-4.9956,-4.9956,+X
71.7600,2.324247,-9.200177,-3.141592,DRIVE_LANE,1,NONE,-4.9956,-4.9956,+X
71.7760,2.332240,-9.200177,-3.141592,DRIVE_LANE,1,NONE,-4.9956,-4.9956,+X
71.7920,2.340233,-9.200177,-3.141592,DRIVE_LANE,1,NONE,-4.9956,-4.9956,+X
71.8080,2.348225,-9.200177,-3.141592,DRIVE_LANE,1,NONE,-4.9956,-4.9956,+X
71.8240,2.356218,-9.200177,-3.141592,DRIVE_LANE,1,NONE,-4.9956,-4.9956,+X
71.8400,2.364211,-9.200177,-3.141592,DRIVE_LANE,1,NONE,-4.9956,-4.9956,+X
71.8560,2.372204,-9.200177,-3.141592,DRIVE_LANE,1,NONE,-4.9956,-4.9956,+X
71.8720,2.380197,-9.200177,-3.141592,DRIVE_LANE,1,NONE,-4.9956,-4.9956,+X
71.8880,2.388190,-9.200177,-3.141592,DRIVE_LANE,1,NONE,-4.9956,-4.9956,+X
71.9040,2.396183,-9.200177,-3.141592,DRIVE_LANE,1,NONE,-4.9956,-4.9956,+X
71.9200,2.404176,-9.200177,-3.141592,DRIVE_LANE,1,NONE,-4.9956,-4.9956,+X
71.9360,2.412169,-9.200177,-3.141592,DRIVE_LANE,1,NONE,-4.9956,-4.9956,+X
71.9520,2.420162,-9.200177,-3.141592,DRIVE_LANE,1,NONE,-4.9956,-4.9956,+X
71.9680,2.428155,-9.200177,-3.141592,DRIVE_LANE,1,NONE,-4.9956,-4.9956,+X
71.9840,2.436148,-9.200177,-3.141592,DRIVE_LANE,1,NONE,-4.9956,-4.9956,+X
72.0000,2.444141,-9.200177,-3.141592,DRIVE_LANE,1,NONE,-4.9956,-4.9956,+X
72.0160,2.452134,-9.200177,-3.141592,DRIVE_LANE,1,NONE,-4.9956,-4.9956,+X
72.0320,2.460126,-9.200177,-3.141592,DRIVE_LANE,1,NONE,-4.9956,-4.9956,+X
72.0480,2.468119,-9.200177,-3.141592,DRIVE_LANE,1,NONE,-4.9956,-4.9956,+X
72.0640,2.476112,-9.200177,-3.141592,DRIVE_LANE,1,NONE,-4.9956,-4.9956,+X
72.0800,2.484105,-9.200177,-3.141592,DRIVE_LANE,1,NONE,-4.9956,-4.9956,+X
72.0960,2.492098,-9.200177,-3.141592,DRIVE_LANE,1,NONE,-4.9956,-4.9956,+X
72.1120,2.500091,-9.200177,-3.141592,DRIVE_LANE,1,NONE,-4.9956,-4.9956,+X
72.1280,2.508084,-9.200177,-3.141592,DRIVE_LANE,1,NONE,-4.9956,-4.9956,+X
72.1440,2.516077,-9.200177,-3.141592,DRIVE_LANE,1,NONE,-4.9956,-4.9956,+X
72.1600,2.524070,-9.200177,-3.141592,DRIVE_LANE,1,NONE,-4.9956,-4.9956,+X
72.1760,2.532063,-9.200177,-3.141592,DRIVE_LANE,1,NONE,-4.9956,-4.9956,+X
72.1920,2.540056,-9.200177,-3.141592,DRIVE_LANE,1,NONE,-4.9956,-4.9956,+X
72.2080,2.548049,-9.200177,-3.141592,DRIVE_LANE,1,NONE,-4.9956,-4.9956,+X
72.2240,2.556042,-9.200177,-3.141592,DRIVE_LANE,1,NONE,-4.9956,-4.9956,+X
72.2400,2.564034,-9.200177,-3.141592,DRIVE_LANE,1,NONE,-4.9956,-4.9956,+X
72.2560,2.572027,-9.200177,-3.141592,DRIVE_LANE,1,NONE,-4.9956,-4.9956,+X
72.2720,2.580020,-9.200177,-3.141592,DRIVE_LANE,1,NONE,-4.9956,-4.9956,+X
72.2880,2.588013,-9.200177,-3.141592,DRIVE_LANE,1,NONE,-4.9956,-4.9956,+X
72.3040,2.596006,-9.200177,-3.141592,DRIVE_LANE,1,NONE,-4.9956,-4.9956,+X
72.3200,2.603999,-9.200177,-3.141592,DRIVE_LANE,1,NONE,-4.9956,-4.9956,+X
72.3360,2.611992,-9.200177,-3.141592,DRIVE_LANE,1,NONE,-4.9956,-4.9956,+X
72.3520,2.619985,-9.200177,-3.141592,DRIVE_LANE,1,NONE,-4.9956,-4.9956,+X
72.3680,2.627978,-9.200177,-3.141592,DRIVE_LANE,1,NONE,-4.9956,-4.9956,+X
72.3840,2.635971,-9.200177,-3.141592,DRIVE_LANE,1,NONE,-4.9956,-4.9956,+X
72.4000,2.643964,-9.200177,-3.141592,DRIVE_LANE,1,NONE,-4.9956,-4.9956,+X
72.4160,2.651957,-9.200177,-3.141592,DRIVE_LANE,1,NONE,-4.9956,-4.9956,+X
72.4320,2.659950,-9.200177,-3.141592,DRIVE_LANE,1,NONE,-4.9956,-4.9956,+X
72.4480,2.667943,-9.200177,-3.141592,DRIVE_LANE,1,NONE,-4.9956,-4.9956,+X
72.4640,2.675936,-9.200177,-3.141592,DRIVE_LANE,1,NONE,-4.9956,-4.9956,+X
72.4800,2.683928,-9.200177,-3.141592,DRIVE_LANE,1,NONE,-4.9956,-4.9956,+X
72.4960,2.691921,-9.200177,-3.141592,DRIVE_LANE,1,NONE,-4.9956,-4.9956,+X
72.5120,2.699914,-9.200177,-3.141592,DRIVE_LANE,1,NONE,-4.9956,-4.9956,+X
72.5280,2.707907,-9.200177,-3.141592,DRIVE_LANE,1,NONE,-4.9956,-4.9956,+X
72.5440,2.715900,-9.200177,-3.141592,DRIVE_LANE,1,NONE,-4.9956,-4.9956,+X
72.5600,2.723893,-9.200177,-3.141592,DRIVE_LANE,1,NONE,-4.9956,-4.9956,+X
72.5760,2.731886,-9.200177,-3.141592,DRIVE_LANE,1,NONE,-4.9956,-4.9956,+X
72.5920,2.739879,-9.200177,-3.141592,DRIVE_LANE,1,NONE,-4.9956,-4.9956,+X
72.6080,2.747872,-9.200177,-3.141592,DRIVE_LANE,1,NONE,-4.9956,-4.9956,+X
72.6240,2.755865,-9.200177,-3.141592,DRIVE_LANE,1,NONE,-4.9956,-4.9956,+X
72.6400,2.763858,-9.200177,-3.141592,DRIVE_LANE,1,NONE,-4.9956,-4.9956,+X
72.6560,2.771851,-9.200177,-3.141592,DRIVE_LANE,1,NONE,-4.9956,-4.9956,+X
72.6720,2.779844,-9.200177,-3.141592,DRIVE_LANE,1,NONE,-4.9956,-4.9956,+X
72.6880,2.787837,-9.200177,-3.141592,DRIVE_LANE,1,NONE,-4.9956,-4.9956,+X
72.7040,2.795830,-9.200177,-3.141592,DRIVE_LANE,1,NONE,-4.9956,-4.9956,+X
72.7200,2.803822,-9.200177,-3.141592,DRIVE_LANE,1,NONE,-4.9956,-4.9956,+X
72.7360,2.811815,-9.200177,-3.141592,DRIVE_LANE,1,NONE,-4.9956,-4.9956,+X
72.7520,2.819808,-9.200177,-3.141592,DRIVE_LANE,1,NONE,-4.9956,-4.9956,+X
72.7680,2.827801,-9.200177,-3.141592,DRIVE_LANE,1,NONE,-4.9956,-4.9956,+X
72.7840,2.835794,-9.200177,-3.141592,DRIVE_LANE,1,NONE,-4.9956,-4.9956,+X
72.8000,2.843787,-9.200177,-3.141592,DRIVE_LANE,1,NONE,-4.9956,-4.9956,+X
72.8160,2.851780,-9.200177,-3.141592,DRIVE_LANE,1,NONE,-4.9956,-4.9956,+X
72.8320,2.859773,-9.200177,-3.141592,DRIVE_LANE,1,NONE,-4.9956,-4.9956,+X
72.8480,2.867766,-9.200177,-3.141592,DRIVE_LANE,1,NONE,-4.9956,-4.9956,+X
72.8640,2.875759,-9.200177,-3.141592,DRIVE_LANE,1,NONE,-4.9956,-4.9956,+X
72.8800,2.883752,-9.200177,-3.141592,DRIVE_LANE,1,NONE,-4.9956,-4.9956,+X
72.8960,2.891745,-9.200177,-3.141592,DRIVE_LANE,1,NONE,-4.9956,-4.9956,+X
72.9120,2.899738,-9.200177,-3.141592,DRIVE_LANE,1,NONE,-4.9956,-4.9956,+X
72.9280,2.907731,-9.200177,-3.141592,DRIVE_LANE,1,NONE,-4.9956,-4.9956,+X
72.9440,2.915724,-9.200177,-3.141592,DRIVE_LANE,1,NONE,-4.9956,-4.9956,+X
72.9600,2.923716,-9.200177,-3.141592,DRIVE_LANE,1,NONE,-4.9956,-4.9956,+X
72.9760,2.931709,-9.200177,-3.141592,DRIVE_LANE,1,NONE,-4.9956,-4.9956,+X
72.9920,2.939702,-9.200177,-3.141592,DRIVE_LANE,1,NONE,-4.9956,-4.9956,+X
73.0080,2.947695,-9.200177,-3.141592,DRIVE_LANE,1,NONE,-4.9956,-4.9956,+X
73.0240,2.955688,-9.200177,-3.141592,DRIVE_LANE,1,NONE,-4.9956,-4.9956,+X
73.0400,2.963681,-9.200177,-3.141592,DRIVE_LANE,1,NONE,-4.9956,-4.9956,+X
73.0560,2.971674,-9.200177,-3.141592,DRIVE_LANE,1,NONE,-4.9956,-4.9956,+X
73.0720,2.979667,-9.200177,-3.141592,DRIVE_LANE,1,NONE,-4.9956,-4.9956,+X
73.0880,2.987660,-9.200177,-3.141592,DRIVE_LANE,1,NONE,-4.9956,-4.9956,+X
73.1040,2.995653,-9.200177,-3.141592,DRIVE_LANE,1,NONE,-4.9956,-4.9956,+X
73.1200,3.003646,-9.200177,-3.141592,DRIVE_LANE,1,NONE,-4.9956,-4.9956,+X
73.1360,3.011639,-9.200177,-3.141592,DRIVE_LANE,1,NONE,-4.9956,-4.9956,+X
73.1520,3.019632,-9.200177,-3.141592,DRIVE_LANE,1,NONE,-4.9956,-4.9956,+X
73.1680,3.027625,-9.200177,-3.141592,DRIVE_LANE,1,NONE,-4.9956,-4.9956,+X
73.1840,3.035618,-9.200177,-3.141592,DRIVE_LANE,1,NONE,-4.9956,-4.9956,+X
73.2000,3.043611,-9.200177,-3.141592,DRIVE_LANE,1,NONE,-4.9956,-4.9956,+X
73.2160,3.051604,-9.200177,-3.141592,DRIVE_LANE,1,NONE,-4.9956,-4.9956,+X
73.2320,3.059596,-9.200177,-3.141592,DRIVE_LANE,1,NONE,-4.9956,-4.9956,+X
73.2480,3.067589,-9.200177,-3.141592,DRIVE_LANE,1,NONE,-4.9956,-4.9956,+X
73.2640,3.075582,-9.200177,-3.141592,DRIVE_LANE,1,NONE,-4.9956,-4.9956,+X
73.2800,3.083575,-9.200177,-3.141592,DRIVE_LANE,1,NONE,-4.9956,-4.9956,+X
73.2960,3.091568,-9.200177,-3.141592,DRIVE_LANE,1,NONE,-4.9956,-4.9956,+X
73.3120,3.099561,-9.200177,-3.141592,DRIVE_LANE,1,NONE,-4.9956,-4.9956,+X
73.3280,3.107554,-9.200177,-3.141592,DRIVE_LANE,1,NONE,-4.9956,-4.9956,+X
73.3440,3.115547,-9.200177,-3.141592,DRIVE_LANE,1,NONE,-4.9956,-4.9956,+X
73.3600,3.123540,-9.200177,-3.141592,DRIVE_LANE,1,NONE,-4.9956,-4.9956,+X
73.3760,3.131533,-9.200177,-3.141592,DRIVE_LANE,1,NONE,-4.9956,-4.9956,+X
73.3920,3.139526,-9.200177,-3.141592,DRIVE_LANE,1,NONE,-4.9956,-4.9956,+X
73.4080,3.147519,-9.200177,-3.141592,DRIVE_LANE,1,NONE,-4.9956,-4.9956,+X
73.4240,3.155512,-9.200177,-3.141592,DRIVE_LANE,1,NONE,-4.9956,-4.9956,+X
73.4400,3.163505,-9.200177,-3.141592,DRIVE_LANE,1,NONE,-4.9956,-4.9956,+X
73.4560,3.171498,-9.200177,-3.141592,DRIVE_LANE,1,NONE,-4.9956,-4.9956,+X
73.4720,3.179491,-9.200177,-3.141592,DRIVE_LANE,1,NONE,-4.9956,-4.9956,+X
73.4880,3.187484,-9.200177,-3.141592,DRIVE_LANE,1,NONE,-4.9956,-4.9956,+X
73.5040,3.195476,-9.200177,-3.141592,DRIVE_LANE,1,NONE,-4.9956,-4.9956,+X
73.5200,3.203469,-9.200177,-3.141592,DRIVE_LANE,1,NONE,-4.9956,-4.9956,+X
73.5360,3.211462,-9.200177,-3.141592,DRIVE_LANE,1,NONE,-4.9956,-4.9956,+X
73.5520,3.219455,-9.200177,-3.141592,DRIVE_LANE,1,NONE,-4.9956,-4.9956,+X
73.5680,3.227448,-9.200177,-3.141592,DRIVE_LANE,1,NONE,-4.9956,-4.9956,+X
73.5840,3.235441,-9.200177,-3.141592,DRIVE_LANE,1,NONE,-4.9956,-4.9956,+X
73.6000,3.243434,-9.200177,-3.141592,DRIVE_LANE,1,NONE,-4.9956,-4.9956,+X
73.6160,3.251427,-9.200177,-3.141592,DRIVE_LANE,1,NONE,-4.9956,-4.9956,+X
73.6320,3.259420,-9.200177,-3.141592,DRIVE_LANE,1,NONE,-4.9956,-4.9956,+X
73.6480,3.267413,-9.200177,-3.141592,DRIVE_LANE,1,NONE,-4.9956,-4.9956,+X
73.6640,3.275406,-9.200177,-3.141592,DRIVE_LANE,1,NONE,-4.9956,-4.9956,+X
73.6800,3.283399,-9.200177,-3.141592,DRIVE_LANE,1,NONE,-4.9956,-4.9956,+X
73.6960,3.291392,-9.200177,-3.141592,DRIVE_LANE,1,NONE,-4.9956,-4.9956,+X
73.7120,3.299385,-9.200177,-3.141592,DRIVE_LANE,1,NONE,-4.9956,-4.9956,+X
73.7280,3.307378,-9.200177,-3.141592,DRIVE_LANE,1,NONE,-4.9956,-4.9956,+X
73.7440,3.315371,-9.200176,-3.141592,DRIVE_LANE,1,NONE,-4.9956,-4.9956,+X
73.7600,3.323364,-9.200176,-3.141592,DRIVE_LANE,1,NONE,-4.9956,-4.9956,+X
73.7760,3.331357,-9.200176,-3.141592,DRIVE_LANE,1,NONE,-4.9956,-4.9956,+X
73.7920,3.339349,-9.200176,-3.141592,DRIVE_LANE,1,NONE,-4.9956,-4.9956,+X
73.8080,3.347342,-9.200176,-3.141592,DRIVE_LANE,1,NONE,-4.9956,-4.9956,+X
73.8240,3.355335,-9.200176,-3.141592,DRIVE_LANE,1,NONE,-4.9956,-4.9956,+X
73.8400,3.363328,-9.200176,-3.141592,DRIVE_LANE,1,NONE,-4.9956,-4.9956,+X
73.8560,3.371321,-9.200176,-3.141592,DRIVE_LANE,1,NONE,-4.9956,-4.9956,+X
73.8720,3.379314,-9.200176,-3.141592,DRIVE_LANE,1,NONE,-4.9956,-4.9956,+X
73.8880,3.387307,-9.200176,-3.141592,DRIVE_LANE,1,NONE,-4.9956,-4.9956,+X
73.9040,3.395300,-9.200176,-3.141592,DRIVE_LANE,1,NONE,-4.9956,-4.9956,+X
73.9200,3.403293,-9.200176,-3.141592,DRIVE_LANE,1,NONE,-4.9956,-4.9956,+X
73.9360,3.411286,-9.200176,-3.141592,DRIVE_LANE,1,NONE,-4.9956,-4.9956,+X
73.9520,3.419279,-9.200176,-3.141592,DRIVE_LANE,1,NONE,-4.9956,-4.9956,+X
73.9680,3.427272,-9.200176,-3.141592,DRIVE_LANE,1,NONE,-4.9956,-4.9956,+X
73.9840,3.435265,-9.200176,-3.141592,DRIVE_LANE,1,NONE,-4.9956,-4.9956,+X
74.0000,3.443258,-9.200176,-3.141592,DRIVE_LANE,1,NONE,-4.9956,-4.9956,+X
74.0160,3.451251,-9.200176,-3.141592,DRIVE_LANE,1,NONE,-4.9956,-4.9956,+X
74.0320,3.459244,-9.200176,-3.141592,DRIVE_LANE,1,NONE,-4.9956,-4.9956,+X
74.0480,3.467237,-9.200176,-3.141592,DRIVE_LANE,1,NONE,-4.9956,-4.9956,+X
74.0640,3.475230,-9.200176,-3.141592,DRIVE_LANE,1,NONE,-4.9956,-4.9956,+X
74.0800,3.483223,-9.200176,-3.141592,DRIVE_LANE,1,NONE,-4.9956,-4.9956,+X
74.0960,3.491216,-9.200176,-3.141592,DRIVE_LANE,1,NONE,-4.9956,-4.9956,+X
74.1120,3.499208,-9.200176,-3.141592,DRIVE_LANE,1,NONE,-4.9956,-4.9956,+X
74.1280,3.507201,-9.200176,-3.141592,DRIVE_LANE,1,NONE,-4.9956,-4.9956,+X
74.1440,3.515194,-9.200176,-3.141592,DRIVE_LANE,1,NONE,-4.9956,-4.9956,+X
74.1600,3.523187,-9.200176,-3.141592,DRIVE_LANE,1,NONE,-4.9956,-4.9956,+X
74.1760,3.531180,-9.200176,-3.141592,DRIVE_LANE,1,NONE,-4.9956,-4.9956,+X
74.1920,3.539173,-9.200176,-3.141592,DRIVE_LANE,1,NONE,-4.9956,-4.9956,+X
74.2080,3.547166,-9.200176,-3.141592,DRIVE_LANE,1,NONE,-4.9956,-4.9956,+X
74.2240,3.555159,-9.200176,-3.141592,DRIVE_LANE,1,NONE,-4.9956,-4.9956,+X
74.2400,3.563152,-9.200176,-3.141592,DRIVE_LANE,1,NONE,-4.9956,-4.9956,+X
74.2560,3.571145,-9.200176,-3.141592,DRIVE_LANE,1,NONE,-4.9956,-4.9956,+X
74.2720,3.579138,-9.200176,-3.141592,DRIVE_LANE,1,NONE,-4.9956,-4.9956,+X
74.2880,3.587131,-9.200176,-3.141592,DRIVE_LANE,1,NONE,-4.9956,-4.9956,+X
74.3040,3.595124,-9.200176,-3.141592,DRIVE_LANE,1,NONE,-4.9956,-4.9956,+X
74.3200,3.603117,-9.200176,-3.141592,DRIVE_LANE,1,NONE,-4.9956,-4.9956,+X
74.3360,3.611110,-9.200176,-3.141592,DRIVE_LANE,1,NONE,-4.9956,-4.9956,+X
74.3520,3.619103,-9.200176,-3.141592,DRIVE_LANE,1,NONE,-4.9956,-4.9956,+X
74.3680,3.627096,-9.200176,-3.141592,DRIVE_LANE,1,NONE,-4.9956,-4.9956,+X
74.3840,3.635089,-9.200176,-3.141592,DRIVE_LANE,1,NONE,-4.9956,-4.9956,+X
74.4000,3.643082,-9.200176,-3.141592,DRIVE_LANE,1,NONE,-4.9956,-4.9956,+X
74.4160,3.651075,-9.200176,-3.141592,DRIVE_LANE,1,NONE,-4.9956,-4.9956,+X
74.4320,3.659068,-9.200176,-3.141592,DRIVE_LANE,1,NONE,-4.9956,-4.9956,+X
74.4480,3.667060,-9.200176,-3.141592,DRIVE_LANE,1,NONE,-4.9956,-4.9956,+X
74.4640,3.675053,-9.200176,-3.141592,DRIVE_LANE,1,NONE,-4.9956,-4.9956,+X
74.4800,3.683046,-9.200176,-3.141592,DRIVE_LANE,1,NONE,-4.9956,-4.9956,+X
74.4960,3.691039,-9.200176,-3.141592,DRIVE_LANE,1,NONE,-4.9956,-4.9956,+X
74.5120,3.699032,-9.200176,-3.141592,DRIVE_LANE,1,NONE,-4.9956,-4.9956,+X
74.5280,3.707025,-9.200176,-3.141592,DRIVE_LANE,1,NONE,-4.9956,-4.9956,+X
74.5440,3.715018,-9.200176,-3.141592,DRIVE_LANE,1,NONE,-4.9956,-4.9956,+X
74.5600,3.723011,-9.200176,-3.141592,DRIVE_LANE,1,NONE,-4.9956,-4.9956,+X
74.5760,3.731004,-9.200176,-3.141592,DRIVE_LANE,1,NONE,-4.9956,-4.9956,+X
74.5920,3.738997,-9.200176,-3.141592,DRIVE_LANE,1,NONE,-4.9956,-4.9956,+X
74.6080,3.746990,-9.200176,-3.141592,DRIVE_LANE,1,NONE,-4.9956,-4.9956,+X
74.6240,3.754983,-9.200176,-3.141592,DRIVE_LANE,1,NONE,-4.9956,-4.9956,+X
74.6400,3.762976,-9.200176,-3.141592,DRIVE_LANE,1,NONE,-4.9956,-4.9956,+X
74.6560,3.770969,-9.200176,-3.141592,DRIVE_LANE,1,NONE,-4.9956,-4.9956,+X
74.6720,3.778962,-9.200176,-3.141592,DRIVE_LANE,1,NONE,-4.9956,-4.9956,+X
74.6880,3.786955,-9.200176,-3.141592,DRIVE_LANE,1,NONE,-4.9956,-4.9956,+X
74.7040,3.794948,-9.200176,-3.141592,DRIVE_LANE,1,NONE,-4.9956,-4.9956,+X
74.7200,3.802941,-9.200176,-3.141592,DRIVE_LANE,1,NONE,-4.9956,-4.9956,+X
74.7360,3.810934,-9.200176,-3.141592,DRIVE_LANE,1,NONE,-4.9956,-4.9956,+X
74.7520,3.818927,-9.200176,-3.141592,DRIVE_LANE,1,NONE,-4.9956,-4.9956,+X
74.7680,3.826920,-9.200176,-3.141592,DRIVE_LANE,1,NONE,-4.9956,-4.9956,+X
74.7840,3.834913,-9.200176,-3.141592,DRIVE_LANE,1,NONE,-4.9956,-4.9956,+X
74.8000,3.842906,-9.200176,-3.141592,DRIVE_LANE,1,NONE,-4.9956,-4.9956,+X
74.8160,3.850898,-9.200176,-3.141592,DRIVE_LANE,1,NONE,-4.9956,-4.9956,+X
74.8320,3.858891,-9.200176,-3.141592,DRIVE_LANE,1,NONE,-4.9956,-4.9956,+X
74.8480,3.866884,-9.200176,-3.141592,DRIVE_LANE,1,NONE,-4.9956,-4.9956,+X
74.8640,3.874877,-9.200176,-3.141592,DRIVE_LANE,1,NONE,-4.9956,-4.9956,+X
74.8800,3.882870,-9.200176,-3.141592,DRIVE_LANE,1,NONE,-4.9956,-4.9956,+X
74.8960,3.890863,-9.200176,-3.141592,DRIVE_LANE,1,NONE,-4.9956,-4.9956,+X
74.9120,3.898856,-9.200176,-3.141592,DRIVE_LANE,1,NONE,-4.9956,-4.9956,+X
74.9280,3.906849,-9.200176,-3.141592,DRIVE_LANE,1,NONE,-4.9956,-4.9956,+X
74.9440,3.914842,-9.200176,-3.141592,DRIVE_LANE,1,NONE,-4.9956,-4.9956,+X
74.9600,3.922835,-9.200176,-3.141592,DRIVE_LANE,1,NONE,-4.9956,-4.9956,+X
74.9760,3.930828,-9.200176,-3.141592,DRIVE_LANE,1,NONE,-4.9956,-4.9956,+X
74.9920,3.938821,-9.200176,-3.141592,DRIVE_LANE,1,NONE,-4.9956,-4.9956,+X
75.0080,3.946814,-9.200176,-3.141592,DRIVE_LANE,1,NONE,-4.9956,-4.9956,+X
75.0240,3.954807,-9.200176,-3.141592,DRIVE_LANE,1,NONE,-4.9956,-4.9956,+X
75.0400,3.962800,-9.200176,-3.141592,DRIVE_LANE,1,NONE,-4.9956,-4.9956,+X
75.0560,3.970793,-9.200176,-3.141592,DRIVE_LANE,1,NONE,-4.9956,-4.9956,+X
75.0720,3.978786,-9.200176,-3.141592,DRIVE_LANE,1,NONE,-4.9956,-4.9956,+X
75.0880,3.986779,-9.200176,-3.141592,DRIVE_LANE,1,NONE,-4.9956,-4.9956,+X
75.1040,3.994772,-9.200176,-3.141592,DRIVE_LANE,1,NONE,-4.9956,-4.9956,+X
75.1200,4.002765,-9.200176,-3.141592,DRIVE_LANE,1,NONE,-4.9956,-4.9956,+X
75.1360,4.010758,-9.200176,-3.141592,DRIVE_LANE,1,NONE,-4.9956,-4.9956,+X
75.1520,4.018751,-9.200176,-3.141592,DRIVE_LANE,1,NONE,-4.9956,-4.9956,+X
75.1680,4.026744,-9.200176,-3.141592,DRIVE_LANE,1,NONE,-4.9956,-4.9956,+X
75.1840,4.034737,-9.200176,-3.141592,DRIVE_LANE,1,NONE,-4.9956,-4.9956,+X
75.2000,4.042730,-9.200176,-3.141592,DRIVE_LANE,1,NONE,-4.9956,-4.9956,+X
75.2160,4.050723,-9.200176,-3.141592,DRIVE_LANE,1,NONE,-4.9956,-4.9956,+X
75.2320,4.058716,-9.200176,-3.141592,DRIVE_LANE,1,NONE,-4.9956,-4.9956,+X
75.2480,4.066708,-9.200176,-3.141592,DRIVE_LANE,1,NONE,-4.9956,-4.9956,+X
75.2640,4.074701,-9.200176,-3.141592,DRIVE_LANE,1,NONE,-4.9956,-4.9956,+X
75.2800,4.082694,-9.200176,-3.141592,DRIVE_LANE,1,NONE,-4.9956,-4.9956,+X
75.2960,4.090687,-9.200176,-3.141592,DRIVE_LANE,1,NONE,-4.9956,-4.9956,+X
75.3120,4.098680,-9.200176,-3.141592,DRIVE_LANE,1,NONE,-4.9956,-4.9956,+X
75.3280,4.106673,-9.200176,-3.141592,DRIVE_LANE,1,NONE,-4.9956,-4.9956,+X
75.3440,4.114666,-9.200176,-3.141592,DRIVE_LANE,1,NONE,-4.9956,-4.9956,+X
75.3600,4.122659,-9.200176,-3.141592,DRIVE_LANE,1,NONE,-4.9956,-4.9956,+X
75.3760,4.130652,-9.200176,-3.141592,DRIVE_LANE,1,NONE,-4.9956,-4.9956,+X
75.3920,4.138645,-9.200176,-3.141592,DRIVE_LANE,1,NONE,-4.9956,-4.9956,+X
75.4080,4.146638,-9.200176,-3.141592,DRIVE_LANE,1,NONE,-4.9956,-4.9956,+X
75.4240,4.154631,-9.200176,-3.141592,DRIVE_LANE,1,NONE,-4.9956,-4.9956,+X
75.4400,4.162624,-9.200176,-3.141592,DRIVE_LANE,1,NONE,-4.9956,-4.9956,+X
75.4560,4.170617,-9.200176,-3.141592,DRIVE_LANE,1,NONE,-4.9956,-4.9956,+X
75.4720,4.178610,-9.200176,-3.141592,DRIVE_LANE,1,NONE,-4.9956,-4.9956,+X
75.4880,4.186603,-9.200176,-3.141592,DRIVE_LANE,1,NONE,-4.9956,-4.9956,+X
75.5040,4.194596,-9.200176,-3.141592,DRIVE_LANE,1,NONE,-4.9956,-4.9956,+X
75.5200,4.202589,-9.200176,-3.141592,DRIVE_LANE,1,NONE,-4.9956,-4.9956,+X
75.5360,4.210582,-9.200176,-3.141592,DRIVE_LANE,1,NONE,-4.9956,-4.9956,+X
75.5520,4.218575,-9.200176,-3.141592,DRIVE_LANE,1,NONE,-4.9956,-4.9956,+X
75.5680,4.226568,-9.200176,-3.141592,DRIVE_LANE,1,NONE,-4.9956,-4.9956,+X
75.5840,4.234561,-9.200176,-3.141592,DRIVE_LANE,1,NONE,-4.9956,-4.9956,+X
75.6000,4.242554,-9.200176,-3.141592,DRIVE_LANE,1,NONE,-4.9956,-4.9956,+X
75.6160,4.250547,-9.200176,-3.141592,DRIVE_LANE,1,NONE,-4.9956,-4.9956,+X
75.6320,4.258540,-9.200176,-3.141592,DRIVE_LANE,1,NONE,-4.9956,-4.9956,+X
75.6480,4.266533,-9.200176,-3.141592,DRIVE_LANE,1,NONE,-4.9956,-4.9956,+X
75.6640,4.274526,-9.200176,-3.141592,DRIVE_LANE,1,NONE,-4.9956,-4.9956,+X
75.6800,4.282519,-9.200176,-3.141592,DRIVE_LANE,1,NONE,-4.9956,-4.9956,+X
75.6960,4.290512,-9.200176,-3.141592,DRIVE_LANE,1,NONE,-4.9956,-4.9956,+X
75.7120,4.298505,-9.200176,-3.141592,DRIVE_LANE,1,NONE,-4.9956,-4.9956,+X
75.7280,4.306497,-9.200176,-3.141592,DRIVE_LANE,1,NONE,-4.9956,-4.9956,+X
75.7440,4.314490,-9.200176,-3.141592,DRIVE_LANE,1,NONE,-4.9956,-4.9956,+X
75.7600,4.322483,-9.200176,-3.141592,DRIVE_LANE,1,NONE,-4.9956,-4.9956,+X
75.7760,4.330476,-9.200176,-3.141592,DRIVE_LANE,1,NONE,-4.9956,-4.9956,+X
75.7920,4.338469,-9.200176,-3.141592,DRIVE_LANE,1,NONE,-4.9956,-4.9956,+X
75.8080,4.346462,-9.200176,-3.141592,DRIVE_LANE,1,NONE,-4.9956,-4.9956,+X
75.8240,4.354455,-9.200176,-3.141592,DRIVE_LANE,1,NONE,-4.9956,-4.9956,+X
75.8400,4.362448,-9.200176,-3.141592,DRIVE_LANE,1,NONE,-4.9956,-4.9956,+X
75.8560,4.370441,-9.200176,-3.141592,DRIVE_LANE,1,NONE,-4.9956,-4.9956,+X
75.8720,4.378434,-9.200176,-3.141592,DRIVE_LANE,1,NONE,-4.9956,-4.9956,+X
75.8880,4.386427,-9.200176,-3.141592,DRIVE_LANE,1,NONE,-4.9956,-4.9956,+X
75.9040,4.394420,-9.200176,-3.141592,DRIVE_LANE,1,NONE,-4.9956,-4.9956,+X
75.9200,4.402413,-9.200176,-3.141592,DRIVE_LANE,1,NONE,-4.9956,-4.9956,+X
75.9360,4.410406,-9.200176,-3.141592,DRIVE_LANE,1,NONE,-4.9956,-4.9956,+X
75.9520,4.418399,-9.200176,-3.141592,DRIVE_LANE,1,NONE,-4.9956,-4.9956,+X
75.9680,4.426392,-9.200176,-3.141592,DRIVE_LANE,1,NONE,-4.9956,-4.9956,+X
75.9840,4.434385,-9.200176,-3.141592,DRIVE_LANE,1,NONE,-4.9956,-4.9956,+X
76.0000,4.442378,-9.200176,-3.141592,DRIVE_LANE,1,NONE,-4.9956,-4.9956,+X
76.0160,4.450371,-9.200176,-3.141592,DRIVE_LANE,1,NONE,-4.9956,-4.9956,+X
76.0320,4.458364,-9.200176,-3.141592,DRIVE_LANE,1,NONE,-4.9956,-4.9956,+X
76.0480,4.466357,-9.200176,-3.141592,DRIVE_LANE,1,NONE,-4.9956,-4.9956,+X
76.0640,4.474350,-9.200176,-3.141592,DRIVE_LANE,1,NONE,-4.9956,-4.9956,+X
76.0800,4.482343,-9.200176,-3.141592,DRIVE_LANE,1,NONE,-4.9956,-4.9956,+X
76.0960,4.490336,-9.200176,-3.141592,DRIVE_LANE,1,NONE,-4.9956,-4.9956,+X
76.1120,4.498329,-9.200176,-3.141592,DRIVE_LANE,1,NONE,-4.9956,-4.9956,+X
76.1280,4.506322,-9.200176,-3.141592,DRIVE_LANE,1,NONE,-4.9956,-4.9956,+X
76.1440,4.514315,-9.200176,-3.141592,DRIVE_LANE,1,NONE,-4.9956,-4.9956,+X
76.1600,4.522308,-9.200176,-3.141592,DRIVE_LANE,1,NONE,-4.9956,-4.9956,+X
76.1760,4.530301,-9.200176,-3.141592,DRIVE_LANE,1,NONE,-4.9956,-4.9956,+X
76.1920,4.538294,-9.200176,-3.141592,DRIVE_LANE,1,NONE,-4.9956,-4.9956,+X
76.2080,4.546287,-9.200176,-3.141592,DRIVE_LANE,1,NONE,-4.9956,-4.9956,+X
76.2240,4.554280,-9.200176,-3.141592,DRIVE_LANE,1,NONE,-4.9956,-4.9956,+X
76.2400,4.562273,-9.200176,-3.141592,DRIVE_LANE,1,NONE,-4.9956,-4.9956,+X
76.2560,4.570266,-9.200176,-3.141592,DRIVE_LANE,1,NONE,-4.9956,-4.9956,+X
76.2720,4.578259,-9.200176,-3.141592,DRIVE_LANE,1,NONE,-4.9956,-4.9956,+X
76.2880,4.586252,-9.200176,-3.141592,DRIVE_LANE,1,NONE,-4.9956,-4.9956,+X
76.3040,4.594245,-9.200176,-3.141592,DRIVE_LANE,1,NONE,-4.9956,-4.9956,+X
76.3200,4.602238,-9.200176,-3.141592,DRIVE_LANE,1,NONE,-4.9956,-4.9956,+X
76.3360,4.610231,-9.200176,-3.141592,DRIVE_LANE,1,NONE,-4.9956,-4.9956,+X
76.3520,4.618223,-9.200176,-3.141592,DRIVE_LANE,1,NONE,-4.9956,-4.9956,+X
76.3680,4.626216,-9.200176,-3.141592,DRIVE_LANE,1,NONE,-4.9956,-4.9956,+X
76.3840,4.634209,-9.200176,-3.141592,DRIVE_LANE,1,NONE,-4.9956,-4.9956,+X
76.4000,4.642202,-9.200176,-3.141592,DRIVE_LANE,1,NONE,-4.9956,-4.9956,+X
76.4160,4.650195,-9.200176,-3.141592,DRIVE_LANE,1,NONE,-4.9956,-4.9956,+X
76.4320,4.658188,-9.200176,-3.141592,DRIVE_LANE,1,NONE,-4.9956,-4.9956,+X
76.4480,4.666181,-9.200176,-3.141592,DRIVE_LANE,1,NONE,-4.9956,-4.9956,+X
76.4640,4.674174,-9.200176,-3.141592,DRIVE_LANE,1,NONE,-4.9956,-4.9956,+X
76.4800,4.682167,-9.200176,-3.141592,DRIVE_LANE,1,NONE,-4.9956,-4.9956,+X
76.4960,4.690160,-9.200176,-3.141592,DRIVE_LANE,1,NONE,-4.9956,-4.9956,+X
76.5120,4.698153,-9.200175,-3.141592,DRIVE_LANE,1,NONE,-4.9956,-4.9956,+X
76.5280,4.706146,-9.200175,-3.141592,DRIVE_LANE,1,NONE,-4.9956,-4.9956,+X
76.5440,4.714139,-9.200175,-3.141592,DRIVE_LANE,1,NONE,-4.9956,-4.9956,+X
76.5600,4.722132,-9.200175,-3.141592,DRIVE_LANE,1,NONE,-4.9956,-4.9956,+X
76.5760,4.730125,-9.200175,-3.141592,DRIVE_LANE,1,NONE,-4.9956,-4.9956,+X
76.5920,4.738118,-9.200175,-3.141592,DRIVE_LANE,1,NONE,-4.9956,-4.9956,+X
76.6080,4.746111,-9.200175,-3.141592,DRIVE_LANE,1,NONE,-4.9956,-4.9956,+X
76.6240,4.754104,-9.200175,-3.141592,DRIVE_LANE,1,NONE,-4.9956,-4.9956,+X
76.6400,4.762097,-9.200175,-3.141592,DRIVE_LANE,1,NONE,-4.9956,-4.9956,+X
76.6560,4.770090,-9.200175,-3.141592,DRIVE_LANE,1,NONE,-4.9956,-4.9956,+X
76.6720,4.778083,-9.200175,-3.141592,DRIVE_LANE,1,NONE,-4.9956,-4.9956,+X
76.6880,4.786076,-9.200175,-3.141592,DRIVE_LANE,1,NONE,-4.9956,-4.9956,+X
76.7040,4.794069,-9.200175,-3.141592,DRIVE_LANE,1,NONE,-4.9956,-4.9956,+X
76.7200,4.802062,-9.200175,-3.141592,DRIVE_LANE,1,NONE,-4.9956,-4.9956,+X
76.7360,4.810055,-9.200175,-3.141592,DRIVE_LANE,1,NONE,-4.9956,-4.9956,+X
76.7520,4.818048,-9.200175,-3.141592,DRIVE_LANE,1,NONE,-4.9956,-4.9956,+X
76.7680,4.826041,-9.200175,-3.141592,DRIVE_LANE,1,NONE,-4.9956,-4.9956,+X
76.7840,4.834034,-9.200175,-3.141592,DRIVE_LANE,1,NONE,-4.9956,-4.9956,+X
76.8000,4.842027,-9.200175,-3.141592,DRIVE_LANE,1,NONE,-4.9956,-4.9956,+X
76.8160,4.850020,-9.200175,-3.141592,DRIVE_LANE,1,NONE,-4.9956,-4.9956,+X
76.8320,4.858013,-9.200175,-3.141592,DRIVE_LANE,1,NONE,-4.9956,-4.9956,+X
76.8480,4.866006,-9.200175,-3.141592,DRIVE_LANE,1,NONE,-4.9956,-4.9956,+X
76.8640,4.873999,-9.200175,-3.141592,DRIVE_LANE,1,NONE,-4.9956,-4.9956,+X
76.8800,4.881992,-9.200175,-3.141592,DRIVE_LANE,1,NONE,-4.9956,-4.9956,+X
76.8960,4.889985,-9.200175,-3.141592,DRIVE_LANE,1,NONE,-4.9956,-4.9956,+X
76.9120,4.897978,-9.200175,-3.141592,DRIVE_LANE,1,NONE,-4.9956,-4.9956,+X
76.9280,4.905971,-9.200175,-3.141592,DRIVE_LANE,1,NONE,-4.9956,-4.9956,+X
76.9440,4.913964,-9.200175,-3.141592,DRIVE_LANE,1,NONE,-4.9956,-4.9956,+X
76.9600,4.921957,-9.200175,-3.141592,DRIVE_LANE,1,NONE,-4.9956,-4.9956,+X
76.9760,4.929950,-9.200175,-3.141592,DRIVE_LANE,1,NONE,-4.9956,-4.9956,+X
76.9920,4.937943,-9.200175,-3.141592,DRIVE_LANE,1,NONE,-4.9956,-4.9956,+X
77.0080,4.945936,-9.200175,-3.141592,DRIVE_LANE,1,NONE,-4.9956,-4.9956,+X
77.0240,4.953929,-9.200175,-3.141592,DRIVE_LANE,1,NONE,-4.9956,-4.9956,+X
77.0400,4.961922,-9.200175,-3.141592,DRIVE_LANE,1,NONE,-4.9956,-4.9956,+X
77.0560,4.969915,-9.200175,-3.141592,DRIVE_LANE,1,NONE,-4.9956,-4.9956,+X
77.0720,4.977908,-9.200175,-3.141592,DRIVE_LANE,1,NONE,-4.9956,-4.9956,+X
77.0880,4.985901,-9.200175,-3.141592,DRIVE_LANE,1,NONE,-4.9956,-4.9956,+X
77.1040,4.993894,-9.200175,-3.141592,DRIVE_LANE,1,NONE,-4.9956,-4.9956,+X
77.1200,5.001887,-9.200175,-3.141592,DRIVE_LANE,1,NONE,-4.9956,-4.9956,+X
77.1360,5.009880,-9.200175,-3.141592,DRIVE_LANE,1,NONE,-4.9956,-4.9956,+X
77.1520,5.017873,-9.200175,-3.141592,DRIVE_LANE,1,NONE,-4.9956,-4.9956,+X
77.1680,5.025866,-9.200175,-3.141592,DRIVE_LANE,1,NONE,-4.9956,-4.9956,+X
77.1840,5.033859,-9.200175,-3.141592,DRIVE_LANE,1,NONE,-4.9956,-4.9956,+X
77.2000,5.041852,-9.200175,-3.141592,DRIVE_LANE,1,NONE,-4.9956,-4.9956,+X
77.2160,5.049845,-9.200175,-3.141592,DRIVE_LANE,1,NONE,-4.9956,-4.9956,+X
77.2320,5.057838,-9.200175,-3.141592,DRIVE_LANE,1,NONE,-4.9956,-4.9956,+X
77.2480,5.065831,-9.200175,-3.141592,DRIVE_LANE,1,NONE,-4.9956,-4.9956,+X
77.2640,5.073824,-9.200175,-3.141592,DRIVE_LANE,1,NONE,-4.9956,-4.9956,+X
77.2800,5.081817,-9.200175,-3.141592,DRIVE_LANE,1,NONE,-4.9956,-4.9956,+X
77.2960,5.089810,-9.200175,-3.141592,DRIVE_LANE,1,NONE,-4.9956,-4.9956,+X
77.3120,5.097803,-9.200175,-3.141592,DRIVE_LANE,1,NONE,-4.9956,-4.9956,+X
77.3280,5.105796,-9.200175,-3.141592,DRIVE_LANE,1,NONE,-4.9956,-4.9956,+X
77.3440,5.113788,-9.200175,-3.141592,DRIVE_LANE,1,NONE,-4.9956,-4.9956,+X
77.3600,5.121781,-9.200175,-3.141592,DRIVE_LANE,1,NONE,-4.9956,-4.9956,+X
77.3760,5.129774,-9.200175,-3.141592,DRIVE_LANE,1,NONE,-4.9956,-4.9956,+X
77.3920,5.137767,-9.200175,-3.141592,DRIVE_LANE,1,NONE,-4.9956,-4.9956,+X
77.4080,5.145760,-9.200175,-3.141592,DRIVE_LANE,1,NONE,-4.9956,-4.9956,+X
77.4240,5.153753,-9.200175,-3.141592,DRIVE_LANE,1,NONE,-4.9956,-4.9956,+X
77.4400,5.161746,-9.200175,-3.141592,DRIVE_LANE,1,NONE,-4.9956,-4.9956,+X
77.4560,5.169739,-9.200175,-3.141592,DRIVE_LANE,1,NONE,-4.9956,-4.9956,+X
77.4720,5.177732,-9.200175,-3.141592,DRIVE_LANE,1,NONE,-4.9956,-4.9956,+X
77.4880,5.185725,-9.200175,-3.141592,DRIVE_LANE,1,NONE,-4.9956,-4.9956,+X
77.5040,5.193718,-9.200175,-3.141592,DRIVE_LANE,1,NONE,-4.9956,-4.9956,+X
77.5200,5.201711,-9.200175,-3.141592,DRIVE_LANE,1,NONE,-4.9956,-4.9956,+X
77.5360,5.209704,-9.200175,-3.141592,DRIVE_LANE,1,NONE,-4.9956,-4.9956,+X
77.5520,5.217697,-9.200175,-3.141592,DRIVE_LANE,1,NONE,-4.9956,-4.9956,+X
77.5680,5.225690,-9.200175,-3.141592,DRIVE_LANE,1,NONE,-4.9956,-4.9956,+X
77.5840,5.233683,-9.200175,-3.141592,DRIVE_LANE,1,NONE,-4.9956,-4.9956,+X
77.6000,5.241676,-9.200175,-3.141592,DRIVE_LANE,1,NONE,-4.9956,-4.9956,+X
77.6160,5.249669,-9.200175,-3.141592,DRIVE_LANE,1,NONE,-4.9956,-4.9956,+X
77.6320,5.257662,-9.200175,-3.141592,DRIVE_LANE,1,NONE,-4.9956,-4.9956,+X
77.6480,5.265655,-9.200175,-3.141592,DRIVE_LANE,1,NONE,-4.9956,-4.9956,+X
77.6640,5.273648,-9.200175,-3.141592,DRIVE_LANE,1,NONE,-4.9956,-4.9956,+X
77.6800,5.281641,-9.200175,-3.141592,DRIVE_LANE,1,NONE,-4.9956,-4.9956,+X
77.6960,5.289634,-9.200175,-3.141592,DRIVE_LANE,1,NONE,-4.9956,-4.9956,+X
77.7120,5.297627,-9.200175,-3.141592,DRIVE_LANE,1,NONE,-4.9956,-4.9956,+X
77.7280,5.305620,-9.200175,-3.141592,DRIVE_LANE,1,NONE,-4.9956,-4.9956,+X
77.7440,5.313613,-9.200175,-3.141592,DRIVE_LANE,1,NONE,-4.9956,-4.9956,+X
77.7600,5.321606,-9.200175,-3.141592,DRIVE_LANE,1,NONE,-4.9956,-4.9956,+X
77.7760,5.329599,-9.200175,-3.141592,DRIVE_LANE,1,NONE,-4.9956,-4.9956,+X
77.7920,5.337592,-9.200175,-3.141592,DRIVE_LANE,1,NONE,-4.9956,-4.9956,+X
77.8080,5.345585,-9.200175,-3.141592,DRIVE_LANE,1,NONE,-4.9956,-4.9956,+X
77.8240,5.353578,-9.200175,-3.141592,DRIVE_LANE,1,NONE,-4.9956,-4.9956,+X
77.8400,5.361571,-9.200175,-3.141592,DRIVE_LANE,1,NONE,-4.9956,-4.9956,+X
77.8560,5.369564,-9.200175,-3.141592,DRIVE_LANE,1,NONE,-4.9956,-4.9956,+X
77.8720,5.377557,-9.200175,-3.141592,DRIVE_LANE,1,NONE,-4.9956,-4.9956,+X
77.8880,5.385550,-9.200175,-3.141592,DRIVE_LANE,1,NONE,-4.9956,-4.9956,+X
77.9040,5.393543,-9.200175,-3.141592,DRIVE_LANE,1,NONE,-4.9956,-4.9956,+X
77.9200,5.401536,-9.200175,-3.141592,DRIVE_LANE,1,NONE,-4.9956,-4.9956,+X
77.9360,5.409529,-9.200175,-3.141592,DRIVE_LANE,1,NONE,-4.9956,-4.9956,+X
77.9520,5.417522,-9.200175,-3.141592,DRIVE_LANE,1,NONE,-4.9956,-4.9956,+X
77.9680,5.425515,-9.200175,-3.141592,DRIVE_LANE,1,NONE,-4.9956,-4.9956,+X
77.9840,5.433508,-9.200175,-3.141592,DRIVE_LANE,1,NONE,-4.9956,-4.9956,+X
78.0000,5.441501,-9.200175,-3.141592,DRIVE_LANE,1,NONE,-4.9956,-4.9956,+X
78.0160,5.449494,-9.200175,-3.141592,DRIVE_LANE,1,NONE,-4.9956,-4.9956,+X
78.0320,5.457487,-9.200175,-3.141592,DRIVE_LANE,1,NONE,-4.9956,-4.9956,+X
78.0480,5.465480,-9.200175,-3.141592,DRIVE_LANE,1,NONE,-4.9956,-4.9956,+X
78.0640,5.473473,-9.200175,-3.141592,DRIVE_LANE,1,NONE,-4.9956,-4.9956,+X
78.0800,5.481466,-9.200175,-3.141592,DRIVE_LANE,1,NONE,-4.9956,-4.9956,+X
78.0960,5.489459,-9.200175,-3.141592,DRIVE_LANE,1,NONE,-4.9956,-4.9956,+X
78.1120,5.497452,-9.200175,-3.141592,DRIVE_LANE,1,NONE,-4.9956,-4.9956,+X
78.1280,5.505445,-9.200175,-3.141592,DRIVE_LANE,1,NONE,-4.9956,-4.9956,+X
78.1440,5.513438,-9.200175,-3.141592,DRIVE_LANE,1,NONE,-4.9956,-4.9956,+X
78.1600,5.521431,-9.200175,-3.141592,DRIVE_LANE,1,NONE,-4.9956,-4.9956,+X
78.1760,5.529424,-9.200175,-3.141592,DRIVE_LANE,1,NONE,-4.9956,-4.9956,+X
78.1920,5.537417,-9.200175,-3.141592,DRIVE_LANE,1,NONE,-4.9956,-4.9956,+X
78.2080,5.545410,-9.200175,-3.141592,DRIVE_LANE,1,NONE,-4.9956,-4.9956,+X
78.2240,5.553403,-9.200175,-3.141592,DRIVE_LANE,1,NONE,-4.9956,-4.9956,+X
78.2400,5.561396,-9.200175,-3.141592,DRIVE_LANE,1,NONE,-4.9956,-4.9956,+X
78.2560,5.569389,-9.200175,-3.141592,DRIVE_LANE,1,NONE,-4.9956,-4.9956,+X
78.2720,5.577382,-9.200175,-3.141592,DRIVE_LANE,1,NONE,-4.9956,-4.9956,+X
78.2880,5.585375,-9.200175,-3.141592,DRIVE_LANE,1,NONE,-4.9956,-4.9956,+X
78.3040,5.593368,-9.200175,-3.141592,DRIVE_LANE,1,NONE,-4.9956,-4.9956,+X
78.3200,5.601361,-9.200175,-3.141592,DRIVE_LANE,1,NONE,-4.9956,-4.9956,+X
78.3360,5.609354,-9.200175,-3.141592,DRIVE_LANE,1,NONE,-4.9956,-4.9956,+X
78.3520,5.617347,-9.200175,-3.141592,DRIVE_LANE,1,NONE,-4.9956,-4.9956,+X
78.3680,5.625340,-9.200175,-3.141592,DRIVE_LANE,1,NONE,-4.9956,-4.9956,+X
78.3840,5.633333,-9.200175,-3.141592,DRIVE_LANE,1,NONE,-4.9956,-4.9956,+X
78.4000,5.641326,-9.200175,-3.141592,DRIVE_LANE,1,NONE,-4.9956,-4.9956,+X
78.4160,5.649319,-9.200175,-3.141592,DRIVE_LANE,1,NONE,-4.9956,-4.9956,+X
78.4320,5.657312,-9.200175,-3.141592,DRIVE_LANE,1,NONE,-4.9956,-4.9956,+X
78.4480,5.665305,-9.200175,-3.141592,DRIVE_LANE,1,NONE,-4.9956,-4.9956,+X
78.4640,5.673298,-9.200175,-3.141592,DRIVE_LANE,1,NONE,-4.9956,-4.9956,+X
78.4800,5.681291,-9.200175,-3.141592,DRIVE_LANE,1,NONE,-4.9956,-4.9956,+X
78.4960,5.689284,-9.200175,-3.141592,DRIVE_LANE,1,NONE,-4.9956,-4.9956,+X
78.5120,5.697277,-9.200175,-3.141592,DRIVE_LANE,1,NONE,-4.9956,-4.9956,+X
78.5280,5.705270,-9.200175,-3.141592,DRIVE_LANE,1,NONE,-4.9956,-4.9956,+X
78.5440,5.713263,-9.200175,-3.141592,DRIVE_LANE,1,NONE,-4.9956,-4.9956,+X
78.5600,5.721256,-9.200175,-3.141592,DRIVE_LANE,1,NONE,-4.9956,-4.9956,+X
78.5760,5.729249,-9.200175,-3.141592,DRIVE_LANE,1,NONE,-4.9956,-4.9956,+X
78.5920,5.737242,-9.200175,-3.141592,DRIVE_LANE,1,NONE,-4.9956,-4.9956,+X
78.6080,5.745235,-9.200175,-3.141592,DRIVE_LANE,1,NONE,-4.9956,-4.9956,+X
78.6240,5.753228,-9.200175,-3.141592,DRIVE_LANE,1,NONE,-4.9956,-4.9956,+X
78.6400,5.761221,-9.200175,-3.141592,DRIVE_LANE,1,NONE,-4.9956,-4.9956,+X
78.6560,5.769214,-9.200175,-3.141592,DRIVE_LANE,1,NONE,-4.9956,-4.9956,+X
78.6720,5.777207,-9.200175,-3.141592,DRIVE_LANE,1,NONE,-4.9956,-4.9956,+X
78.6880,5.785200,-9.200175,-3.141592,DRIVE_LANE,1,NONE,-4.9956,-4.9956,+X
78.7040,5.793193,-9.200175,-3.141592,DRIVE_LANE,1,NONE,-4.9956,-4.9956,+X
78.7200,5.801186,-9.200175,-3.141592,DRIVE_LANE,1,NONE,-4.9956,-4.9956,+X
78.7360,5.809179,-9.200175,-3.141592,DRIVE_LANE,1,NONE,-4.9956,-4.9956,+X
78.7520,5.817172,-9.200175,-3.141592,DRIVE_LANE,1,NONE,-4.9956,-4.9956,+X
78.7680,5.825165,-9.200175,-3.141592,DRIVE_LANE,1,NONE,-4.9956,-4.9956,+X
78.7840,5.833158,-9.200175,-3.141592,DRIVE_LANE,1,NONE,-4.9956,-4.9956,+X
78.8000,5.841151,-9.200175,-3.141592,DRIVE_LANE,1,NONE,-4.9956,-4.9956,+X
78.8160,5.849144,-9.200175,-3.141592,DRIVE_LANE,1,NONE,-4.9956,-4.9956,+X
78.8320,5.857137,-9.200175,-3.141592,DRIVE_LANE,1,NONE,-4.9956,-4.9956,+X
78.8480,5.865130,-9.200175,-3.141592,DRIVE_LANE,1,NONE,-4.9956,-4.9956,+X
78.8640,5.873123,-9.200175,-3.141592,DRIVE_LANE,1,NONE,-4.9956,-4.9956,+X
78.8800,5.881116,-9.200175,-3.141592,DRIVE_LANE,1,NONE,-4.9956,-4.9956,+X
78.8960,5.889109,-9.200175,-3.141592,DRIVE_LANE,1,NONE,-4.9956,-4.9956,+X
78.9120,5.897102,-9.200175,-3.141592,DRIVE_LANE,1,NONE,-4.9956,-4.9956,+X
78.9280,5.905095,-9.200175,-3.141592,DRIVE_LANE,1,NONE,-4.9956,-4.9956,+X
78.9440,5.913088,-9.200175,-3.141592,DRIVE_LANE,1,NONE,-4.9956,-4.9956,+X
78.9600,5.921081,-9.200175,-3.141592,DRIVE_LANE,1,NONE,-4.9956,-4.9956,+X
78.9760,5.929074,-9.200175,-3.141592,DRIVE_LANE,1,NONE,-4.9956,-4.9956,+X
78.9920,5.937067,-9.200175,-3.141592,DRIVE_LANE,1,NONE,-4.9956,-4.9956,+X
79.0080,5.945060,-9.200175,-3.141592,DRIVE_LANE,1,NONE,-4.9956,-4.9956,+X
79.0240,5.953053,-9.200175,-3.141592,DRIVE_LANE,1,NONE,-4.9956,-4.9956,+X
79.0400,5.961047,-9.200175,-3.141592,DRIVE_LANE,1,NONE,-4.9956,-4.9956,+X
79.0560,5.969040,-9.200175,-3.141592,DRIVE_LANE,1,NONE,-4.9956,-4.9956,+X
79.0720,5.977033,-9.200175,-3.141592,DRIVE_LANE,1,NONE,-4.9956,-4.9956,+X
79.0880,5.985026,-9.200175,-3.141592,DRIVE_LANE,1,NONE,-4.9956,-4.9956,+X
79.1040,5.993019,-9.200175,-3.141592,DRIVE_LANE,1,NONE,-4.9956,-4.9956,+X
79.1200,6.001012,-9.200175,-3.141592,DRIVE_LANE,1,NONE,-4.9956,-4.9956,+X
79.1360,6.009005,-9.200175,-3.141592,DRIVE_LANE,1,NONE,-4.9956,-4.9956,+X
79.1520,6.016998,-9.200175,-3.141592,DRIVE_LANE,1,NONE,-4.9956,-4.9956,+X
79.1680,6.024991,-9.200175,-3.141592,DRIVE_LANE,1,NONE,-4.9956,-4.9956,+X
79.1840,6.032984,-9.200175,-3.141592,DRIVE_LANE,1,NONE,-4.9956,-4.9956,+X
79.2000,6.040977,-9.200175,-3.141592,DRIVE_LANE,1,NONE,-4.9956,-4.9956,+X
79.2160,6.048970,-9.200175,-3.141592,DRIVE_LANE,1,NONE,-4.9956,-4.9956,+X
79.2320,6.056963,-9.200175,-3.141592,DRIVE_LANE,1,NONE,-4.9956,-4.9956,+X
79.2480,6.064956,-9.200175,-3.141592,DRIVE_LANE,1,NONE,-4.9956,-4.9956,+X
79.2640,6.072949,-9.200174,-3.141592,DRIVE_LANE,1,NONE,-4.9956,-4.9956,+X
79.2800,6.080942,-9.200174,-3.141592,DRIVE_LANE,1,NONE,-4.9956,-4.9956,+X
79.2960,6.088935,-9.200174,-3.141592,DRIVE_LANE,1,NONE,-4.9956,-4.9956,+X
79.3120,6.096928,-9.200174,-3.141592,DRIVE_LANE,1,NONE,-4.9956,-4.9956,+X
79.3280,6.104921,-9.200174,-3.141592,DRIVE_LANE,1,NONE,-4.9956,-4.9956,+X
79.3440,6.112914,-9.200174,-3.141592,DRIVE_LANE,1,NONE,-4.9956,-4.9956,+X
79.3600,6.120907,-9.200174,-3.141592,DRIVE_LANE,1,NONE,-4.9956,-4.9956,+X
79.3760,6.128900,-9.200174,-3.141592,DRIVE_LANE,1,NONE,-4.9956,-4.9956,+X
79.3920,6.136893,-9.200174,-3.141592,DRIVE_LANE,1,NONE,-4.9956,-4.9956,+X
79.4080,6.144886,-9.200174,-3.141592,DRIVE_LANE,1,NONE,-4.9956,-4.9956,+X
79.4240,6.152879,-9.200174,-3.141592,DRIVE_LANE,1,NONE,-4.9956,-4.9956,+X
79.4400,6.160872,-9.200174,-3.141592,DRIVE_LANE,1,NONE,-4.9956,-4.9956,+X
79.4560,6.168865,-9.200174,-3.141592,DRIVE_LANE,1,NONE,-4.9956,-4.9956,+X
79.4720,6.176858,-9.200174,-3.141592,DRIVE_LANE,1,NONE,-4.9956,-4.9956,+X
79.4880,6.184851,-9.200174,-3.141592,DRIVE_LANE,1,NONE,-4.9956,-4.9956,+X
79.5040,6.192844,-9.200174,-3.141592,DRIVE_LANE,1,NONE,-4.9956,-4.9956,+X
79.5200,6.200837,-9.200174,-3.141592,DRIVE_LANE,1,NONE,-4.9956,-4.9956,+X
79.5360,6.208830,-9.200174,-3.141592,DRIVE_LANE,1,NONE,-4.9956,-4.9956,+X
79.5520,6.216823,-9.200174,-3.141592,DRIVE_LANE,1,NONE,-4.9956,-4.9956,+X
79.5680,6.224816,-9.200174,-3.141592,DRIVE_LANE,1,NONE,-4.9956,-4.9956,+X
79.5840,6.232809,-9.200174,-3.141592,DRIVE_LANE,1,NONE,-4.9956,-4.9956,+X
79.6000,6.240802,-9.200174,-3.141592,DRIVE_LANE,1,NONE,-4.9956,-4.9956,+X
79.6160,6.248795,-9.200174,-3.141592,DRIVE_LANE,1,NONE,-4.9956,-4.9956,+X
79.6320,6.256788,-9.200174,-3.141592,DRIVE_LANE,1,NONE,-4.9956,-4.9956,+X
79.6480,6.264781,-9.200174,-3.141592,DRIVE_LANE,1,NONE,-4.9956,-4.9956,+X
79.6640,6.272774,-9.200174,-3.141592,DRIVE_LANE,1,NONE,-4.9956,-4.9956,+X
79.6800,6.280767,-9.200174,-3.141592,DRIVE_LANE,1,NONE,-4.9956,-4.9956,+X
79.6960,6.288760,-9.200174,-3.141592,DRIVE_LANE,1,NONE,-4.9956,-4.9956,+X
79.7120,6.296753,-9.200174,-3.141592,DRIVE_LANE,1,NONE,-4.9956,-4.9956,+X
79.7280,6.304746,-9.200174,-3.141592,DRIVE_LANE,1,NONE,-4.9956,-4.9956,+X
79.7440,6.312739,-9.200174,-3.141592,DRIVE_LANE,1,NONE,-4.9956,-4.9956,+X
79.7600,6.320732,-9.200174,-3.141592,DRIVE_LANE,1,NONE,-4.9956,-4.9956,+X
79.7760,6.328725,-9.200174,-3.141592,DRIVE_LANE,1,NONE,-4.9956,-4.9956,+X
79.7920,6.336718,-9.200174,-3.141592,DRIVE_LANE,1,NONE,-4.9956,-4.9956,+X
79.8080,6.344711,-9.200174,-3.141592,DRIVE_LANE,1,NONE,-4.9956,-4.9956,+X
79.8240,6.352704,-9.200174,-3.141592,DRIVE_LANE,1,NONE,-4.9956,-4.9956,+X
79.8400,6.360697,-9.200174,-3.141592,DRIVE_LANE,1,NONE,-4.9956,-4.9956,+X
79.8560,6.368690,-9.200174,-3.141592,DRIVE_LANE,1,NONE,-4.9956,-4.9956,+X
79.8720,6.376683,-9.200174,-3.141592,DRIVE_LANE,1,NONE,-4.9956,-4.9956,+X
79.8880,6.384676,-9.200174,-3.141592,DRIVE_LANE,1,NONE,-4.9956,-4.9956,+X
79.9040,6.392669,-9.200174,-3.141592,DRIVE_LANE,1,NONE,-4.9956,-4.9956,+X
79.9200,6.400662,-9.200174,-3.141592,DRIVE_LANE,1,NONE,-4.9956,-4.9956,+X
79.9360,6.408655,-9.200174,-3.141592,DRIVE_LANE,1,NONE,-4.9956,-4.9956,+X
79.9520,6.416648,-9.200174,-3.141592,DRIVE_LANE,1,NONE,-4.9956,-4.9956,+X
79.9680,6.424641,-9.200174,-3.141592,DRIVE_LANE,1,NONE,-4.9956,-4.9956,+X
79.9840,6.432634,-9.200174,-3.141592,DRIVE_LANE,1,NONE,-4.9956,-4.9956,+X
80.0000,6.440627,-9.200174,-3.141592,DRIVE_LANE,1,NONE,-4.9956,-4.9956,+X
80.0160,6.448620,-9.200174,-3.141592,DRIVE_LANE,1,NONE,-4.9956,-4.9956,+X
80.0320,6.456614,-9.200174,-3.141592,DRIVE_LANE,1,NONE,-4.9956,-4.9956,+X
80.0480,6.464607,-9.200174,-3.141592,DRIVE_LANE,1,NONE,-4.9956,-4.9956,+X
80.0640,6.472600,-9.200174,-3.141592,DRIVE_LANE,1,NONE,-4.9956,-4.9956,+X
80.0800,6.480593,-9.200174,-3.141592,DRIVE_LANE,1,NONE,-4.9956,-4.9956,+X
80.0960,6.488586,-9.200174,-3.141592,DRIVE_LANE,1,NONE,-4.9956,-4.9956,+X
80.1120,6.496579,-9.200174,-3.141592,DRIVE_LANE,1,NONE,-4.9956,-4.9956,+X
80.1280,6.504572,-9.200174,-3.141592,DRIVE_LANE,1,NONE,-4.9956,-4.9956,+X
80.1440,6.512565,-9.200174,-3.141592,DRIVE_LANE,1,NONE,-4.9956,-4.9956,+X
80.1600,6.520558,-9.200174,-3.141592,DRIVE_LANE,1,NONE,-4.9956,-4.9956,+X
80.1760,6.528551,-9.200174,-3.141592,DRIVE_LANE,1,NONE,-4.9956,-4.9956,+X
80.1920,6.536544,-9.200174,-3.141592,DRIVE_LANE,1,NONE,-4.9956,-4.9956,+X
80.2080,6.544537,-9.200174,-3.141592,DRIVE_LANE,1,NONE,-4.9956,-4.9956,+X
80.2240,6.552530,-9.200174,-3.141592,DRIVE_LANE,1,NONE,-4.9956,-4.9956,+X
80.2400,6.560523,-9.200174,-3.141592,DRIVE_LANE,1,NONE,-4.9956,-4.9956,+X
80.2560,6.568516,-9.200174,-3.141592,DRIVE_LANE,1,NONE,-4.9956,-4.9956,+X
80.2720,6.576509,-9.200174,-3.141592,DRIVE_LANE,1,NONE,-4.9956,-4.9956,+X
80.2880,6.584502,-9.200174,-3.141592,DRIVE_LANE,1,NONE,-4.9956,-4.9956,+X
80.3040,6.592495,-9.200174,-3.141592,DRIVE_LANE,1,NONE,-4.9956,-4.9956,+X
80.3200,6.600488,-9.200174,-3.141592,DRIVE_LANE,1,NONE,-4.9956,-4.9956,+X
80.3360,6.608481,-9.200174,-3.141592,DRIVE_LANE,1,NONE,-4.9956,-4.9956,+X
80.3520,6.616474,-9.200174,-3.141592,DRIVE_LANE,1,NONE,-4.9956,-4.9956,+X
80.3680,6.624467,-9.200174,-3.141592,DRIVE_LANE,1,NONE,-4.9956,-4.9956,+X
80.3840,6.632460,-9.200174,-3.141592,DRIVE_LANE,1,NONE,-4.9956,-4.9956,+X
80.4000,6.640453,-9.200174,-3.141592,DRIVE_LANE,1,NONE,-4.9956,-4.9956,+X
80.4160,6.648446,-9.200174,-3.141592,DRIVE_LANE,1,NONE,-4.9956,-4.9956,+X
80.4320,6.656439,-9.200174,-3.141592,DRIVE_LANE,1,NONE,-4.9956,-4.9956,+X
80.4480,6.664432,-9.200174,-3.141592,DRIVE_LANE,1,NONE,-4.9956,-4.9956,+X
80.4640,6.672425,-9.200174,-3.141592,DRIVE_LANE,1,NONE,-4.9956,-4.9956,+X
80.4800,6.680418,-9.200174,-3.141592,DRIVE_LANE,1,NONE,-4.9956,-4.9956,+X
80.4960,6.688411,-9.200174,-3.141592,DRIVE_LANE,1,NONE,-4.9956,-4.9956,+X
80.5120,6.696404,-9.200174,-3.141592,DRIVE_LANE,1,NONE,-4.9956,-4.9956,+X
80.5280,6.704397,-9.200174,-3.141592,DRIVE_LANE,1,NONE,-4.9956,-4.9956,+X
80.5440,6.712390,-9.200174,-3.141592,DRIVE_LANE,1,NONE,-4.9956,-4.9956,+X
80.5600,6.720383,-9.200174,-3.141592,DRIVE_LANE,1,NONE,-4.9956,-4.9956,+X
80.5760,6.728376,-9.200174,-3.141592,DRIVE_LANE,1,NONE,-4.9956,-4.9956,+X
80.5920,6.736369,-9.200174,-3.141592,DRIVE_LANE,1,NONE,-4.9956,-4.9956,+X
80.6080,6.744362,-9.200174,-3.141592,DRIVE_LANE,1,NONE,-4.9956,-4.9956,+X
80.6240,6.752355,-9.200174,-3.141592,DRIVE_LANE,1,NONE,-4.9956,-4.9956,+X
80.6400,6.760348,-9.200174,-3.141592,DRIVE_LANE,1,NONE,-4.9956,-4.9956,+X
80.6560,6.768342,-9.200174,-3.141592,DRIVE_LANE,1,NONE,-4.9956,-4.9956,+X
80.6720,6.776335,-9.200174,-3.141592,DRIVE_LANE,1,NONE,-4.9956,-4.9956,+X
80.6880,6.784328,-9.200174,-3.141592,DRIVE_LANE,1,NONE,-4.9956,-4.9956,+X
80.7040,6.792321,-9.200174,-3.141592,DRIVE_LANE,1,NONE,-4.9956,-4.9956,+X
80.7200,6.800314,-9.200174,-3.141592,DRIVE_LANE,1,NONE,-4.9956,-4.9956,+X
80.7360,6.808307,-9.200174,-3.141592,DRIVE_LANE,1,NONE,-4.9956,-4.9956,+X
80.7520,6.816300,-9.200174,-3.141592,DRIVE_LANE,1,NONE,-4.9956,-4.9956,+X
80.7680,6.824293,-9.200174,-3.141592,DRIVE_LANE,1,NONE,-4.9956,-4.9956,+X
80.7840,6.832286,-9.200174,-3.141592,DRIVE_LANE,1,NONE,-4.9956,-4.9956,+X
80.8000,6.840279,-9.200174,-3.141592,DRIVE_LANE,1,NONE,-4.9956,-4.9956,+X
80.8160,6.848272,-9.200174,-3.141592,DRIVE_LANE,1,NONE,-4.9956,-4.9956,+X
80.8320,6.856265,-9.200174,-3.141592,DRIVE_LANE,1,NONE,-4.9956,-4.9956,+X
80.8480,6.864258,-9.200174,-3.141592,DRIVE_LANE,1,NONE,-4.9956,-4.9956,+X
80.8640,6.872251,-9.200174,-3.141592,DRIVE_LANE,1,NONE,-4.9956,-4.9956,+X
80.8800,6.880244,-9.200174,-3.141592,DRIVE_LANE,1,NONE,-4.9956,-4.9956,+X
80.8960,6.888237,-9.200174,-3.141592,DRIVE_LANE,1,NONE,-4.9956,-4.9956,+X
80.9120,6.896230,-9.200174,-3.141592,DRIVE_LANE,1,NONE,-4.9956,-4.9956,+X
80.9280,6.904223,-9.200174,-3.141592,DRIVE_LANE,1,NONE,-4.9956,-4.9956,+X
80.9440,6.912216,-9.200174,-3.141592,DRIVE_LANE,1,NONE,-4.9956,-4.9956,+X
80.9600,6.920209,-9.200174,-3.141592,DRIVE_LANE,1,NONE,-4.9956,-4.9956,+X
80.9760,6.928202,-9.200174,-3.141592,DRIVE_LANE,1,NONE,-4.9956,-4.9956,+X
80.9920,6.936195,-9.200174,-3.141592,DRIVE_LANE,1,NONE,-4.9956,-4.9956,+X
81.0080,6.944188,-9.200174,-3.141592,DRIVE_LANE,1,NONE,-4.9956,-4.9956,+X
81.0240,6.952181,-9.200174,-3.141592,DRIVE_LANE,1,NONE,-4.9956,-4.9956,+X
81.0400,6.960174,-9.200174,-3.141592,DRIVE_LANE,1,NONE,-4.9956,-4.9956,+X
81.0560,6.968167,-9.200174,-3.141592,DRIVE_LANE,1,NONE,-4.9956,-4.9956,+X
81.0720,6.976160,-9.200174,-3.141592,DRIVE_LANE,1,NONE,-4.9956,-4.9956,+X
81.0880,6.984153,-9.200174,-3.141592,DRIVE_LANE,1,NONE,-4.9956,-4.9956,+X
81.1040,6.992146,-9.200174,-3.141592,DRIVE_LANE,1,NONE,-4.9956,-4.9956,+X
81.1200,7.000139,-9.200174,-3.141592,DRIVE_LANE,1,NONE,-4.9956,-4.9956,+X
81.1360,7.008132,-9.200174,-3.141592,DRIVE_LANE,1,NONE,-4.9956,-4.9956,+X
81.1520,7.016126,-9.200174,-3.141592,DRIVE_LANE,1,NONE,-4.9956,-4.9956,+X
81.1680,7.024119,-9.200174,-3.141592,DRIVE_LANE,1,NONE,-4.9956,-4.9956,+X
81.1840,7.032112,-9.200174,-3.141592,DRIVE_LANE,1,NONE,-4.9956,-4.9956,+X
81.2000,7.040105,-9.200174,-3.141592,DRIVE_LANE,1,NONE,-4.9956,-4.9956,+X
81.2160,7.048098,-9.200174,-3.141592,DRIVE_LANE,1,NONE,-4.9956,-4.9956,+X
81.2320,7.056091,-9.200174,-3.141592,DRIVE_LANE,1,NONE,-4.9956,-4.9956,+X
81.2480,7.064084,-9.200174,-3.141592,DRIVE_LANE,1,NONE,-4.9956,-4.9956,+X
81.2640,7.072077,-9.200174,-3.141592,DRIVE_LANE,1,NONE,-4.9956,-4.9956,+X
81.2800,7.080070,-9.200174,-3.141592,DRIVE_LANE,1,NONE,-4.9956,-4.9956,+X
81.2960,7.088063,-9.200174,-3.141592,DRIVE_LANE,1,NONE,-4.9956,-4.9956,+X
81.3120,7.096056,-9.200174,-3.141592,DRIVE_LANE,1,NONE,-4.9956,-4.9956,+X
81.3280,7.104049,-9.200174,-3.141592,DRIVE_LANE,1,NONE,-4.9956,-4.9956,+X
81.3440,7.112042,-9.200174,-3.141592,DRIVE_LANE,1,NONE,-4.9956,-4.9956,+X
81.3600,7.120035,-9.200174,-3.141592,DRIVE_LANE,1,NONE,-4.9956,-4.9956,+X
81.3760,7.128028,-9.200174,-3.141592,DRIVE_LANE,1,NONE,-4.9956,-4.9956,+X
81.3920,7.136021,-9.200174,-3.141592,DRIVE_LANE,1,NONE,-4.9956,-4.9956,+X
81.4080,7.144014,-9.200174,-3.141592,DRIVE_LANE,1,NONE,-4.9956,-4.9956,+X
81.4240,7.152007,-9.200174,-3.141592,DRIVE_LANE,1,NONE,-4.9956,-4.9956,+X
81.4400,7.160000,-9.200174,-3.141592,DRIVE_LANE,1,NONE,-4.9956,-4.9956,+X
81.4560,7.167993,-9.200174,-3.141592,DRIVE_LANE,1,NONE,-4.9956,-4.9956,+X
81.4720,7.175986,-9.200174,-3.141592,DRIVE_LANE,1,NONE,-4.9956,-4.9956,+X
81.4880,7.183979,-9.200174,-3.141592,DRIVE_LANE,1,NONE,-4.9956,-4.9956,+X
81.5040,7.191972,-9.200174,-3.141592,DRIVE_LANE,1,NONE,-4.9957,-4.9957,+X
81.5200,7.199965,-9.200174,-3.141592,DRIVE_LANE,1,NONE,-4.9957,-4.9957,+X
81.5360,7.207958,-9.200174,-3.141592,DRIVE_LANE,1,NONE,-4.9957,-4.9957,+X
81.5520,7.215951,-9.200174,-3.141592,DRIVE_LANE,1,NONE,-4.9957,-4.9957,+X
81.5680,7.223945,-9.200174,-3.141592,DRIVE_LANE,1,NONE,-4.9957,-4.9957,+X
81.5840,7.231938,-9.200174,-3.141592,DRIVE_LANE,1,NONE,-4.9957,-4.9957,+X
81.6000,7.239931,-9.200174,-3.141592,DRIVE_LANE,1,NONE,-4.9957,-4.9957,+X
81.6160,7.247924,-9.200174,-3.141592,DRIVE_LANE,1,NONE,-4.9957,-4.9957,+X
81.6320,7.255917,-9.200174,-3.141592,DRIVE_LANE,1,NONE,-4.9957,-4.9957,+X
81.6480,7.263910,-9.200174,-3.141592,DRIVE_LANE,1,NONE,-4.9957,-4.9957,+X
81.6640,7.271903,-9.200174,-3.141592,DRIVE_LANE,1,NONE,-4.9957,-4.9957,+X
81.6800,7.279896,-9.200174,-3.141592,DRIVE_LANE,1,NONE,-4.9957,-4.9957,+X
81.6960,7.287889,-9.200174,-3.141592,DRIVE_LANE,1,NONE,-4.9957,-4.9957,+X
81.7120,7.295882,-9.200174,-3.141592,DRIVE_LANE,1,NONE,-4.9957,-4.9957,+X
81.7280,7.303875,-9.200174,-3.141592,DRIVE_LANE,1,NONE,-4.9957,-4.9957,+X
81.7440,7.311868,-9.200174,-3.141592,DRIVE_LANE,1,NONE,-4.9957,-4.9957,+X
81.7600,7.319861,-9.200174,-3.141592,DRIVE_LANE,1,NONE,-4.9957,-4.9957,+X
81.7760,7.327854,-9.200174,-3.141592,DRIVE_LANE,1,NONE,-4.9957,-4.9957,+X
81.7920,7.335847,-9.200174,-3.141592,DRIVE_LANE,1,NONE,-4.9957,-4.9957,+X
81.8080,7.343840,-9.200174,-3.141592,DRIVE_LANE,1,NONE,-4.9957,-4.9957,+X
81.8240,7.351833,-9.200174,-3.141592,DRIVE_LANE,1,NONE,-4.9957,-4.9957,+X
81.8400,7.359826,-9.200174,-3.141592,DRIVE_LANE,1,NONE,-4.9957,-4.9957,+X
81.8560,7.367819,-9.200174,-3.141592,DRIVE_LANE,1,NONE,-4.9957,-4.9957,+X
81.8720,7.375812,-9.200174,-3.141592,DRIVE_LANE,1,NONE,-4.9957,-4.9957,+X
81.8880,7.383805,-9.200174,-3.141592,DRIVE_LANE,1,NONE,-4.9957,-4.9957,+X
81.9040,7.391798,-9.200174,-3.141592,DRIVE_LANE,1,NONE,-4.9957,-4.9957,+X
81.9200,7.399791,-9.200174,-3.141592,DRIVE_LANE,1,NONE,-4.9957,-4.9957,+X
81.9360,7.407784,-9.200174,-3.141592,DRIVE_LANE,1,NONE,-4.9957,-4.9957,+X
81.9520,7.415778,-9.200174,-3.141592,DRIVE_LANE,1,NONE,-4.9957,-4.9957,+X
81.9680,7.423771,-9.200174,-3.141592,DRIVE_LANE,1,NONE,-4.9957,-4.9957,+X
81.9840,7.431764,-9.200174,-3.141592,DRIVE_LANE,1,NONE,-4.9957,-4.9957,+X
82.0000,7.439757,-9.200174,-3.141592,DRIVE_LANE,1,NONE,-4.9957,-4.9957,+X
82.0160,7.447750,-9.200173,-3.141592,DRIVE_LANE,1,NONE,-4.9957,-4.9957,+X
82.0320,7.455743,-9.200173,-3.141592,DRIVE_LANE,1,NONE,-4.9957,-4.9957,+X
82.0480,7.463736,-9.200173,-3.141592,DRIVE_LANE,1,NONE,-4.9957,-4.9957,+X
82.0640,7.471729,-9.200173,-3.141592,DRIVE_LANE,1,NONE,-4.9957,-4.9957,+X
82.0800,7.479722,-9.200173,-3.141592,DRIVE_LANE,1,NONE,-4.9957,-4.9957,+X
82.0960,7.487715,-9.200173,-3.141592,DRIVE_LANE,1,NONE,-4.9957,-4.9957,+X
82.1120,7.495708,-9.200173,-3.141592,DRIVE_LANE,1,NONE,-4.9957,-4.9957,+X
82.1280,7.503701,-9.200173,-3.141592,DRIVE_LANE,1,NONE,-4.9957,-4.9957,+X
82.1440,7.511694,-9.200173,-3.141592,DRIVE_LANE,1,NONE,-4.9957,-4.9957,+X
82.1600,7.519687,-9.200173,-3.141592,DRIVE_LANE,1,NONE,-4.9957,-4.9957,+X
82.1760,7.527680,-9.200173,-3.141592,DRIVE_LANE,1,NONE,-4.9957,-4.9957,+X
82.1920,7.535673,-9.200173,-3.141592,DRIVE_LANE,1,NONE,-4.9957,-4.9957,+X
82.2080,7.543666,-9.200173,-3.141592,DRIVE_LANE,1,NONE,-4.9957,-4.9957,+X
82.2240,7.551659,-9.200173,-3.141592,DRIVE_LANE,1,NONE,-4.9957,-4.9957,+X
82.2400,7.559652,-9.200173,-3.141592,DRIVE_LANE,1,NONE,-4.9957,-4.9957,+X
82.2560,7.567645,-9.200173,-3.141592,DRIVE_LANE,1,NONE,-4.9957,-4.9957,+X
82.2720,7.575638,-9.200173,-3.141592,DRIVE_LANE,1,NONE,-4.9957,-4.9957,+X
82.2880,7.583632,-9.200173,-3.141592,DRIVE_LANE,1,NONE,-4.9957,-4.9957,+X
82.3040,7.591625,-9.200173,-3.141592,DRIVE_LANE,1,NONE,-4.9957,-4.9957,+X
82.3200,7.599618,-9.200173,-3.141592,DRIVE_LANE,1,NONE,-4.9957,-4.9957,+X
82.3360,7.607611,-9.200173,-3.141592,DRIVE_LANE,1,NONE,-4.9957,-4.9957,+X
82.3520,7.615604,-9.200173,-3.141592,DRIVE_LANE,1,NONE,-4.9957,-4.9957,+X
82.3680,7.623597,-9.200173,-3.141592,DRIVE_LANE,1,NONE,-4.9957,-4.9957,+X
82.3840,7.631590,-9.200173,-3.141592,DRIVE_LANE,1,NONE,-4.9957,-4.9957,+X
82.4000,7.639583,-9.200173,-3.141592,DRIVE_LANE,1,NONE,-4.9957,-4.9957,+X
82.4160,7.647576,-9.200173,-3.141592,DRIVE_LANE,1,NONE,-4.9957,-4.9957,+X
82.4320,7.655569,-9.200173,-3.141592,DRIVE_LANE,1,NONE,-4.9957,-4.9957,+X
82.4480,7.663562,-9.200173,-3.141592,DRIVE_LANE,1,NONE,-4.9957,-4.9957,+X
82.4640,7.671555,-9.200173,-3.141592,DRIVE_LANE,1,NONE,-4.9957,-4.9957,+X
82.4800,7.679548,-9.200173,-3.141592,DRIVE_LANE,1,NONE,-4.9957,-4.9957,+X
82.4960,7.687541,-9.200173,-3.141592,DRIVE_LANE,1,NONE,-4.9957,-4.9957,+X
82.5120,7.695534,-9.200173,-3.141592,DRIVE_LANE,1,NONE,-4.9957,-4.9957,+X
82.5280,7.703527,-9.200173,-3.141592,DRIVE_LANE,1,NONE,-4.9957,-4.9957,+X
82.5440,7.711520,-9.200173,-3.141592,DRIVE_LANE,1,NONE,-4.9957,-4.9957,+X
82.5600,7.719513,-9.200173,-3.141592,DRIVE_LANE,1,NONE,-4.9957,-4.9957,+X
82.5760,7.727506,-9.200173,-3.141592,DRIVE_LANE,1,NONE,-4.9957,-4.9957,+X
82.5920,7.735500,-9.200173,-3.141592,DRIVE_LANE,1,NONE,-4.9957,-4.9957,+X
82.6080,7.743493,-9.200173,-3.141592,DRIVE_LANE,1,NONE,-4.9957,-4.9957,+X
82.6240,7.751486,-9.200173,-3.141592,DRIVE_LANE,1,NONE,-4.9957,-4.9957,+X
82.6400,7.759479,-9.200173,-3.141592,DRIVE_LANE,1,NONE,-4.9957,-4.9957,+X
82.6560,7.767472,-9.200173,-3.141592,DRIVE_LANE,1,NONE,-4.9957,-4.9957,+X
82.6720,7.775465,-9.200173,-3.141592,DRIVE_LANE,1,NONE,-4.9957,-4.9957,+X
82.6880,7.783458,-9.200173,-3.141592,DRIVE_LANE,1,NONE,-4.9957,-4.9957,+X
82.7040,7.791451,-9.200173,-3.141592,DRIVE_LANE,1,NONE,-4.9957,-4.9957,+X
82.7200,7.799444,-9.200173,-3.141592,DRIVE_LANE,1,NONE,-4.9957,-4.9957,+X
82.7360,7.807437,-9.200173,-3.141592,DRIVE_LANE,1,NONE,-4.9957,-4.9957,+X
82.7520,7.815430,-9.200173,-3.141592,DRIVE_LANE,1,NONE,-4.9957,-4.9957,+X
82.7680,7.823423,-9.200173,-3.141592,DRIVE_LANE,1,NONE,-4.9957,-4.9957,+X
82.7840,7.831416,-9.200173,-3.141592,DRIVE_LANE,1,NONE,-4.9957,-4.9957,+X
82.8000,7.839409,-9.200173,-3.141592,DRIVE_LANE,1,NONE,-4.9957,-4.9957,+X
82.8160,7.847402,-9.200173,-3.141592,DRIVE_LANE,1,NONE,-4.9957,-4.9957,+X
82.8320,7.855395,-9.200173,-3.141592,DRIVE_LANE,1,NONE,-4.9957,-4.9957,+X
82.8480,7.863388,-9.200173,-3.141592,DRIVE_LANE,1,NONE,-4.9957,-4.9957,+X
82.8640,7.871381,-9.200173,-3.141592,DRIVE_LANE,1,NONE,-4.9957,-4.9957,+X
82.8800,7.879374,-9.200173,-3.141592,DRIVE_LANE,1,NONE,-4.9957,-4.9957,+X
82.8960,7.887368,-9.200173,-3.141592,DRIVE_LANE,1,NONE,-4.9957,-4.9957,+X
82.9120,7.895361,-9.200173,-3.141592,DRIVE_LANE,1,NONE,-4.9957,-4.9957,+X
82.9280,7.903354,-9.200173,-3.141592,DRIVE_LANE,1,NONE,-4.9957,-4.9957,+X
82.9440,7.911347,-9.200173,-3.141592,DRIVE_LANE,1,NONE,-4.9957,-4.9957,+X
82.9600,7.919340,-9.200173,-3.141592,DRIVE_LANE,1,NONE,-4.9957,-4.9957,+X
82.9760,7.927333,-9.200173,-3.141592,DRIVE_LANE,1,NONE,-4.9957,-4.9957,+X
82.9920,7.935326,-9.200173,-3.141592,DRIVE_LANE,1,NONE,-4.9957,-4.9957,+X
83.0080,7.943319,-9.200173,-3.141592,DRIVE_LANE,1,NONE,-4.9957,-4.9957,+X
83.0240,7.951312,-9.200173,-3.141592,DRIVE_LANE,1,NONE,-4.9957,-4.9957,+X
83.0400,7.959305,-9.200173,-3.141592,DRIVE_LANE,1,NONE,-4.9957,-4.9957,+X
83.0560,7.967298,-9.200173,-3.141592,DRIVE_LANE,1,NONE,-4.9957,-4.9957,+X
83.0720,7.975291,-9.200173,-3.141592,DRIVE_LANE,1,NONE,-4.9957,-4.9957,+X
83.0880,7.983284,-9.200173,-3.141592,DRIVE_LANE,1,NONE,-4.9957,-4.9957,+X
83.1040,7.991277,-9.200173,-3.141592,DRIVE_LANE,1,NONE,-4.9957,-4.9957,+X
83.1200,7.999270,-9.200173,-3.141592,DRIVE_LANE,1,NONE,-4.9957,-4.9957,+X
83.1360,8.007263,-9.200173,-3.141592,DRIVE_LANE,1,NONE,-4.9957,-4.9957,+X
83.1520,8.015256,-9.200173,-3.141592,DRIVE_LANE,1,NONE,-4.9957,-4.9957,+X
83.1680,8.023250,-9.200173,-3.141592,DRIVE_LANE,1,NONE,-4.9957,-4.9957,+X
83.1840,8.031243,-9.200173,-3.141592,DRIVE_LANE,1,NONE,-4.9957,-4.9957,+X
83.2000,8.039236,-9.200173,-3.141592,DRIVE_LANE,1,NONE,-4.9957,-4.9957,+X
83.2160,8.047229,-9.200173,-3.141592,DRIVE_LANE,1,NONE,-4.9957,-4.9957,+X
83.2320,8.055222,-9.200173,-3.141592,DRIVE_LANE,1,NONE,-4.9957,-4.9957,+X
83.2480,8.063215,-9.200173,-3.141592,DRIVE_LANE,1,NONE,-4.9957,-4.9957,+X
83.2640,8.071208,-9.200173,-3.141592,DRIVE_LANE,1,NONE,-4.9957,-4.9957,+X
83.2800,8.079201,-9.200173,-3.141592,DRIVE_LANE,1,NONE,-4.9957,-4.9957,+X
83.2960,8.087194,-9.200173,-3.141592,DRIVE_LANE,1,NONE,-4.9957,-4.9957,+X
83.3120,8.095187,-9.200173,-3.141592,DRIVE_LANE,1,NONE,-4.9957,-4.9957,+X
83.3280,8.103180,-9.200173,-3.141592,DRIVE_LANE,1,NONE,-4.9957,-4.9957,+X
83.3440,8.111173,-9.200173,-3.141592,DRIVE_LANE,1,NONE,-4.9957,-4.9957,+X
83.3600,8.119166,-9.200173,-3.141592,DRIVE_LANE,1,NONE,-4.9957,-4.9957,+X
83.3760,8.127159,-9.200173,-3.141592,DRIVE_LANE,1,NONE,-4.9957,-4.9957,+X
83.3920,8.135152,-9.200173,-3.141592,DRIVE_LANE,1,NONE,-4.9957,-4.9957,+X
83.4080,8.143145,-9.200173,-3.141592,DRIVE_LANE,1,NONE,-4.9957,-4.9957,+X
83.4240,8.151139,-9.200173,-3.141592,DRIVE_LANE,1,NONE,-4.9957,-4.9957,+X
83.4400,8.159132,-9.200173,-3.141592,DRIVE_LANE,1,NONE,-4.9957,-4.9957,+X
83.4560,8.167125,-9.200173,-3.141592,DRIVE_LANE,1,NONE,-4.9957,-4.9957,+X
83.4720,8.175118,-9.200173,-3.141592,DRIVE_LANE,1,NONE,-4.9957,-4.9957,+X
83.4880,8.183111,-9.200173,-3.141592,DRIVE_LANE,1,NONE,-4.9957,-4.9957,+X
83.5040,8.191104,-9.200173,-3.141592,DRIVE_LANE,1,NONE,-4.9957,-4.9957,+X
83.5200,8.199097,-9.200173,-3.141592,DRIVE_LANE,1,NONE,-4.9957,-4.9957,+X
83.5360,8.207090,-9.200173,-3.141592,DRIVE_LANE,1,NONE,-4.9957,-4.9957,+X
83.5520,8.215083,-9.200173,-3.141592,DRIVE_LANE,1,NONE,-4.9957,-4.9957,+X
83.5680,8.223076,-9.200173,-3.141592,DRIVE_LANE,1,NONE,-4.9957,-4.9957,+X
83.5840,8.231069,-9.200173,-3.141592,DRIVE_LANE,1,NONE,-4.9957,-4.9957,+X
83.6000,8.239062,-9.200173,-3.141592,DRIVE_LANE,1,NONE,-4.9957,-4.9957,+X
83.6160,8.247055,-9.200173,-3.141592,DRIVE_LANE,1,NONE,-4.9957,-4.9957,+X
83.6320,8.255048,-9.200173,-3.141592,DRIVE_LANE,1,NONE,-4.9957,-4.9957,+X
83.6480,8.263041,-9.200173,-3.141592,DRIVE_LANE,1,NONE,-4.9957,-4.9957,+X
83.6640,8.271034,-9.200173,-3.141592,DRIVE_LANE,1,NONE,-4.9957,-4.9957,+X
83.6800,8.279028,-9.200173,-3.141592,DRIVE_LANE,1,NONE,-4.9957,-4.9957,+X
83.6960,8.287021,-9.200173,-3.141592,DRIVE_LANE,1,NONE,-4.9957,-4.9957,+X
83.7120,8.295014,-9.200173,-3.141592,DRIVE_LANE,1,NONE,-4.9957,-4.9957,+X
83.7280,8.303007,-9.200173,-3.141592,DRIVE_LANE,1,NONE,-4.9957,-4.9957,+X
83.7440,8.311000,-9.200173,-3.141592,DRIVE_LANE,1,NONE,-4.9957,-4.9957,+X
83.7600,8.318993,-9.200173,-3.141592,DRIVE_LANE,1,NONE,-4.9957,-4.9957,+X
83.7760,8.326986,-9.200173,-3.141592,DRIVE_LANE,1,NONE,-4.9957,-4.9957,+X
83.7920,8.334979,-9.200173,-3.141592,DRIVE_LANE,1,NONE,-4.9957,-4.9957,+X
83.8080,8.342972,-9.200173,-3.141592,DRIVE_LANE,1,NONE,-4.9957,-4.9957,+X
83.8240,8.350965,-9.200173,-3.141592,DRIVE_LANE,1,NONE,-4.9957,-4.9957,+X
83.8400,8.358958,-9.200173,-3.141592,DRIVE_LANE,1,NONE,-4.9957,-4.9957,+X
83.8560,8.366951,-9.200173,-3.141592,DRIVE_LANE,1,NONE,-4.9957,-4.9957,+X
83.8720,8.374944,-9.200173,-3.141592,DRIVE_LANE,1,NONE,-4.9957,-4.9957,+X
83.8880,8.382937,-9.200173,-3.141592,DRIVE_LANE,1,NONE,-4.9957,-4.9957,+X
83.9040,8.390930,-9.200173,-3.141592,DRIVE_LANE,1,NONE,-4.9957,-4.9957,+X
83.9200,8.398924,-9.200173,-3.141592,DRIVE_LANE,1,NONE,-4.9957,-4.9957,+X
83.9360,8.406917,-9.200173,-3.141592,DRIVE_LANE,1,NONE,-4.9957,-4.9957,+X
83.9520,8.414910,-9.200173,-3.141592,DRIVE_LANE,1,NONE,-4.9957,-4.9957,+X
83.9680,8.422903,-9.200173,-3.141592,DRIVE_LANE,1,NONE,-4.9957,-4.9957,+X
83.9840,8.430896,-9.200173,-3.141592,DRIVE_LANE,1,NONE,-4.9957,-4.9957,+X
84.0000,8.438889,-9.200173,-3.141592,DRIVE_LANE,1,NONE,-4.9957,-4.9957,+X
84.0160,8.446882,-9.200173,-3.141592,DRIVE_LANE,1,NONE,-4.9957,-4.9957,+X
84.0320,8.454875,-9.200173,-3.141592,DRIVE_LANE,1,NONE,-4.9957,-4.9957,+X
84.0480,8.462868,-9.200173,-3.141592,DRIVE_LANE,1,NONE,-4.9957,-4.9957,+X
84.0640,8.470861,-9.200173,-3.141592,DRIVE_LANE,1,NONE,-4.9957,-4.9957,+X
84.0800,8.478854,-9.200173,-3.141592,DRIVE_LANE,1,NONE,-4.9957,-4.9957,+X
84.0960,8.486847,-9.200173,-3.141592,DRIVE_LANE,1,NONE,-4.9957,-4.9957,+X
84.1120,8.494840,-9.200173,-3.141592,DRIVE_LANE,1,NONE,-4.9957,-4.9957,+X
84.1280,8.502833,-9.200173,-3.141592,DRIVE_LANE,1,NONE,-4.9957,-4.9957,+X
84.1440,8.510827,-9.200173,-3.141592,DRIVE_LANE,1,NONE,-4.9957,-4.9957,+X
84.1600,8.518820,-9.200173,-3.141592,DRIVE_LANE,1,NONE,-4.9957,-4.9957,+X
84.1760,8.526813,-9.200173,-3.141592,DRIVE_LANE,1,NONE,-4.9957,-4.9957,+X
84.1920,8.534806,-9.200173,-3.141592,DRIVE_LANE,1,NONE,-4.9957,-4.9957,+X
84.2080,8.542799,-9.200173,-3.141592,DRIVE_LANE,1,NONE,-4.9957,-4.9957,+X
84.2240,8.550792,-9.200173,-3.141592,DRIVE_LANE,1,NONE,-4.9957,-4.9957,+X
84.2400,8.558785,-9.200173,-3.141592,DRIVE_LANE,1,NONE,-4.9957,-4.9957,+X
84.2560,8.566778,-9.200173,-3.141592,DRIVE_LANE,1,NONE,-4.9957,-4.9957,+X
84.2720,8.574771,-9.200173,-3.141592,DRIVE_LANE,1,NONE,-4.9957,-4.9957,+X
84.2880,8.582764,-9.200173,-3.141592,DRIVE_LANE,1,NONE,-4.9957,-4.9957,+X
84.3040,8.590757,-9.200173,-3.141592,DRIVE_LANE,1,NONE,-4.9957,-4.9957,+X
84.3200,8.598750,-9.200173,-3.141592,DRIVE_LANE,1,NONE,-4.9957,-4.9957,+X
84.3360,8.606743,-9.200173,-3.141592,DRIVE_LANE,1,NONE,-4.9957,-4.9957,+X
84.3520,8.614736,-9.200173,-3.141592,DRIVE_LANE,1,NONE,-4.9957,-4.9957,+X
84.3680,8.622730,-9.200173,-3.141592,DRIVE_LANE,1,NONE,-4.9957,-4.9957,+X
84.3840,8.630723,-9.200173,-3.141592,DRIVE_LANE,1,NONE,-4.9957,-4.9957,+X
84.4000,8.638716,-9.200173,-3.141592,DRIVE_LANE,1,NONE,-4.9957,-4.9957,+X
84.4160,8.646709,-9.200173,-3.141592,DRIVE_LANE,1,NONE,-4.9957,-4.9957,+X
84.4320,8.654702,-9.200173,-3.141592,DRIVE_LANE,1,NONE,-4.9957,-4.9957,+X
84.4480,8.662695,-9.200173,-3.141592,DRIVE_LANE,1,NONE,-4.9957,-4.9957,+X
84.4640,8.670688,-9.200173,-3.141592,DRIVE_LANE,1,NONE,-4.9957,-4.9957,+X
84.4800,8.678681,-9.200173,-3.141592,DRIVE_LANE,1,NONE,-4.9957,-4.9957,+X
84.4960,8.686674,-9.200173,-3.141592,DRIVE_LANE,1,NONE,-4.9957,-4.9957,+X
84.5120,8.694667,-9.200173,-3.141592,DRIVE_LANE,1,NONE,-4.9957,-4.9957,+X
84.5280,8.702660,-9.200173,-3.141592,DRIVE_LANE,1,NONE,-4.9957,-4.9957,+X
84.5440,8.710653,-9.200173,-3.141592,DRIVE_LANE,1,NONE,-4.9957,-4.9957,+X
84.5600,8.718646,-9.200173,-3.141592,DRIVE_LANE,1,NONE,-4.9957,-4.9957,+X
84.5760,8.726640,-9.200173,-3.141592,DRIVE_LANE,1,NONE,-4.9957,-4.9957,+X
84.5920,8.734633,-9.200173,-3.141592,DRIVE_LANE,1,NONE,-4.9957,-4.9957,+X
84.6080,8.742626,-9.200173,-3.141592,DRIVE_LANE,1,NONE,-4.9957,-4.9957,+X
84.6240,8.750619,-9.200173,-3.141592,DRIVE_LANE,1,NONE,-4.9957,-4.9957,+X
84.6400,8.758612,-9.200173,-3.141592,DRIVE_LANE,1,NONE,-4.9957,-4.9957,+X
84.6560,8.766605,-9.200173,-3.141592,DRIVE_LANE,1,NONE,-4.9957,-4.9957,+X
84.6720,8.774598,-9.200173,-3.141592,DRIVE_LANE,1,NONE,-4.9957,-4.9957,+X
84.6880,8.782591,-9.200173,-3.141592,DRIVE_LANE,1,NONE,-4.9957,-4.9957,+X
84.7040,8.790584,-9.200173,-3.141592,DRIVE_LANE,1,NONE,-4.9957,-4.9957,+X
84.7200,8.798577,-9.200173,-3.141592,DRIVE_LANE,1,NONE,-4.9957,-4.9957,+X
84.7360,8.806570,-9.200173,-3.141592,DRIVE_LANE,1,NONE,-4.9957,-4.9957,+X
84.7520,8.814563,-9.200173,-3.141592,DRIVE_LANE,1,NONE,-4.9957,-4.9957,+X
84.7680,8.822556,-9.200173,-3.141592,DRIVE_LANE,1,NONE,-4.9957,-4.9957,+X
84.7840,8.830550,-9.200172,-3.141592,APPROACH_BOUNDARY,1,NONE,-4.9957,-4.9957,+X
84.8000,8.838543,-9.200172,-3.141592,APPROACH_BOUNDARY,1,NONE,-4.9377,-4.9377,+X
84.8160,8.846446,-9.200172,-3.141592,APPROACH_BOUNDARY,1,NONE,-4.8851,-4.8851,+X
84.8320,8.854265,-9.200172,-3.141592,APPROACH_BOUNDARY,1,NONE,-4.8330,-4.8330,+X
84.8480,8.861999,-9.200172,-3.141592,APPROACH_BOUNDARY,1,NONE,-4.7815,-4.7815,+X
84.8640,8.869651,-9.200172,-3.141592,APPROACH_BOUNDARY,1,NONE,-4.7305,-4.7305,+X
84.8800,8.877221,-9.200172,-3.141592,APPROACH_BOUNDARY,1,NONE,-4.6801,-4.6801,+X
84.8960,8.884710,-9.200172,-3.141592,APPROACH_BOUNDARY,1,NONE,-4.6302,-4.6302,+X
84.9120,8.892120,-9.200172,-3.141592,APPROACH_BOUNDARY,1,NONE,-4.5809,-4.5809,+X
84.9280,8.899449,-9.200172,-3.141592,APPROACH_BOUNDARY,1,NONE,-4.5320,-4.5320,+X
84.9440,8.906701,-9.200172,-3.141592,APPROACH_BOUNDARY,1,NONE,-4.4837,-4.4837,+X
84.9600,8.913875,-9.200172,-3.141592,APPROACH_BOUNDARY,1,NONE,-4.4359,-4.4359,+X
84.9760,8.920973,-9.200172,-3.141592,APPROACH_BOUNDARY,1,NONE,-4.3887,-4.3887,+X
84.9920,8.927995,-9.200172,-3.141592,APPROACH_BOUNDARY,1,NONE,-4.3419,-4.3419,+X
85.0080,8.934942,-9.200172,-3.141592,APPROACH_BOUNDARY,1,NONE,-4.2956,-4.2956,+X
85.0240,8.941815,-9.200172,-3.141592,APPROACH_BOUNDARY,1,NONE,-4.2498,-4.2498,+X
85.0400,8.948615,-9.200172,-3.141592,APPROACH_BOUNDARY,1,NONE,-4.2046,-4.2046,+X
85.0560,8.955343,-9.200172,-3.141592,APPROACH_BOUNDARY,1,NONE,-4.1597,-4.1597,+X
85.0720,8.961998,-9.200172,-3.141592,APPROACH_BOUNDARY,1,NONE,-4.1154,-4.1154,+X
85.0880,8.968583,-9.200172,-3.141592,APPROACH_BOUNDARY,1,NONE,-4.0715,-4.0715,+X
85.1040,8.975097,-9.200172,-3.141592,APPROACH_BOUNDARY,1,NONE,-4.0282,-4.0282,+X
85.1200,8.981542,-9.200172,-3.141592,APPROACH_BOUNDARY,1,NONE,-3.9852,-3.9852,+X
85.1360,8.987919,-9.200172,-3.141592,APPROACH_BOUNDARY,1,NONE,-3.9428,-3.9428,+X
85.1520,8.994227,-9.200172,-3.141592,APPROACH_BOUNDARY,1,NONE,-3.9007,-3.9007,+X
85.1680,9.000468,-9.200172,-3.141592,APPROACH_BOUNDARY,1,NONE,-3.8590,-3.8590,+X
85.1840,9.006642,-9.200172,-3.141592,APPROACH_BOUNDARY,1,NONE,-3.8178,-3.8178,+X
85.2000,9.012751,-9.200172,-3.141592,APPROACH_BOUNDARY,1,NONE,-3.7770,-3.7770,+X
85.2160,9.018794,-9.200172,-3.141592,APPROACH_BOUNDARY,1,NONE,-3.7366,-3.7366,+X
85.2320,9.024772,-9.200172,-3.141592,APPROACH_BOUNDARY,1,NONE,-3.6967,-3.6967,+X
85.2480,9.030687,-9.200172,-3.141592,APPROACH_BOUNDARY,1,NONE,-3.6572,-3.6572,+X
85.2640,9.036538,-9.200172,-3.141592,APPROACH_BOUNDARY,1,NONE,-3.6181,-3.6181,+X
85.2800,9.042327,-9.200172,-3.141592,APPROACH_BOUNDARY,1,NONE,-3.5794,-3.5794,+X
85.2960,9.048054,-9.200172,-3.141592,APPROACH_BOUNDARY,1,NONE,-3.5412,-3.5412,+X
85.3120,9.053720,-9.200172,-3.141592,APPROACH_BOUNDARY,1,NONE,-3.5033,-3.5033,+X
85.3280,9.059325,-9.200172,-3.141592,APPROACH_BOUNDARY,1,NONE,-3.4659,-3.4659,+X
85.3440,9.064871,-9.200172,-3.141592,APPROACH_BOUNDARY,1,NONE,-3.4288,-3.4288,+X
85.3600,9.070357,-9.200172,-3.141592,APPROACH_BOUNDARY,1,NONE,-3.3922,-3.3922,+X
85.3760,9.075784,-9.200172,-3.141592,APPROACH_BOUNDARY,1,NONE,-3.3559,-3.3559,+X
85.3920,9.081154,-9.200172,-3.141592,APPROACH_BOUNDARY,1,NONE,-3.3200,-3.3200,+X
85.4080,9.086466,-9.200172,-3.141592,APPROACH_BOUNDARY,1,NONE,-3.2845,-3.2845,+X
85.4240,9.091721,-9.200172,-3.141592,APPROACH_BOUNDARY,1,NONE,-3.2494,-3.2494,+X
85.4400,9.096920,-9.200172,-3.141592,APPROACH_BOUNDARY,1,NONE,-3.2146,-3.2146,+X
85.4560,9.102063,-9.200172,-3.141592,APPROACH_BOUNDARY,1,NONE,-3.1802,-3.1802,+X
85.4720,9.107151,-9.200172,-3.141592,APPROACH_BOUNDARY,1,NONE,-3.1462,-3.1462,+X
85.4880,9.112185,-9.200172,-3.141592,APPROACH_BOUNDARY,1,NONE,-3.1126,-3.1126,+X
85.5040,9.117165,-9.200172,-3.141592,APPROACH_BOUNDARY,1,NONE,-3.0792,-3.0792,+X
85.5200,9.122092,-9.200172,-3.141592,APPROACH_BOUNDARY,1,NONE,-3.0463,-3.0463,+X
85.5360,9.126966,-9.200172,-3.141592,APPROACH_BOUNDARY,1,NONE,-3.0137,-3.0137,+X
85.5520,9.131788,-9.200172,-3.141592,APPROACH_BOUNDARY,1,NONE,-2.9814,-2.9814,+X
85.5680,9.136558,-9.200172,-3.141592,APPROACH_BOUNDARY,1,NONE,-2.9495,-2.9495,+X
85.5840,9.141277,-9.200172,-3.141592,APPROACH_BOUNDARY,1,NONE,-2.9179,-2.9179,+X
85.6000,9.145946,-9.200172,-3.141592,APPROACH_BOUNDARY,1,NONE,-2.8866,-2.8866,+X
85.6160,9.150564,-9.200172,-3.141592,APPROACH_BOUNDARY,1,NONE,-2.8557,-2.8557,+X
85.6320,9.155133,-9.200172,-3.141592,APPROACH_BOUNDARY,1,NONE,-2.8251,-2.8251,+X
85.6480,9.159654,-9.200172,-3.141592,APPROACH_BOUNDARY,1,NONE,-2.7948,-2.7948,+X
85.6640,9.164125,-9.200172,-3.141592,APPROACH_BOUNDARY,1,NONE,-2.7649,-2.7649,+X
85.6800,9.168549,-9.200172,-3.141592,APPROACH_BOUNDARY,1,NONE,-2.7352,-2.7352,+X
85.6960,9.172925,-9.200172,-3.141592,APPROACH_BOUNDARY,1,NONE,-2.7059,-2.7059,+X
85.7120,9.177255,-9.200172,-3.141592,APPROACH_BOUNDARY,1,NONE,-2.6769,-2.6769,+X
85.7280,9.181538,-9.200172,-3.141592,APPROACH_BOUNDARY,1,NONE,-2.6482,-2.6482,+X
85.7440,9.185775,-9.200172,-3.141592,APPROACH_BOUNDARY,1,NONE,-2.6197,-2.6197,+X
85.7600,9.189966,-9.200172,-3.141592,APPROACH_BOUNDARY,1,NONE,-2.5916,-2.5916,+X
85.7760,9.194113,-9.200172,-3.141592,APPROACH_BOUNDARY,1,NONE,-2.5638,-2.5638,+X
85.7920,9.198215,-9.200172,-3.141592,APPROACH_BOUNDARY,1,NONE,-2.5363,-2.5363,+X
85.8080,9.202273,-9.200172,-3.141592,APPROACH_BOUNDARY,1,NONE,-2.5090,-2.5090,+X
85.8240,9.206287,-9.200172,-3.141592,APPROACH_BOUNDARY,1,NONE,-2.4820,-2.4820,+X
85.8400,9.210258,-9.200172,-3.141592,APPROACH_BOUNDARY,1,NONE,-2.4553,-2.4553,+X
85.8560,9.214187,-9.200172,-3.141592,APPROACH_BOUNDARY,1,NONE,-2.4289,-2.4289,+X
85.8720,9.218073,-9.200172,-3.141592,APPROACH_BOUNDARY,1,NONE,-2.4028,-2.4028,+X
85.8880,9.221918,-9.200172,-3.141592,APPROACH_BOUNDARY,1,NONE,-2.3769,-2.3769,+X
85.9040,9.225721,-9.200172,-3.141592,APPROACH_BOUNDARY,1,NONE,-2.3513,-2.3513,+X
85.9200,9.229483,-9.200172,-3.141592,APPROACH_BOUNDARY,1,NONE,-2.3260,-2.3260,+X
85.9360,9.233204,-9.200172,-3.141592,APPROACH_BOUNDARY,1,NONE,-2.3009,-2.3009,+X
85.9520,9.236886,-9.200172,-3.141592,APPROACH_BOUNDARY,1,NONE,-2.2761,-2.2761,+X
85.9680,9.240527,-9.200172,-3.141592,APPROACH_BOUNDARY,1,NONE,-2.2515,-2.2515,+X
85.9840,9.244130,-9.200172,-3.141592,APPROACH_BOUNDARY,1,NONE,-2.2272,-2.2272,+X
86.0000,9.247693,-9.200172,-3.141592,APPROACH_BOUNDARY,1,NONE,-2.2032,-2.2032,+X
86.0160,9.251218,-9.200172,-3.141592,APPROACH_BOUNDARY,1,NONE,-2.1793,-2.1793,+X
86.0320,9.254705,-9.200172,-3.141592,APPROACH_BOUNDARY,1,NONE,-2.1558,-2.1558,+X
86.0480,9.258155,-9.200172,-3.141592,APPROACH_BOUNDARY,1,NONE,-2.1324,-2.1324,+X
86.0640,9.261566,-9.200172,-3.141592,APPROACH_BOUNDARY,1,NONE,-2.1093,-2.1093,+X
86.0800,9.264941,-9.200172,-3.141592,APPROACH_BOUNDARY,1,NONE,-2.0864,-2.0864,+X
86.0960,9.268279,-9.200172,-3.141592,APPROACH_BOUNDARY,1,NONE,-2.0638,-2.0638,+X
86.1120,9.271581,-9.200172,-3.141592,APPROACH_BOUNDARY,1,NONE,-2.0413,-2.0413,+X
86.1280,9.274848,-9.200172,-3.141592,APPROACH_BOUNDARY,1,NONE,-2.0191,-2.0191,+X
86.1440,9.278078,-9.200172,-3.141592,APPROACH_BOUNDARY,1,NONE,-1.9972,-1.9972,+X
86.1600,9.281274,-9.200172,-3.141592,APPROACH_BOUNDARY,1,NONE,-1.9754,-1.9754,+X
86.1760,9.284434,-9.200172,-3.141592,APPROACH_BOUNDARY,1,NONE,-1.9538,-1.9538,+X
86.1920,9.287560,-9.200172,-3.141592,APPROACH_BOUNDARY,1,NONE,-1.9324,-1.9324,+X
86.2080,9.290652,-9.200172,-3.141592,APPROACH_BOUNDARY,1,NONE,-1.9113,-1.9113,+X
86.2240,9.293710,-9.200172,-3.141592,APPROACH_BOUNDARY,1,NONE,-1.8903,-1.8903,+X
86.2400,9.296735,-9.200172,-3.141592,APPROACH_BOUNDARY,1,NONE,-1.8696,-1.8696,+X
86.2560,9.299726,-9.200172,-3.141592,APPROACH_BOUNDARY,1,NONE,-1.8490,-1.8490,+X
86.2720,9.302684,-9.200172,-3.141592,APPROACH_BOUNDARY,1,NONE,-1.8286,-1.8286,+X
86.2880,9.305610,-9.200172,-3.141592,APPROACH_BOUNDARY,1,NONE,-1.8084,-1.8084,+X
86.3040,9.308503,-9.200172,-3.141592,APPROACH_BOUNDARY,1,NONE,-1.7884,-1.7884,+X
86.3200,9.311365,-9.200172,-3.141592,APPROACH_BOUNDARY,1,NONE,-1.7685,-1.7685,+X
86.3360,9.314194,-9.200172,-3.141592,APPROACH_BOUNDARY,1,NONE,-1.7488,-1.7488,+X
86.3520,9.316992,-9.200172,-3.141592,APPROACH_BOUNDARY,1,NONE,-1.7293,-1.7293,+X
86.3680,9.319759,-9.200172,-3.141592,APPROACH_BOUNDARY,1,NONE,-1.7099,-1.7099,+X
86.3840,9.322495,-9.200172,-3.141592,APPROACH_BOUNDARY,1,NONE,-1.6907,-1.6907,+X
86.4000,9.325200,-9.200172,-3.141592,APPROACH_BOUNDARY,1,NONE,-1.6717,-1.6717,+X
86.4160,9.327875,-9.200172,-3.141592,APPROACH_BOUNDARY,1,NONE,-1.6527,-1.6527,+X
86.4320,9.330519,-9.200172,-3.141592,APPROACH_BOUNDARY,1,NONE,-1.6340,-1.6340,+X
86.4480,9.333134,-9.200172,-3.141592,APPROACH_BOUNDARY,1,NONE,-1.6153,-1.6153,+X
86.4640,9.335718,-9.200172,-3.141592,APPROACH_BOUNDARY,1,NONE,-1.5968,-1.5968,+X
86.4800,9.338273,-9.200172,-3.141592,APPROACH_BOUNDARY,1,NONE,-1.5783,-1.5783,+X
86.4960,9.340798,-9.200172,-3.141592,APPROACH_BOUNDARY,1,NONE,-1.5600,-1.5600,+X
86.5120,9.343294,-9.200172,-3.141592,APPROACH_BOUNDARY,1,NONE,-1.5418,-1.5418,+X
86.5280,9.345761,-9.200172,-3.141592,APPROACH_BOUNDARY,1,NONE,-1.5236,-1.5236,+X
86.5440,9.348199,-9.200172,-3.141592,APPROACH_BOUNDARY,1,NONE,-1.5055,-1.5055,+X
86.5600,9.350608,-9.200172,-3.141592,APPROACH_BOUNDARY,1,NONE,-1.4875,-1.4875,+X
86.5760,9.352988,-9.200172,-3.141592,APPROACH_BOUNDARY,1,NONE,-1.4695,-1.4695,+X
86.5920,9.355339,-9.200172,-3.141592,APPROACH_BOUNDARY,1,NONE,-1.4516,-1.4516,+X
86.6080,9.357661,-9.200172,-3.141592,APPROACH_BOUNDARY,1,NONE,-1.4336,-1.4336,+X
86.6240,9.359955,-9.200172,-3.141592,APPROACH_BOUNDARY,1,NONE,-1.4157,-1.4157,+X
86.6400,9.362220,-9.200172,-3.141592,APPROACH_BOUNDARY,1,NONE,-1.3977,-1.3977,+X
86.6560,9.364457,-9.200172,-3.141592,APPROACH_BOUNDARY,1,NONE,-1.3797,-1.3797,+X
86.6720,9.366664,-9.200172,-3.141592,APPROACH_BOUNDARY,1,NONE,-1.3616,-1.3616,+X
86.6880,9.368843,-9.200172,-3.141592,APPROACH_BOUNDARY,1,NONE,-1.3434,-1.3434,+X
86.7040,9.370992,-9.200172,-3.141592,APPROACH_BOUNDARY,1,NONE,-1.3251,-1.3251,+X
86.7200,9.373112,-9.200172,-3.141592,APPROACH_BOUNDARY,1,NONE,-1.3065,-1.3065,+X
86.7360,9.375203,-9.200172,-3.141592,APPROACH_BOUNDARY,1,NONE,-1.2878,-1.2878,+X
86.7520,9.377263,-9.200172,-3.141592,APPROACH_BOUNDARY,1,NONE,-1.2688,-1.2688,+X
86.7680,9.379293,-9.200172,-3.141592,APPROACH_BOUNDARY,1,NONE,-1.2494,-1.2494,+X
86.7840,9.381293,-9.200172,-3.141592,APPROACH_BOUNDARY,1,NONE,-1.2297,-1.2297,+X
86.8000,9.383260,-9.200172,-3.141592,APPROACH_BOUNDARY,1,NONE,-1.2095,-1.2095,+X
86.8160,9.385195,-9.200172,-3.141592,APPROACH_BOUNDARY,1,NONE,-1.1887,-1.1887,+X
86.8320,9.387097,-9.200172,-3.141592,APPROACH_BOUNDARY,1,NONE,-1.1673,-1.1673,+X
86.8480,9.388965,-9.200172,-3.141592,APPROACH_BOUNDARY,1,NONE,-1.1451,-1.1451,+X
86.8640,9.390797,-9.200172,-3.141592,APPROACH_BOUNDARY,1,NONE,-1.1219,-1.1219,+X
86.8800,9.392593,-9.200172,-3.141592,APPROACH_BOUNDARY,1,NONE,-1.0978,-1.0978,+X
86.8960,9.394349,-9.200172,-3.141592,APPROACH_BOUNDARY,1,NONE,-1.0723,-1.0723,+X
86.9120,9.396065,-9.200172,-3.141592,APPROACH_BOUNDARY,1,NONE,-1.0455,-1.0455,+X
86.9280,9.397738,-9.200172,-3.141592,APPROACH_BOUNDARY,1,NONE,-1.0169,-1.0169,+X
86.9440,9.399366,-9.200172,-3.141592,APPROACH_BOUNDARY,1,NONE,-1.0000,-1.0000,+X
86.9600,9.400965,-9.200172,-3.141592,APPROACH_BOUNDARY,1,NONE,-1.0000,-1.0000,+X
86.9760,9.402564,-9.200172,-3.141592,APPROACH_BOUNDARY,1,NONE,-1.0000,-1.0000,+X
86.9920,9.404163,-9.200172,-3.141592,APPROACH_BOUNDARY,1,NONE,-1.0000,-1.0000,+X
87.0080,9.405762,-9.200172,-3.141592,APPROACH_BOUNDARY,1,NONE,-1.0000,-1.0000,+X
87.0240,9.407362,-9.200172,-3.141592,APPROACH_BOUNDARY,1,NONE,-1.0000,-1.0000,+X
87.0400,9.408961,-9.200172,-3.141592,APPROACH_BOUNDARY,1,NONE,-1.0000,-1.0000,+X
87.0560,9.410561,-9.200172,-3.141592,APPROACH_BOUNDARY,1,NONE,-1.0000,-1.0000,+X
87.0720,9.412160,-9.200172,-3.141592,APPROACH_BOUNDARY,1,NONE,-1.0000,-1.0000,+X
87.0880,9.413760,-9.200172,-3.141592,APPROACH_BOUNDARY,1,NONE,-1.0000,-1.0000,+X
87.1040,9.415360,-9.200172,-3.141592,APPROACH_BOUNDARY,1,NONE,-1.0000,-1.0000,+X
87.1200,9.416960,-9.200172,-3.141592,APPROACH_BOUNDARY,1,NONE,-1.0000,-1.0000,+X
87.1360,9.418559,-9.200172,-3.141592,APPROACH_BOUNDARY,1,NONE,-1.0000,-1.0000,+X
87.1520,9.420159,-9.200172,-3.141592,STOP_AT_BOUNDARY,1,NONE,-0.0000,-0.0000,+X
87.1680,9.420214,-9.200172,-3.141592,STOP_AT_BOUNDARY,1,NONE,-0.0000,-0.0000,+X
87.1840,9.420206,-9.200172,-3.141592,STOP_AT_BOUNDARY,1,NONE,-0.0000,-0.0000,+X
87.2000,9.420197,-9.200172,-3.141592,STOP_AT_BOUNDARY,1,NONE,-0.0000,-0.0000,+X
87.2160,9.420190,-9.200172,-3.141592,STOP_AT_BOUNDARY,1,NONE,-0.0000,-0.0000,+X
87.2320,9.420184,-9.200172,-3.141592,TURN_TO_SHIFT,1,TURN_TO_SHIFT,-0.0000,-0.0000,+X
87.2480,9.420179,-9.200172,-3.141592,TURN_TO_SHIFT,1,TURN_TO_SHIFT,-1.7600,1.7600,+X
87.2640,9.420175,-9.199606,-3.138977,TURN_TO_SHIFT,1,TURN_TO_SHIFT,-1.7600,1.7600,+X
87.2800,9.420174,-9.198464,-3.133738,TURN_TO_SHIFT,1,TURN_TO_SHIFT,-1.7600,1.7600,+X
87.2960,9.420172,-9.196743,-3.125851,TURN_TO_SHIFT,1,TURN_TO_SHIFT,-1.7600,1.7600,+X
87.3120,9.420169,-9.194433,-3.115299,TURN_TO_SHIFT,1,TURN_TO_SHIFT,-1.7600,1.7600,+X
87.3280,9.420098,-9.191908,-3.103808,TURN_TO_SHIFT,1,TURN_TO_SHIFT,-1.7600,1.7600,+X
87.3440,9.419996,-9.189379,-3.092314,TURN_TO_SHIFT,1,TURN_TO_SHIFT,-1.7600,1.7600,+X
87.3600,9.419863,-9.186853,-3.080820,TURN_TO_SHIFT,1,TURN_TO_SHIFT,-1.7600,1.7600,+X
87.3760,9.419700,-9.184329,-3.069325,TURN_TO_SHIFT,1,TURN_TO_SHIFT,-1.7600,1.7600,+X
87.3920,9.419507,-9.181807,-3.057830,TURN_TO_SHIFT,1,TURN_TO_SHIFT,-1.7600,1.7600,+X
87.4080,9.419284,-9.179289,-3.046335,TURN_TO_SHIFT,1,TURN_TO_SHIFT,-1.7600,1.7600,+X
87.4240,9.419031,-9.176774,-3.034841,TURN_TO_SHIFT,1,TURN_TO_SHIFT,-1.7600,1.7600,+X
87.4400,9.418750,-9.174262,-3.023346,TURN_TO_SHIFT,1,TURN_TO_SHIFT,-1.7600,1.7600,+X
87.4560,9.418439,-9.171754,-3.011851,TURN_TO_SHIFT,1,TURN_TO_SHIFT,-1.7600,1.7600,+X
87.4720,9.418099,-9.169249,-3.000357,TURN_TO_SHIFT,1,TURN_TO_SHIFT,-1.7600,1.7600,+X
87.4880,9.417729,-9.166749,-2.988862,TURN_TO_SHIFT,1,TURN_TO_SHIFT,-1.7600,1.7600,+X
87.5040,9.417331,-9.164254,-2.977368,TURN_TO_SHIFT,1,TURN_TO_SHIFT,-1.7600,1.7600,+X
87.5200,9.416905,-9.161763,-2.965873,TURN_TO_SHIFT,1,TURN_TO_SHIFT,-1.7600,1.7600,+X
87.5360,9.416449,-9.159278,-2.954379,TURN_TO_SHIFT,1,TURN_TO_SHIFT,-1.7600,1.7600,+X
87.5520,9.415965,-9.156798,-2.942885,TURN_TO_SHIFT,1,TURN_TO_SHIFT,-1.7600,1.7600,+X
87.5680,9.415452,-9.154324,-2.931391,TURN_TO_SHIFT,1,TURN_TO_SHIFT,-1.7600,1.7600,+X
87.5840,9.414911,-9.151855,-2.919897,TURN_TO_SHIFT,1,TURN_TO_SHIFT,-1.7600,1.7600,+X
87.6000,9.414341,-9.149394,-2.908403,TURN_TO_SHIFT,1,TURN_TO_SHIFT,-1.7600,1.7600,+X
87.6160,9.413743,-9.146939,-2.896909,TURN_TO_SHIFT,1,TURN_TO_SHIFT,-1.7600,1.7600,+X
87.6320,9.413117,-9.144491,-2.885415,TURN_TO_SHIFT,1,TURN_TO_SHIFT,-1.7600,1.7600,+X
87.6480,9.412463,-9.142051,-2.873922,TURN_TO_SHIFT,1,TURN_TO_SHIFT,-1.7600,1.7600,+X
87.6640,9.411781,-9.139618,-2.862428,TURN_TO_SHIFT,1,TURN_TO_SHIFT,-1.7600,1.7600,+X
87.6800,9.411071,-9.137193,-2.850934,TURN_TO_SHIFT,1,TURN_TO_SHIFT,-1.7600,1.7600,+X
87.6960,9.410333,-9.134777,-2.839440,TURN_TO_SHIFT,1,TURN_TO_SHIFT,-1.7600,1.7600,+X
87.7120,9.409567,-9.132369,-2.827947,TURN_TO_SHIFT,1,TURN_TO_SHIFT,-1.7600,1.7600,+X
87.7280,9.408773,-9.129970,-2.816453,TURN_TO_SHIFT,1,TURN_TO_SHIFT,-1.7600,1.7600,+X
87.7440,9.407953,-9.127580,-2.804960,TURN_TO_SHIFT,1,TURN_TO_SHIFT,-1.7600,1.7600,+X
87.7600,9.407104,-9.125201,-2.793466,TURN_TO_SHIFT,1,TURN_TO_SHIFT,-1.7600,1.7600,+X
87.7760,9.406229,-9.122831,-2.781972,TURN_TO_SHIFT,1,TURN_TO_SHIFT,-1.7600,1.7600,+X
87.7920,9.405326,-9.120471,-2.770479,TURN_TO_SHIFT,1,TURN_TO_SHIFT,-1.7600,1.7600,+X
87.8080,9.404396,-9.118122,-2.758986,TURN_TO_SHIFT,1,TURN_TO_SHIFT,-1.7600,1.7600,+X
87.8240,9.403439,-9.115783,-2.747492,TURN_TO_SHIFT,1,TURN_TO_SHIFT,-1.7600,1.7600,+X
87.8400,9.402455,-9.113456,-2.735999,TURN_TO_SHIFT,1,TURN_TO_SHIFT,-1.7600,1.7600,+X
87.8560,9.401445,-9.111140,-2.724505,TURN_TO_SHIFT,1,TURN_TO_SHIFT,-1.7600,1.7600,+X
87.8720,9.400408,-9.108836,-2.713012,TURN_TO_SHIFT,1,TURN_TO_SHIFT,-1.7600,1.7600,+X
87.8880,9.399345,-9.106544,-2.701519,TURN_TO_SHIFT,1,TURN_TO_SHIFT,-1.7600,1.7600,+X
87.9040,9.398255,-9.104265,-2.690026,TURN_TO_SHIFT,1,TURN_TO_SHIFT,-1.7600,1.7600,+X
87.9200,9.397139,-9.101998,-2.678532,TURN_TO_SHIFT,1,TURN_TO_SHIFT,-1.7600,1.7600,+X
87.9360,9.395998,-9.099744,-2.667039,TURN_TO_SHIFT,1,TURN_TO_SHIFT,-1.7600,1.7600,+X
87.9520,9.394830,-9.097504,-2.655546,TURN_TO_SHIFT,1,TURN_TO_SHIFT,-1.7600,1.7600,+X
87.9680,9.393637,-9.095277,-2.644053,TURN_TO_SHIFT,1,TURN_TO_SHIFT,-1.7600,1.7600,+X
87.9840,9.392418,-9.093064,-2.632560,TURN_TO_SHIFT,1,TURN_TO_SHIFT,-1.7600,1.7600,+X
88.0000,9.391174,-9.090865,-2.621067,TURN_TO_SHIFT,1,TURN_TO_SHIFT,-1.7600,1.7600,+X
88.0160,9.389905,-9.088680,-2.609574,TURN_TO_SHIFT,1,TURN_TO_SHIFT,-1.7600,1.7600,+X
88.0320,9.388611,-9.086511,-2.598082,TURN_TO_SHIFT,1,TURN_TO_SHIFT,-1.7600,1.7600,+X
88.0480,9.387292,-9.084356,-2.586589,TURN_TO_SHIFT,1,TURN_TO_SHIFT,-1.7600,1.7600,+X
88.0640,9.385948,-9.082217,-2.575096,TURN_TO_SHIFT,1,TURN_TO_SHIFT,-1.7600,1.7600,+X
88.0800,9.384580,-9.080093,-2.563604,TURN_TO_SHIFT,1,TURN_TO_SHIFT,-1.7600,1.7600,+X
88.0960,9.383187,-9.077985,-2.552111,TURN_TO_SHIFT,1,TURN_TO_SHIFT,-1.7600,1.7600,+X
88.1120,9.381770,-9.075893,-2.540619,TURN_TO_SHIFT,1,TURN_TO_SHIFT,-1.7600,1.7600,+X
88.1280,9.380330,-9.073818,-2.529127,TURN_TO_SHIFT,1,TURN_TO_SHIFT,-1.7600,1.7600,+X
88.1440,9.378865,-9.071760,-2.517634,TURN_TO_SHIFT,1,TURN_TO_SHIFT,-1.7600,1.7600,+X
88.1600,9.377377,-9.069718,-2.506142,TURN_TO_SHIFT,1,TURN_TO_SHIFT,-1.7600,1.7600,+X
88.1760,9.375866,-9.067694,-2.494650,TURN_TO_SHIFT,1,TURN_TO_SHIFT,-1.7600,1.7600,+X
88.1920,9.374332,-9.065687,-2.483159,TURN_TO_SHIFT,1,TURN_TO_SHIFT,-1.7600,1.7600,+X
88.2080,9.372774,-9.063699,-2.471667,TURN_TO_SHIFT,1,TURN_TO_SHIFT,-1.7600,1.7600,+X
88.2240,9.371194,-9.061728,-2.460175,TURN_TO_SHIFT,1,TURN_TO_SHIFT,-1.7600,1.7600,+X
88.2400,9.369592,-9.059775,-2.448684,TURN_TO_SHIFT,1,TURN_TO_SHIFT,-1.7600,1.7600,+X
88.2560,9.367967,-9.057842,-2.437193,TURN_TO_SHIFT,1,TURN_TO_SHIFT,-1.7600,1.7600,+X
88.2720,9.366320,-9.055927,-2.425702,TURN_TO_SHIFT,1,TURN_TO_SHIFT,-1.7600,1.7600,+X
88.2880,9.364651,-9.054031,-2.414211,TURN_TO_SHIFT,1,TURN_TO_SHIFT,-1.7600,1.7600,+X
88.3040,9.362960,-9.052154,-2.402720,TURN_TO_SHIFT,1,TURN_TO_SHIFT,-1.7600,1.7600,+X
88.3200,9.361248,-9.050297,-2.391229,TURN_TO_SHIFT,1,TURN_TO_SHIFT,-1.7600,1.7600,+X
88.3360,9.359515,-9.048460,-2.379739,TURN_TO_SHIFT,1,TURN_TO_SHIFT,-1.7600,1.7600,+X
88.3520,9.357761,-9.046644,-2.368249,TURN_TO_SHIFT,1,TURN_TO_SHIFT,-1.7600,1.7600,+X
88.3680,9.355986,-9.044847,-2.356759,TURN_TO_SHIFT,1,TURN_TO_SHIFT,-1.7600,1.7600,+X
88.3840,9.354191,-9.043071,-2.345270,TURN_TO_SHIFT,1,TURN_TO_SHIFT,-1.7600,1.7600,+X
88.4000,9.352375,-9.041316,-2.333780,TURN_TO_SHIFT,1,TURN_TO_SHIFT,-1.7600,1.7600,+X
88.4160,9.350539,-9.039582,-2.322290,TURN_TO_SHIFT,1,TURN_TO_SHIFT,-1.7600,1.7600,+X
88.4320,9.348683,-9.037869,-2.310800,TURN_TO_SHIFT,1,TURN_TO_SHIFT,-1.7600,1.7600,+X
88.4480,9.346807,-9.036178,-2.299310,TURN_TO_SHIFT,1,TURN_TO_SHIFT,-1.7600,1.7600,+X
88.4640,9.344913,-9.034508,-2.287820,TURN_TO_SHIFT,1,TURN_TO_SHIFT,-1.7600,1.7600,+X
88.4800,9.342999,-9.032861,-2.276330,TURN_TO_SHIFT,1,TURN_TO_SHIFT,-1.7600,1.7600,+X
88.4960,9.341066,-9.031235,-2.264840,TURN_TO_SHIFT,1,TURN_TO_SHIFT,-1.7600,1.7600,+X
88.5120,9.339115,-9.029632,-2.253350,TURN_TO_SHIFT,1,TURN_TO_SHIFT,-1.7600,1.7600,+X
88.5280,9.337145,-9.028051,-2.241860,TURN_TO_SHIFT,1,TURN_TO_SHIFT,-1.7600,1.7600,+X
88.5440,9.335157,-9.026493,-2.230370,TURN_TO_SHIFT,1,TURN_TO_SHIFT,-1.7600,1.7600,+X
88.5600,9.333152,-9.024955,-2.218875,TURN_TO_SHIFT,1,TURN_TO_SHIFT,-1.7600,1.7600,+X
88.5760,9.331129,-9.023440,-2.207380,TURN_TO_SHIFT,1,TURN_TO_SHIFT,-1.7600,1.7600,+X
88.5920,9.329089,-9.021949,-2.195885,TURN_TO_SHIFT,1,TURN_TO_SHIFT,-1.7600,1.7600,+X
88.6080,9.327031,-9.020481,-2.184389,TURN_TO_SHIFT,1,TURN_TO_SHIFT,-1.7600,1.7600,+X
88.6240,9.324957,-9.019037,-2.172893,TURN_TO_SHIFT,1,TURN_TO_SHIFT,-1.7600,1.7600,+X
88.6400,9.322867,-9.017617,-2.161398,TURN_TO_SHIFT,1,TURN_TO_SHIFT,-1.7600,1.7600,+X
88.6560,9.320760,-9.016221,-2.149902,TURN_TO_SHIFT,1,TURN_TO_SHIFT,-1.7600,1.7600,+X
88.6720,9.318637,-9.014850,-2.138406,TURN_TO_SHIFT,1,TURN_TO_SHIFT,-1.7600,1.7600,+X
88.6880,9.316499,-9.013503,-2.126910,TURN_TO_SHIFT,1,TURN_TO_SHIFT,-1.7600,1.7600,+X
88.7040,9.314345,-9.012181,-2.115414,TURN_TO_SHIFT,1,TURN_TO_SHIFT,-1.7600,1.7600,+X
88.7200,9.312177,-9.010884,-2.103918,TURN_TO_SHIFT,1,TURN_TO_SHIFT,-1.7593,1.7593,+X
88.7360,9.309994,-9.009612,-2.092427,TURN_TO_SHIFT,1,TURN_TO_SHIFT,-1.7214,1.7214,+X
88.7520,9.307843,-9.008392,-2.081183,TURN_TO_SHIFT,1,TURN_TO_SHIFT,-1.6843,1.6843,+X
88.7680,9.305726,-9.007222,-2.070181,TURN_TO_SHIFT,1,TURN_TO_SHIFT,-1.6480,1.6480,+X
88.7840,9.303641,-9.006101,-2.059416,TURN_TO_SHIFT,1,TURN_TO_SHIFT,-1.6124,1.6124,+X
88.8000,9.301591,-9.005026,-2.048884,TURN_TO_SHIFT,1,TURN_TO_SHIFT,-1.5777,1.5777,+X
88.8160,9.299573,-9.003995,-2.038579,TURN_TO_SHIFT,1,TURN_TO_SHIFT,-1.5437,1.5437,+X
88.8320,9.297589,-9.003007,-2.028497,TURN_TO_SHIFT,1,TURN_TO_SHIFT,-1.5104,1.5104,+X
88.8480,9.295638,-9.002060,-2.018632,TURN_TO_SHIFT,1,TURN_TO_SHIFT,-1.4779,1.4779,+X
88.8640,9.293720,-9.001152,-2.008980,TURN_TO_SHIFT,1,TURN_TO_SHIFT,-1.4460,1.4460,+X
88.8800,9.291835,-9.000282,-1.999536,TURN_TO_SHIFT,1,TURN_TO_SHIFT,-1.4148,1.4148,+X
88.8960,9.289983,-8.999448,-1.990295,TURN_TO_SHIFT,1,TURN_TO_SHIFT,-1.3843,1.3843,+X
88.9120,9.288163,-8.998648,-1.981254,TURN_TO_SHIFT,1,TURN_TO_SHIFT,-1.3545,1.3545,+X
88.9280,9.286376,-8.997882,-1.972408,TURN_TO_SHIFT,1,TURN_TO_SHIFT,-1.3253,1.3253,+X
88.9440,9.284620,-8.997147,-1.963753,TURN_TO_SHIFT,1,TURN_TO_SHIFT,-1.2968,1.2968,+X
88.9600,9.282897,-8.996444,-1.955284,TURN_TO_SHIFT,1,TURN_TO_SHIFT,-1.2688,1.2688,+X
88.9760,9.281205,-8.995769,-1.946998,TURN_TO_SHIFT,1,TURN_TO_SHIFT,-1.2415,1.2415,+X
88.9920,9.279544,-8.995123,-1.938891,TURN_TO_SHIFT,1,TURN_TO_SHIFT,-1.2147,1.2147,+X
89.0080,9.277914,-8.994503,-1.930958,TURN_TO_SHIFT,1,TURN_TO_SHIFT,-1.1885,1.1885,+X
89.0240,9.276314,-8.993910,-1.923197,TURN_TO_SHIFT,1,TURN_TO_SHIFT,-1.1629,1.1629,+X
89.0400,9.274744,-8.993341,-1.915602,TURN_TO_SHIFT,1,TURN_TO_SHIFT,-1.1379,1.1379,+X
89.0560,9.273205,-8.992796,-1.908172,TURN_TO_SHIFT,1,TURN_TO_SHIFT,-1.1133,1.1133,+X
89.0720,9.271694,-8.992274,-1.900901,TURN_TO_SHIFT,1,TURN_TO_SHIFT,-1.0893,1.0893,+X
89.0880,9.270213,-8.991774,-1.893788,TURN_TO_SHIFT,1,TURN_TO_SHIFT,-1.0659,1.0659,+X
89.1040,9.268760,-8.991295,-1.886827,TURN_TO_SHIFT,1,TURN_TO_SHIFT,-1.0429,1.0429,+X
89.1200,9.267335,-8.990835,-1.880017,TURN_TO_SHIFT,1,TURN_TO_SHIFT,-1.0204,1.0204,+X
89.1360,9.265938,-8.990396,-1.873353,TURN_TO_SHIFT,1,TURN_TO_SHIFT,-0.9984,0.9984,+X
89.1520,9.264568,-8.989974,-1.866833,TURN_TO_SHIFT,1,TURN_TO_SHIFT,-0.9769,0.9769,+X
89.1680,9.263225,-8.989571,-1.860453,TURN_TO_SHIFT,1,TURN_TO_SHIFT,-0.9559,0.9559,+X
89.1840,9.261909,-8.989184,-1.854211,TURN_TO_SHIFT,1,TURN_TO_SHIFT,-0.9353,0.9353,+X
89.2000,9.260618,-8.988814,-1.848104,TURN_TO_SHIFT,1,TURN_TO_SHIFT,-0.9151,0.9151,+X
89.2160,9.259354,-8.988459,-1.842128,TURN_TO_SHIFT,1,TURN_TO_SHIFT,-0.8954,0.8954,+X
89.2320,9.258114,-8.988119,-1.836281,TURN_TO_SHIFT,1,TURN_TO_SHIFT,-0.8761,0.8761,+X
89.2480,9.256900,-8.987794,-1.830560,TURN_TO_SHIFT,1,TURN_TO_SHIFT,-0.8572,0.8572,+X
89.2640,9.255710,-8.987482,-1.824962,TURN_TO_SHIFT,1,TURN_TO_SHIFT,-0.8387,0.8387,+X
89.2800,9.254544,-8.987183,-1.819485,TURN_TO_SHIFT,1,TURN_TO_SHIFT,-0.8207,0.8207,+X
89.2960,9.253401,-8.986897,-1.814126,TURN_TO_SHIFT,1,TURN_TO_SHIFT,-0.8030,0.8030,+X
89.3120,9.252282,-8.986623,-1.808882,TURN_TO_SHIFT,1,TURN_TO_SHIFT,-0.7857,0.7857,+X
89.3280,9.251185,-8.986361,-1.803751,TURN_TO_SHIFT,1,TURN_TO_SHIFT,-0.7688,0.7688,+X
89.3440,9.250111,-8.986110,-1.798731,TURN_TO_SHIFT,1,TURN_TO_SHIFT,-0.7522,0.7522,+X
89.3600,9.249059,-8.985869,-1.793820,TURN_TO_SHIFT,1,TURN_TO_SHIFT,-0.7360,0.7360,+X
89.3760,9.248028,-8.985639,-1.789014,TURN_TO_SHIFT,1,TURN_TO_SHIFT,-0.7201,0.7201,+X
89.3920,9.247019,-8.985418,-1.784311,TURN_TO_SHIFT,1,TURN_TO_SHIFT,-0.7046,0.7046,+X
89.4080,9.246030,-8.985207,-1.779710,TURN_TO_SHIFT,1,TURN_TO_SHIFT,-0.6894,0.6894,+X
89.4240,9.245062,-8.985004,-1.775208,TURN_TO_SHIFT,1,TURN_TO_SHIFT,-0.6746,0.6746,+X
89.4400,9.244114,-8.984810,-1.770804,TURN_TO_SHIFT,1,TURN_TO_SHIFT,-0.6600,0.6600,+X
89.4560,9.243185,-8.984625,-1.766494,TURN_TO_SHIFT,1,TURN_TO_SHIFT,-0.6458,0.6458,+X
89.4720,9.242276,-8.984447,-1.762277,TURN_TO_SHIFT,1,TURN_TO_SHIFT,-0.6319,0.6319,+X
89.4880,9.241385,-8.984277,-1.758151,TURN_TO_SHIFT,1,TURN_TO_SHIFT,-0.6183,0.6183,+X
89.5040,9.240514,-8.984114,-1.754113,TURN_TO_SHIFT,1,TURN_TO_SHIFT,-0.6049,0.6049,+X
89.5200,9.239660,-8.983958,-1.750163,TURN_TO_SHIFT,1,TURN_TO_SHIFT,-0.5919,0.5919,+X
89.5360,9.238824,-8.983808,-1.746298,TURN_TO_SHIFT,1,TURN_TO_SHIFT,-0.5792,0.5792,+X
89.5520,9.238006,-8.983665,-1.742517,TURN_TO_SHIFT,1,TURN_TO_SHIFT,-0.5667,0.5667,+X
89.5680,9.237204,-8.983528,-1.738816,TURN_TO_SHIFT,1,TURN_TO_SHIFT,-0.5545,0.5545,+X
89.5840,9.236420,-8.983397,-1.735196,TURN_TO_SHIFT,1,TURN_TO_SHIFT,-0.5425,0.5425,+X
89.6000,9.235652,-8.983272,-1.731654,TURN_TO_SHIFT,1,TURN_TO_SHIFT,-0.5308,0.5308,+X
89.6160,9.234900,-8.983151,-1.728188,TURN_TO_SHIFT,1,TURN_TO_SHIFT,-0.5194,0.5194,+X
89.6320,9.234164,-8.983036,-1.724796,TURN_TO_SHIFT,1,TURN_TO_SHIFT,-0.5082,0.5082,+X
89.6480,9.233443,-8.982926,-1.721478,TURN_TO_SHIFT,1,TURN_TO_SHIFT,-0.4972,0.4972,+X
89.6640,9.232738,-8.982820,-1.718231,TURN_TO_SHIFT,1,TURN_TO_SHIFT,-0.4865,0.4865,+X
89.6800,9.232048,-8.982719,-1.715054,TURN_TO_SHIFT,1,TURN_TO_SHIFT,-0.4761,0.4761,+X
89.6960,9.231372,-8.982622,-1.711946,TURN_TO_SHIFT,1,TURN_TO_SHIFT,-0.4658,0.4658,+X
89.7120,9.230710,-8.982530,-1.708905,TURN_TO_SHIFT,1,TURN_TO_SHIFT,-0.4558,0.4558,+X
89.7280,9.230063,-8.982441,-1.705929,TURN_TO_SHIFT,1,TURN_TO_SHIFT,-0.4459,0.4459,+X
89.7440,9.229429,-8.982356,-1.703018,TURN_TO_SHIFT,1,TURN_TO_SHIFT,-0.4363,0.4363,+X
89.7600,9.228809,-8.982274,-1.700169,TURN_TO_SHIFT,1,TURN_TO_SHIFT,-0.4269,0.4269,+X
89.7760,9.228202,-8.982197,-1.697381,TURN_TO_SHIFT,1,TURN_TO_SHIFT,-0.4177,0.4177,+X
89.7920,9.227607,-8.982122,-1.694654,TURN_TO_SHIFT,1,TURN_TO_SHIFT,-0.4087,0.4087,+X
89.8080,9.227026,-8.982050,-1.691986,TURN_TO_SHIFT,1,TURN_TO_SHIFT,-0.3999,0.3999,+X
89.8240,9.226456,-8.981982,-1.689375,TURN_TO_SHIFT,1,TURN_TO_SHIFT,-0.3913,0.3913,+X
89.8400,9.225899,-8.981917,-1.686820,TURN_TO_SHIFT,1,TURN_TO_SHIFT,-0.3829,0.3829,+X
89.8560,9.225354,-8.981854,-1.684320,TURN_TO_SHIFT,1,TURN_TO_SHIFT,-0.3746,0.3746,+X
89.8720,9.224820,-8.981794,-1.681874,TURN_TO_SHIFT,1,TURN_TO_SHIFT,-0.3666,0.3666,+X
89.8880,9.224298,-8.981737,-1.679481,TURN_TO_SHIFT,1,TURN_TO_SHIFT,-0.3587,0.3587,+X
89.9040,9.223787,-8.981681,-1.677140,TURN_TO_SHIFT,1,TURN_TO_SHIFT,-0.3509,0.3509,+X
89.9200,9.223286,-8.981629,-1.674849,TURN_TO_SHIFT,1,TURN_TO_SHIFT,-0.3434,0.3434,+X
89.9360,9.222797,-8.981578,-1.672607,TURN_TO_SHIFT,1,TURN_TO_SHIFT,-0.3360,0.3360,+X
89.9520,9.222318,-8.981530,-1.670414,TURN_TO_SHIFT,1,TURN_TO_SHIFT,-0.3287,0.3287,+X
89.9680,9.221849,-8.981484,-1.668268,TURN_TO_SHIFT,1,TURN_TO_SHIFT,-0.3217,0.3217,+X
89.9840,9.221390,-8.981440,-1.666168,TURN_TO_SHIFT,1,TURN_TO_SHIFT,-0.3147,0.3147,+X
90.0000,9.220941,-8.981397,-1.664114,TURN_TO_SHIFT,1,TURN_TO_SHIFT,-0.3079,0.3079,+X
90.0160,9.220502,-8.981357,-1.662103,TURN_TO_SHIFT,1,TURN_TO_SHIFT,-0.3013,0.3013,+X
90.0320,9.220072,-8.981318,-1.660136,TURN_TO_SHIFT,1,TURN_TO_SHIFT,-0.2948,0.2948,+X
90.0480,9.219651,-8.981281,-1.658212,TURN_TO_SHIFT,1,TURN_TO_SHIFT,-0.2885,0.2885,+X
90.0640,9.219239,-8.981245,-1.656329,TURN_TO_SHIFT,1,TURN_TO_SHIFT,-0.2823,0.2823,+X
90.0800,9.218836,-8.981211,-1.654486,TURN_TO_SHIFT,1,TURN_TO_SHIFT,-0.2762,0.2762,+X
90.0960,9.218442,-8.981178,-1.652684,TURN_TO_SHIFT,1,TURN_TO_SHIFT,-0.2702,0.2702,+X
90.1120,9.218056,-8.981147,-1.650920,TURN_TO_SHIFT,1,TURN_TO_SHIFT,-0.2644,0.2644,+X
90.1280,9.217678,-8.981117,-1.649194,TURN_TO_SHIFT,1,TURN_TO_SHIFT,-0.2587,0.2587,+X
90.1440,9.217309,-8.981089,-1.647505,TURN_TO_SHIFT,1,TURN_TO_SHIFT,-0.2531,0.2531,+X
90.1600,9.216947,-8.981061,-1.645853,TURN_TO_SHIFT,1,TURN_TO_SHIFT,-0.2477,0.2477,+X
90.1760,9.216594,-8.981035,-1.644236,TURN_TO_SHIFT,1,TURN_TO_SHIFT,-0.2424,0.2424,+X
90.1920,9.216247,-8.981010,-1.642655,TURN_TO_SHIFT,1,TURN_TO_SHIFT,-0.2371,0.2371,+X
90.2080,9.215909,-8.980986,-1.641107,TURN_TO_SHIFT,1,TURN_TO_SHIFT,-0.2320,0.2320,+X
90.2240,9.215577,-8.980963,-1.639593,TURN_TO_SHIFT,1,TURN_TO_SHIFT,-0.2270,0.2270,+X
90.2400,9.215253,-8.980941,-1.638111,TURN_TO_SHIFT,1,TURN_TO_SHIFT,-0.2221,0.2221,+X
90.2560,9.214936,-8.980920,-1.636661,TURN_TO_SHIFT,1,TURN_TO_SHIFT,-0.2174,0.2174,+X
90.2720,9.214625,-8.980899,-1.635243,TURN_TO_SHIFT,1,TURN_TO_SHIFT,-0.2127,0.2127,+X
90.2880,9.214321,-8.980880,-1.633855,TURN_TO_SHIFT,1,TURN_TO_SHIFT,-0.2081,0.2081,+X
90.3040,9.214024,-8.980862,-1.632497,TURN_TO_SHIFT,1,TURN_TO_SHIFT,-0.2036,0.2036,+X
90.3200,9.213733,-8.980844,-1.631168,TURN_TO_SHIFT,1,TURN_TO_SHIFT,-0.1992,0.1992,+X
90.3360,9.213448,-8.980827,-1.629868,TURN_TO_SHIFT,1,TURN_TO_SHIFT,-0.1949,0.1949,+X
90.3520,9.213170,-8.980811,-1.628596,TURN_TO_SHIFT,1,TURN_TO_SHIFT,-0.1907,0.1907,+X
90.3680,9.212897,-8.980795,-1.627351,TURN_TO_SHIFT,1,TURN_TO_SHIFT,-0.1866,0.1866,+X
90.3840,9.212631,-8.980780,-1.626134,TURN_TO_SHIFT,1,TURN_TO_SHIFT,-0.1826,0.1826,+X
90.4000,9.212370,-8.980766,-1.624942,TURN_TO_SHIFT,1,TURN_TO_SHIFT,-0.1787,0.1787,+X
90.4160,9.212115,-8.980752,-1.623776,TURN_TO_SHIFT,1,TURN_TO_SHIFT,-0.1748,0.1748,+X
90.4320,9.211865,-8.980739,-1.622635,TURN_TO_SHIFT,1,TURN_TO_SHIFT,-0.1711,0.1711,+X
90.4480,9.211621,-8.980727,-1.621519,TURN_TO_SHIFT,1,TURN_TO_SHIFT,-0.1674,0.1674,+X
90.4640,9.211381,-8.980715,-1.620427,TURN_TO_SHIFT,1,TURN_TO_SHIFT,-0.1638,0.1638,+X
90.4800,9.211148,-8.980703,-1.619359,TURN_TO_SHIFT,1,TURN_TO_SHIFT,-0.1603,0.1603,+X
90.4960,9.210919,-8.980692,-1.618313,TURN_TO_SHIFT,1,TURN_TO_SHIFT,-0.1568,0.1568,+X
90.5120,9.210695,-8.980682,-1.617290,TURN_TO_SHIFT,1,TURN_TO_SHIFT,-0.1534,0.1534,+X
90.5280,9.210476,-8.980672,-1.616289,TURN_TO_SHIFT,1,TURN_TO_SHIFT,-0.1501,0.1501,+X
90.5440,9.210261,-8.980662,-1.615310,TURN_TO_SHIFT,1,TURN_TO_SHIFT,-0.1469,0.1469,+X
90.5600,9.210051,-8.980653,-1.614352,TURN_TO_SHIFT,1,TURN_TO_SHIFT,-0.1437,0.1437,+X
90.5760,9.209846,-8.980644,-1.613414,TURN_TO_SHIFT,1,TURN_TO_SHIFT,-0.1406,0.1406,+X
90.5920,9.209645,-8.980636,-1.612497,TURN_TO_SHIFT,1,TURN_TO_SHIFT,-0.1376,0.1376,+X
90.6080,9.209449,-8.980628,-1.611599,TURN_TO_SHIFT,1,TURN_TO_SHIFT,-0.1346,0.1346,+X
90.6240,9.209256,-8.980620,-1.610721,TURN_TO_SHIFT,1,TURN_TO_SHIFT,-0.1320,0.1320,+X
90.6400,9.209068,-8.980612,-1.609860,TURN_TO_SHIFT,1,TURN_TO_SHIFT,-0.1320,0.1320,+X
90.6560,9.208879,-8.980605,-1.608999,TURN_TO_SHIFT,1,TURN_TO_SHIFT,-0.1320,0.1320,+X
90.6720,9.208691,-8.980598,-1.608138,TURN_TO_SHIFT,1,TURN_TO_SHIFT,-0.1320,0.1320,+X
90.6880,9.208502,-8.980591,-1.607277,TURN_TO_SHIFT,1,TURN_TO_SHIFT,-0.1320,0.1320,+X
90.7040,9.208314,-8.980584,-1.606416,TURN_TO_SHIFT,1,TURN_TO_SHIFT,-0.1320,0.1320,+X
90.7200,9.208125,-8.980578,-1.605555,TURN_TO_SHIFT,1,TURN_TO_SHIFT,-0.1320,0.1320,+X
90.7360,9.207936,-8.980571,-1.604695,TURN_TO_SHIFT,1,TURN_TO_SHIFT,-0.1320,0.1320,+X
90.7520,9.207748,-8.980565,-1.603834,TURN_TO_SHIFT,1,TURN_TO_SHIFT,-0.1320,0.1320,+X
90.7680,9.207559,-8.980559,-1.602973,TURN_TO_SHIFT,1,TURN_TO_SHIFT,-0.1320,0.1320,+X
90.7840,9.207370,-8.980553,-1.602112,TURN_TO_SHIFT,1,TURN_TO_SHIFT,-0.1320,0.1320,+X
90.8000,9.207182,-8.980547,-1.601251,TURN_TO_SHIFT,1,TURN_TO_SHIFT,-0.1320,0.1320,+X
90.8160,9.206993,-8.980541,-1.600390,TURN_TO_SHIFT,1,TURN_TO_SHIFT,-0.1320,0.1320,+X
90.8320,9.206804,-8.980536,-1.599529,TURN_TO_SHIFT,1,TURN_TO_SHIFT,-0.1320,0.1320,+X
90.8480,9.206615,-8.980530,-1.598669,TURN_TO_SHIFT,1,TURN_TO_SHIFT,-0.1320,0.1320,+X
90.8640,9.206427,-8.980525,-1.597808,TURN_TO_SHIFT,1,TURN_TO_SHIFT,-0.1320,0.1320,+X
90.8800,9.206238,-8.980520,-1.596947,TURN_TO_SHIFT,1,TURN_TO_SHIFT,-0.1320,0.1320,+X
90.8960,9.206049,-8.980515,-1.596086,TURN_TO_SHIFT,1,TURN_TO_SHIFT,-0.1320,0.1320,+X
90.9120,9.205860,-8.980511,-1.595225,TURN_TO_SHIFT,1,TURN_TO_SHIFT,-0.1320,0.1320,+X
90.9280,9.205671,-8.980506,-1.594364,TURN_TO_SHIFT,1,TURN_TO_SHIFT,-0.1320,0.1320,+X
90.9440,9.205482,-8.980502,-1.593504,TURN_TO_SHIFT,1,TURN_TO_SHIFT,-0.1320,0.1320,+X
90.9600,9.205294,-8.980498,-1.592643,TURN_TO_SHIFT,1,TURN_TO_SHIFT,-0.1320,0.1320,+X
90.9760,9.205105,-8.980494,-1.591782,TURN_TO_SHIFT,1,TURN_TO_SHIFT,-0.1320,0.1320,+X
90.9920,9.204916,-8.980490,-1.590921,TURN_TO_SHIFT,1,TURN_TO_SHIFT,-0.1320,0.1320,+X
91.0080,9.204727,-8.980486,-1.590060,TURN_TO_SHIFT,1,TURN_TO_SHIFT,-0.1320,0.1320,+X
91.0240,9.204538,-8.980482,-1.589199,TURN_TO_SHIFT,1,TURN_TO_SHIFT,-0.1320,0.1320,+X
91.0400,9.204349,-8.980479,-1.588339,TURN_TO_SHIFT,1,TURN_TO_SHIFT,-0.1320,0.1320,+X
91.0560,9.204160,-8.980476,-1.587478,TURN_TO_SHIFT,1,TURN_TO_SHIFT,-0.1320,0.1320,+X
91.0720,9.203971,-8.980473,-1.586617,TURN_TO_SHIFT,1,TURN_TO_SHIFT,-0.1320,0.1320,+X
91.0880,9.203783,-8.980470,-1.585756,TURN_TO_SHIFT,1,TURN_TO_SHIFT,-0.1320,0.1320,+X
91.1040,9.203594,-8.980467,-1.584896,TURN_TO_SHIFT,1,TURN_TO_SHIFT,-0.1320,0.1320,+X
91.1200,9.203405,-8.980464,-1.584035,TURN_TO_SHIFT,1,TURN_TO_SHIFT,-0.1320,0.1320,+X
91.1360,9.203216,-8.980462,-1.583174,TURN_TO_SHIFT,1,TURN_TO_SHIFT,-0.1320,0.1320,+X
91.1520,9.203027,-8.980460,-1.582313,TURN_TO_SHIFT,1,TURN_TO_SHIFT,-0.1320,0.1320,+X
91.1680,9.202838,-8.980458,-1.581452,TURN_TO_SHIFT,1,TURN_TO_SHIFT,-0.1320,0.1320,+X
91.1840,9.202649,-8.980456,-1.580592,TURN_TO_SHIFT,1,TURN_TO_SHIFT,-0.1320,0.1320,+X
91.2000,9.202460,-8.980454,-1.579731,TURN_TO_SHIFT,1,TURN_TO_SHIFT,-0.1320,0.1320,+X
91.2160,9.202271,-8.980452,-1.578870,TURN_TO_SHIFT,1,TURN_TO_SHIFT,-0.1320,0.1320,+X
91.2320,9.202082,-8.980451,-1.578009,SHIFT_LANE,1,SHIFT,-0.0000,-0.0000,+X
91.2480,9.202080,-8.980451,-1.578009,SHIFT_LANE,1,SHIFT,-1.7604,-2.2396,+X
91.2640,9.202096,-8.978686,-1.578000,SHIFT_LANE,1,SHIFT,-1.7284,-2.2077,+X
91.2800,9.202496,-8.975273,-1.579730,SHIFT_LANE,1,SHIFT,-1.6488,-2.1167,+X
91.2960,9.202912,-8.970662,-1.581425,SHIFT_LANE,1,SHIFT,-1.5391,-1.9959,+X
91.3120,9.202944,-8.968173,-1.581448,SHIFT_LANE,1,SHIFT,-1.4770,-1.9335,+X
91.3280,9.203294,-8.965593,-1.582930,SHIFT_LANE,1,SHIFT,-1.4174,-1.8641,+X
91.3440,9.203645,-8.963079,-1.584382,SHIFT_LANE,1,SHIFT,-1.3593,-1.7965,+X
91.3600,9.203992,-8.960644,-1.585804,SHIFT_LANE,1,SHIFT,-1.3031,-1.7310,+X
91.3760,9.204335,-8.958290,-1.587196,SHIFT_LANE,1,SHIFT,-1.2489,-1.6675,+X
91.3920,9.204673,-8.956017,-1.588558,SHIFT_LANE,1,SHIFT,-1.1965,-1.6062,+X
91.4080,9.205007,-8.953825,-1.589892,SHIFT_LANE,1,SHIFT,-1.1461,-1.5470,+X
91.4240,9.205336,-8.951711,-1.591198,SHIFT_LANE,1,SHIFT,-1.0976,-1.4898,+X
91.4400,9.205659,-8.949676,-1.592476,SHIFT_LANE,1,SHIFT,-1.0509,-1.4347,+X
91.4560,9.205978,-8.947716,-1.593727,SHIFT_LANE,1,SHIFT,-1.0061,-1.3816,+X
91.4720,9.206291,-8.945831,-1.594951,SHIFT_LANE,1,SHIFT,-0.9630,-1.3304,+X
91.4880,9.206600,-8.944018,-1.596149,SHIFT_LANE,1,SHIFT,-0.9216,-1.2811,+X
91.5040,9.206903,-8.942274,-1.597321,SHIFT_LANE,1,SHIFT,-0.8819,-1.2337,+X
91.5200,9.207200,-8.940599,-1.598468,SHIFT_LANE,1,SHIFT,-0.8438,-1.1880,+X
91.5360,9.207492,-8.938989,-1.599590,SHIFT_LANE,1,SHIFT,-0.8072,-1.1441,+X
91.5520,9.207779,-8.937441,-1.600689,SHIFT_LANE,1,SHIFT,-0.7722,-1.1018,+X
91.5680,9.208061,-8.935955,-1.601763,SHIFT_LANE,1,SHIFT,-0.7386,-1.0611,+X
91.5840,9.208337,-8.934527,-1.602815,SHIFT_LANE,1,SHIFT,-0.7063,-1.0219,+X
91.6000,9.208607,-8.933156,-1.603844,SHIFT_LANE,1,SHIFT,-0.6755,-0.9842,+X
91.6160,9.208873,-8.931839,-1.604851,SHIFT_LANE,1,SHIFT,-0.6459,-0.9480,+X
91.6320,9.209133,-8.930575,-1.605836,SHIFT_LANE,1,SHIFT,-0.6175,-0.9131,+X
91.6480,9.209388,-8.929360,-1.606800,SHIFT_LANE,1,SHIFT,-0.5903,-0.8796,+X
91.6640,9.209638,-8.928194,-1.607743,SHIFT_LANE,1,SHIFT,-0.5643,-0.8473,+X
91.6800,9.209882,-8.927075,-1.608666,SHIFT_LANE,1,SHIFT,-0.5393,-0.8163,+X
91.6960,9.210122,-8.926000,-1.609569,SHIFT_LANE,1,SHIFT,-0.5154,-0.7864,+X
91.7120,9.210357,-8.924968,-1.610453,SHIFT_LANE,1,SHIFT,-0.4925,-0.7577,+X
91.7280,9.210586,-8.923977,-1.611318,SHIFT_LANE,1,SHIFT,-0.4706,-0.7301,+X
91.7440,9.210811,-8.923025,-1.612164,SHIFT_LANE,1,SHIFT,-0.4496,-0.7035,+X
91.7600,9.211031,-8.922112,-1.612991,SHIFT_LANE,1,SHIFT,-0.4295,-0.6779,+X
91.7760,9.211246,-8.921234,-1.613801,SHIFT_LANE,1,SHIFT,-0.4103,-0.6533,+X
91.7920,9.211457,-8.920392,-1.614594,SHIFT_LANE,1,SHIFT,-0.3918,-0.6296,+X
91.8080,9.211663,-8.919584,-1.615369,SHIFT_LANE,1,SHIFT,-0.3742,-0.6069,+X
91.8240,9.211864,-8.918808,-1.616128,SHIFT_LANE,1,SHIFT,-0.3573,-0.5850,+X
91.8400,9.212061,-8.918062,-1.616870,SHIFT_LANE,1,SHIFT,-0.3411,-0.5639,+X
91.8560,9.212254,-8.917347,-1.617597,SHIFT_LANE,1,SHIFT,-0.3256,-0.5436,+X
91.8720,9.212442,-8.916660,-1.618307,SHIFT_LANE,1,SHIFT,-0.3108,-0.5241,+X
91.8880,9.212627,-8.916000,-1.619003,SHIFT_LANE,1,SHIFT,-0.2966,-0.5053,+X
91.9040,9.212807,-8.915367,-1.619683,SHIFT_LANE,1,SHIFT,-0.2979,-0.5021,+X
91.9200,9.212984,-8.914736,-1.620349,SHIFT_LANE,1,SHIFT,-0.3001,-0.4999,+X
91.9360,9.213158,-8.914105,-1.621001,SHIFT_LANE,1,SHIFT,-0.3022,-0.4978,+X
91.9520,9.213330,-8.913474,-1.621638,SHIFT_LANE,1,SHIFT,-0.3043,-0.4957,+X
91.9680,9.213499,-8.912842,-1.622262,SHIFT_LANE,1,SHIFT,-0.3064,-0.4936,+X
91.9840,9.213666,-8.912210,-1.622872,SHIFT_LANE,1,SHIFT,-0.3084,-0.4916,+X
92.0000,9.213830,-8.911578,-1.623469,SHIFT_LANE,1,SHIFT,-0.3104,-0.4896,+X
92.0160,9.213992,-8.910946,-1.624053,SHIFT_LANE,1,SHIFT,-0.3123,-0.4877,+X
92.0320,9.214151,-8.910314,-1.624625,SHIFT_LANE,1,SHIFT,-0.3142,-0.4858,+X
92.0480,9.214308,-8.909682,-1.625184,SHIFT_LANE,1,SHIFT,-0.3160,-0.4840,+X
92.0640,9.214463,-8.909050,-1.625731,SHIFT_LANE,1,SHIFT,-0.3178,-0.4822,+X
92.0800,9.214615,-8.908417,-1.626267,SHIFT_LANE,1,SHIFT,-0.3196,-0.4804,+X
92.0960,9.214765,-8.907785,-1.626791,SHIFT_LANE,1,SHIFT,-0.3213,-0.4787,+X
92.1120,9.214913,-8.907152,-1.627304,SHIFT_LANE,1,SHIFT,-0.3230,-0.4770,+X
92.1280,9.215059,-8.906519,-1.627805,SHIFT_LANE,1,SHIFT,-0.3247,-0.4753,+X
92.1440,9.215203,-8.905887,-1.628296,SHIFT_LANE,1,SHIFT,-0.3263,-0.4737,+X
92.1600,9.215345,-8.905254,-1.628776,SHIFT_LANE,1,SHIFT,-0.3279,-0.4721,+X
92.1760,9.215485,-8.904621,-1.629246,SHIFT_LANE,1,SHIFT,-0.3294,-0.4706,+X
92.1920,9.215623,-8.903988,-1.629706,SHIFT_LANE,1,SHIFT,-0.3310,-0.4690,+X
92.2080,9.215759,-8.903355,-1.630156,SHIFT_LANE,1,SHIFT,-0.3324,-0.4676,+X
92.2240,9.215893,-8.902722,-1.630596,SHIFT_LANE,1,SHIFT,-0.3339,-0.4661,+X
92.2400,9.216026,-8.902088,-1.631026,SHIFT_LANE,1,SHIFT,-0.3353,-0.4647,+X
92.2560,9.216157,-8.901455,-1.631448,SHIFT_LANE,1,SHIFT,-0.3367,-0.4633,+X
92.2720,9.216286,-8.900822,-1.631860,STOP_AT_SHIFT,1,SHIFT,-0.0000,-0.0000,+X
92.2880,9.216288,-8.900800,-1.631860,STOP_AT_SHIFT,1,SHIFT,-0.0000,-0.0000,+X
92.3040,9.216288,-8.900803,-1.631861,STOP_AT_SHIFT,1,SHIFT,-0.0000,-0.0000,+X
92.3200,9.216288,-8.900807,-1.631861,STOP_AT_SHIFT,1,SHIFT,-0.0000,-0.0000,+X
92.3360,9.216287,-8.900810,-1.631861,STOP_AT_SHIFT,1,SHIFT,-0.0000,-0.0000,+X
92.3520,9.216287,-8.900812,-1.631861,TURN_TO_LANE,2,TURN_TO_LANE,-0.0000,-0.0000,-X
92.3680,9.216287,-8.900814,-1.631861,TURN_TO_LANE,2,TURN_TO_LANE,-1.7600,1.7600,-X
92.3840,9.215761,-8.900822,-1.628869,TURN_TO_LANE,2,TURN_TO_LANE,-1.7600,1.7600,-X
92.4000,9.214592,-8.900837,-1.623137,TURN_TO_LANE,2,TURN_TO_LANE,-1.7600,1.7600,-X
92.4160,9.212781,-8.900856,-1.614685,TURN_TO_LANE,2,TURN_TO_LANE,-1.7600,1.7600,-X
92.4320,9.210359,-8.900855,-1.603621,TURN_TO_LANE,2,TURN_TO_LANE,-1.7600,1.7600,-X
92.4480,9.207833,-8.900780,-1.592131,TURN_TO_LANE,2,TURN_TO_LANE,-1.7600,1.7600,-X
92.4640,9.205305,-8.900732,-1.580638,TURN_TO_LANE,2,TURN_TO_LANE,-1.7600,1.7600,-X
92.4800,9.202776,-8.900715,-1.569145,TURN_TO_LANE,2,TURN_TO_LANE,-1.7600,1.7600,-X
92.4960,9.200246,-8.900729,-1.557652,TURN_TO_LANE,2,TURN_TO_LANE,-1.7600,1.7600,-X
92.5120,9.197718,-8.900772,-1.546158,TURN_TO_LANE,2,TURN_TO_LANE,-1.7600,1.7600,-X
92.5280,9.195190,-8.900846,-1.534664,TURN_TO_LANE,2,TURN_TO_LANE,-1.7600,1.7600,-X
92.5440,9.192664,-8.900949,-1.523170,TURN_TO_LANE,2,TURN_TO_LANE,-1.7600,1.7600,-X
92.5600,9.190139,-8.901081,-1.511676,TURN_TO_LANE,2,TURN_TO_LANE,-1.7600,1.7600,-X
92.5760,9.187616,-8.901243,-1.500182,TURN_TO_LANE,2,TURN_TO_LANE,-1.7600,1.7600,-X
92.5920,9.185096,-8.901435,-1.488688,TURN_TO_LANE,2,TURN_TO_LANE,-1.7600,1.7600,-X
92.6080,9.182578,-8.901655,-1.477194,TURN_TO_LANE,2,TURN_TO_LANE,-1.7600,1.7600,-X
92.6240,9.180062,-8.901905,-1.465700,TURN_TO_LANE,2,TURN_TO_LANE,-1.7600,1.7600,-X
92.6400,9.177550,-8.902184,-1.454205,TURN_TO_LANE,2,TURN_TO_LANE,-1.7600,1.7600,-X
92.6560,9.175042,-8.902492,-1.442711,TURN_TO_LANE,2,TURN_TO_LANE,-1.7600,1.7600,-X
92.6720,9.172538,-8.902828,-1.431217,TURN_TO_LANE,2,TURN_TO_LANE,-1.7600,1.7600,-X
92.6880,9.170037,-8.903194,-1.419723,TURN_TO_LANE,2,TURN_TO_LANE,-1.7600,1.7600,-X
92.7040,9.167541,-8.903588,-1.408229,TURN_TO_LANE,2,TURN_TO_LANE,-1.7600,1.7600,-X
92.7200,9.165050,-8.904011,-1.396736,TURN_TO_LANE,2,TURN_TO_LANE,-1.7600,1.7600,-X
92.7360,9.162564,-8.904463,-1.385242,TURN_TO_LANE,2,TURN_TO_LANE,-1.7600,1.7600,-X
92.7520,9.160083,-8.904943,-1.373748,TURN_TO_LANE,2,TURN_TO_LANE,-1.7600,1.7600,-X
92.7680,9.157608,-8.905452,-1.362254,TURN_TO_LANE,2,TURN_TO_LANE,-1.7600,1.7600,-X
92.7840,9.155139,-8.905989,-1.350760,TURN_TO_LANE,2,TURN_TO_LANE,-1.7600,1.7600,-X
92.8000,9.152677,-8.906555,-1.339266,TURN_TO_LANE,2,TURN_TO_LANE,-1.7600,1.7600,-X
92.8160,9.150221,-8.907149,-1.327773,TURN_TO_LANE,2,TURN_TO_LANE,-1.7600,1.7600,-X
92.8320,9.147772,-8.907771,-1.316279,TURN_TO_LANE,2,TURN_TO_LANE,-1.7600,1.7600,-X
92.8480,9.145330,-8.908421,-1.304785,TURN_TO_LANE,2,TURN_TO_LANE,-1.7600,1.7600,-X
92.8640,9.142897,-8.909100,-1.293292,TURN_TO_LANE,2,TURN_TO_LANE,-1.7600,1.7600,-X
92.8800,9.140471,-8.909806,-1.281798,TURN_TO_LANE,2,TURN_TO_LANE,-1.7600,1.7600,-X
92.8960,9.138053,-8.910540,-1.270304,TURN_TO_LANE,2,TURN_TO_LANE,-1.7600,1.7600,-X
92.9120,9.135644,-8.911302,-1.258811,TURN_TO_LANE,2,TURN_TO_LANE,-1.7600,1.7600,-X
92.9280,9.133244,-8.912091,-1.247317,TURN_TO_LANE,2,TURN_TO_LANE,-1.7600,1.7600,-X
92.9440,9.130853,-8.912908,-1.235824,TURN_TO_LANE,2,TURN_TO_LANE,-1.7600,1.7600,-X
92.9600,9.128472,-8.913752,-1.224330,TURN_TO_LANE,2,TURN_TO_LANE,-1.7600,1.7600,-X
92.9760,9.126100,-8.914624,-1.212837,TURN_TO_LANE,2,TURN_TO_LANE,-1.7600,1.7600,-X
92.9920,9.123739,-8.915523,-1.201343,TURN_TO_LANE,2,TURN_TO_LANE,-1.7600,1.7600,-X
93.0080,9.121388,-8.916449,-1.189850,TURN_TO_LANE,2,TURN_TO_LANE,-1.7600,1.7600,-X
93.0240,9.119048,-8.917402,-1.178356,TURN_TO_LANE,2,TURN_TO_LANE,-1.7600,1.7600,-X
93.0400,9.116719,-8.918382,-1.166863,TURN_TO_LANE,2,TURN_TO_LANE,-1.7600,1.7600,-X
93.0560,9.114402,-8.919388,-1.155369,TURN_TO_LANE,2,TURN_TO_LANE,-1.7600,1.7600,-X
93.0720,9.112096,-8.920421,-1.143876,TURN_TO_LANE,2,TURN_TO_LANE,-1.7600,1.7600,-X
93.0880,9.109803,-8.921481,-1.132383,TURN_TO_LANE,2,TURN_TO_LANE,-1.7600,1.7600,-X
93.1040,9.107521,-8.922567,-1.120890,TURN_TO_LANE,2,TURN_TO_LANE,-1.7600,1.7600,-X
93.1200,9.105253,-8.923679,-1.109396,TURN_TO_LANE,2,TURN_TO_LANE,-1.7600,1.7600,-X
93.1360,9.102997,-8.924817,-1.097903,TURN_TO_LANE,2,TURN_TO_LANE,-1.7600,1.7600,-X
93.1520,9.100754,-8.925980,-1.086410,TURN_TO_LANE,2,TURN_TO_LANE,-1.7600,1.7600,-X
93.1680,9.098525,-8.927170,-1.074917,TURN_TO_LANE,2,TURN_TO_LANE,-1.7600,1.7600,-X
93.1840,9.096310,-8.928385,-1.063424,TURN_TO_LANE,2,TURN_TO_LANE,-1.7600,1.7600,-X
93.2000,9.094109,-8.929625,-1.051931,TURN_TO_LANE,2,TURN_TO_LANE,-1.7600,1.7600,-X
93.2160,9.091923,-8.930891,-1.040438,TURN_TO_LANE,2,TURN_TO_LANE,-1.7600,1.7600,-X
93.2320,9.089751,-8.932182,-1.028945,TURN_TO_LANE,2,TURN_TO_LANE,-1.7600,1.7600,-X
93.2480,9.087594,-8.933497,-1.017453,TURN_TO_LANE,2,TURN_TO_LANE,-1.7600,1.7600,-X
93.2640,9.085453,-8.934838,-1.005960,TURN_TO_LANE,2,TURN_TO_LANE,-1.7600,1.7600,-X
93.2800,9.083327,-8.936202,-0.994468,TURN_TO_LANE,2,TURN_TO_LANE,-1.7600,1.7600,-X
93.2960,9.081216,-8.937591,-0.982975,TURN_TO_LANE,2,TURN_TO_LANE,-1.7600,1.7600,-X
93.3120,9.079122,-8.939005,-0.971483,TURN_TO_LANE,2,TURN_TO_LANE,-1.7600,1.7600,-X
93.3280,9.077045,-8.940442,-0.959990,TURN_TO_LANE,2,TURN_TO_LANE,-1.7600,1.7600,-X
93.3440,9.074984,-8.941903,-0.948498,TURN_TO_LANE,2,TURN_TO_LANE,-1.7600,1.7600,-X
93.3600,9.072940,-8.943387,-0.937006,TURN_TO_LANE,2,TURN_TO_LANE,-1.7600,1.7600,-X
93.3760,9.070913,-8.944895,-0.925514,TURN_TO_LANE,2,TURN_TO_LANE,-1.7600,1.7600,-X
93.3920,9.068904,-8.946426,-0.914022,TURN_TO_LANE,2,TURN_TO_LANE,-1.7600,1.7600,-X
93.4080,9.066913,-8.947980,-0.902530,TURN_TO_LANE,2,TURN_TO_LANE,-1.7600,1.7600,-X
93.4240,9.064939,-8.949557,-0.891039,TURN_TO_LANE,2,TURN_TO_LANE,-1.7600,1.7600,-X
93.4400,9.062984,-8.951157,-0.879547,TURN_TO_LANE,2,TURN_TO_LANE,-1.7600,1.7600,-X
93.4560,9.061048,-8.952778,-0.868056,TURN_TO_LANE,2,TURN_TO_LANE,-1.7600,1.7600,-X
93.4720,9.059130,-8.954422,-0.856565,TURN_TO_LANE,2,TURN_TO_LANE,-1.7600,1.7600,-X
93.4880,9.057231,-8.956088,-0.845074,TURN_TO_LANE,2,TURN_TO_LANE,-1.7600,1.7600,-X
93.5040,9.055352,-8.957776,-0.833583,TURN_TO_LANE,2,TURN_TO_LANE,-1.7600,1.7600,-X
93.5200,9.053492,-8.959484,-0.822093,TURN_TO_LANE,2,TURN_TO_LANE,-1.7600,1.7600,-X
93.5360,9.051652,-8.961215,-0.810602,TURN_TO_LANE,2,TURN_TO_LANE,-1.7600,1.7600,-X
93.5520,9.049833,-8.962966,-0.799112,TURN_TO_LANE,2,TURN_TO_LANE,-1.7600,1.7600,-X
93.5680,9.048033,-8.964738,-0.787622,TURN_TO_LANE,2,TURN_TO_LANE,-1.7600,1.7600,-X
93.5840,9.046254,-8.966530,-0.776133,TURN_TO_LANE,2,TURN_TO_LANE,-1.7600,1.7600,-X
93.6000,9.044496,-8.968343,-0.764643,TURN_TO_LANE,2,TURN_TO_LANE,-1.7600,1.7600,-X
93.6160,9.042759,-8.970176,-0.753153,TURN_TO_LANE,2,TURN_TO_LANE,-1.7600,1.7600,-X
93.6320,9.041043,-8.972029,-0.741663,TURN_TO_LANE,2,TURN_TO_LANE,-1.7600,1.7600,-X
93.6480,9.039349,-8.973902,-0.730173,TURN_TO_LANE,2,TURN_TO_LANE,-1.7600,1.7600,-X
93.6640,9.037676,-8.975794,-0.718683,TURN_TO_LANE,2,TURN_TO_LANE,-1.7600,1.7600,-X
93.6800,9.036025,-8.977705,-0.707193,TURN_TO_LANE,2,TURN_TO_LANE,-1.7600,1.7600,-X
93.6960,9.034396,-8.979635,-0.695703,TURN_TO_LANE,2,TURN_TO_LANE,-1.7600,1.7600,-X
93.7120,9.032790,-8.981584,-0.684213,TURN_TO_LANE,2,TURN_TO_LANE,-1.7600,1.7600,-X
93.7280,9.031206,-8.983551,-0.672723,TURN_TO_LANE,2,TURN_TO_LANE,-1.7600,1.7600,-X
93.7440,9.029645,-8.985536,-0.661233,TURN_TO_LANE,2,TURN_TO_LANE,-1.7600,1.7600,-X
93.7600,9.028104,-8.987539,-0.649738,TURN_TO_LANE,2,TURN_TO_LANE,-1.7600,1.7600,-X
93.7760,9.026586,-8.989559,-0.638243,TURN_TO_LANE,2,TURN_TO_LANE,-1.7600,1.7600,-X
93.7920,9.025091,-8.991597,-0.626748,TURN_TO_LANE,2,TURN_TO_LANE,-1.7600,1.7600,-X
93.8080,9.023619,-8.993652,-0.615252,TURN_TO_LANE,2,TURN_TO_LANE,-1.7600,1.7600,-X
93.8240,9.022172,-8.995724,-0.603756,TURN_TO_LANE,2,TURN_TO_LANE,-1.7600,1.7600,-X
93.8400,9.020749,-8.997812,-0.592261,TURN_TO_LANE,2,TURN_TO_LANE,-1.7600,1.7600,-X
93.8560,9.019349,-8.999916,-0.580765,TURN_TO_LANE,2,TURN_TO_LANE,-1.7600,1.7600,-X
93.8720,9.017974,-9.002037,-0.569269,TURN_TO_LANE,2,TURN_TO_LANE,-1.7600,1.7600,-X
93.8880,9.016624,-9.004173,-0.557773,TURN_TO_LANE,2,TURN_TO_LANE,-1.7600,1.7600,-X
93.9040,9.015298,-9.006324,-0.546277,TURN_TO_LANE,2,TURN_TO_LANE,-1.7600,1.7600,-X
93.9200,9.013997,-9.008491,-0.534781,TURN_TO_LANE,2,TURN_TO_LANE,-1.7600,1.7600,-X
93.9360,9.012721,-9.010672,-0.523285,TURN_TO_LANE,2,TURN_TO_LANE,-1.7268,1.7268,-X
93.9520,9.011494,-9.012827,-0.512005,TURN_TO_LANE,2,TURN_TO_LANE,-1.6896,1.6896,-X
93.9680,9.010317,-9.014950,-0.500968,TURN_TO_LANE,2,TURN_TO_LANE,-1.6532,1.6532,-X
93.9840,9.009189,-9.017039,-0.490170,TURN_TO_LANE,2,TURN_TO_LANE,-1.6176,1.6176,-X
94.0000,9.008107,-9.019095,-0.479604,TURN_TO_LANE,2,TURN_TO_LANE,-1.5827,1.5827,-X
94.0160,9.007070,-9.021117,-0.469266,TURN_TO_LANE,2,TURN_TO_LANE,-1.5486,1.5486,-X
94.0320,9.006076,-9.023106,-0.459152,TURN_TO_LANE,2,TURN_TO_LANE,-1.5152,1.5152,-X
94.0480,9.005123,-9.025062,-0.449256,TURN_TO_LANE,2,TURN_TO_LANE,-1.4825,1.4825,-X
94.0640,9.004209,-9.026985,-0.439573,TURN_TO_LANE,2,TURN_TO_LANE,-1.4506,1.4506,-X
94.0800,9.003334,-9.028875,-0.430099,TURN_TO_LANE,2,TURN_TO_LANE,-1.4193,1.4193,-X
94.0960,9.002495,-9.030732,-0.420829,TURN_TO_LANE,2,TURN_TO_LANE,-1.3887,1.3887,-X
94.1120,9.001690,-9.032556,-0.411759,TURN_TO_LANE,2,TURN_TO_LANE,-1.3588,1.3588,-X
94.1280,9.000919,-9.034348,-0.402885,TURN_TO_LANE,2,TURN_TO_LANE,-1.3295,1.3295,-X
94.1440,9.000180,-9.036108,-0.394202,TURN_TO_LANE,2,TURN_TO_LANE,-1.3009,1.3009,-X
94.1600,8.999472,-9.037836,-0.385707,TURN_TO_LANE,2,TURN_TO_LANE,-1.2728,1.2728,-X
94.1760,8.998793,-9.039533,-0.377395,TURN_TO_LANE,2,TURN_TO_LANE,-1.2454,1.2454,-X
94.1920,8.998143,-9.041198,-0.369261,TURN_TO_LANE,2,TURN_TO_LANE,-1.2186,1.2186,-X
94.2080,8.997519,-9.042833,-0.361304,TURN_TO_LANE,2,TURN_TO_LANE,-1.1923,1.1923,-X
94.2240,8.996922,-9.044437,-0.353517,TURN_TO_LANE,2,TURN_TO_LANE,-1.1666,1.1666,-X
94.2400,8.996350,-9.046011,-0.345899,TURN_TO_LANE,2,TURN_TO_LANE,-1.1415,1.1415,-X
94.2560,8.995802,-9.047555,-0.338445,TURN_TO_LANE,2,TURN_TO_LANE,-1.1169,1.1169,-X
94.2720,8.995276,-9.049069,-0.331151,TURN_TO_LANE,2,TURN_TO_LANE,-1.0928,1.0928,-X
94.2880,8.994773,-9.050555,-0.324015,TURN_TO_LANE,2,TURN_TO_LANE,-1.0692,1.0692,-X
94.3040,8.994291,-9.052012,-0.317032,TURN_TO_LANE,2,TURN_TO_LANE,-1.0462,1.0462,-X
94.3200,8.993829,-9.053441,-0.310200,TURN_TO_LANE,2,TURN_TO_LANE,-1.0237,1.0237,-X
94.3360,8.993386,-9.054842,-0.303516,TURN_TO_LANE,2,TURN_TO_LANE,-1.0016,1.0016,-X
94.3520,8.992962,-9.056216,-0.296975,TURN_TO_LANE,2,TURN_TO_LANE,-0.9800,0.9800,-X
94.3680,8.992556,-9.057563,-0.290575,TURN_TO_LANE,2,TURN_TO_LANE,-0.9589,0.9589,-X
94.3840,8.992167,-9.058883,-0.284313,TURN_TO_LANE,2,TURN_TO_LANE,-0.9382,0.9382,-X
94.4000,8.991794,-9.060177,-0.278186,TURN_TO_LANE,2,TURN_TO_LANE,-0.9180,0.9180,-X
94.4160,8.991437,-9.061445,-0.272191,TURN_TO_LANE,2,TURN_TO_LANE,-0.8982,0.8982,-X
94.4320,8.991095,-9.062688,-0.266326,TURN_TO_LANE,2,TURN_TO_LANE,-0.8789,0.8789,-X
94.4480,8.990768,-9.063906,-0.260587,TURN_TO_LANE,2,TURN_TO_LANE,-0.8599,0.8599,-X
94.4640,8.990454,-9.065100,-0.254971,TURN_TO_LANE,2,TURN_TO_LANE,-0.8414,0.8414,-X
94.4800,8.990154,-9.066270,-0.249477,TURN_TO_LANE,2,TURN_TO_LANE,-0.8233,0.8233,-X
94.4960,8.989866,-9.067415,-0.244100,TURN_TO_LANE,2,TURN_TO_LANE,-0.8055,0.8055,-X
94.5120,8.989590,-9.068538,-0.238840,TURN_TO_LANE,2,TURN_TO_LANE,-0.7882,0.7882,-X
94.5280,8.989326,-9.069638,-0.233693,TURN_TO_LANE,2,TURN_TO_LANE,-0.7712,0.7712,-X
94.5440,8.989073,-9.070715,-0.228657,TURN_TO_LANE,2,TURN_TO_LANE,-0.7546,0.7546,-X
94.5600,8.988831,-9.071771,-0.223730,TURN_TO_LANE,2,TURN_TO_LANE,-0.7383,0.7383,-X
94.5760,8.988599,-9.072804,-0.218909,TURN_TO_LANE,2,TURN_TO_LANE,-0.7224,0.7224,-X
94.5920,8.988377,-9.073817,-0.214192,TURN_TO_LANE,2,TURN_TO_LANE,-0.7068,0.7068,-X
94.6080,8.988165,-9.074809,-0.209576,TURN_TO_LANE,2,TURN_TO_LANE,-0.6916,0.6916,-X
94.6240,8.987961,-9.075780,-0.205060,TURN_TO_LANE,2,TURN_TO_LANE,-0.6767,0.6767,-X
94.6400,8.987766,-9.076731,-0.200641,TURN_TO_LANE,2,TURN_TO_LANE,-0.6621,0.6621,-X
94.6560,8.987579,-9.077662,-0.196317,TURN_TO_LANE,2,TURN_TO_LANE,-0.6478,0.6478,-X
94.6720,8.987400,-9.078574,-0.192087,TURN_TO_LANE,2,TURN_TO_LANE,-0.6339,0.6339,-X
94.6880,8.987229,-9.079468,-0.187948,TURN_TO_LANE,2,TURN_TO_LANE,-0.6202,0.6202,-X
94.7040,8.987065,-9.080342,-0.183898,TURN_TO_LANE,2,TURN_TO_LANE,-0.6069,0.6069,-X
94.7200,8.986908,-9.081198,-0.179935,TURN_TO_LANE,2,TURN_TO_LANE,-0.5938,0.5938,-X
94.7360,8.986758,-9.082037,-0.176058,TURN_TO_LANE,2,TURN_TO_LANE,-0.5810,0.5810,-X
94.7520,8.986614,-9.082858,-0.172264,TURN_TO_LANE,2,TURN_TO_LANE,-0.5685,0.5685,-X
94.7680,8.986476,-9.083662,-0.168552,TURN_TO_LANE,2,TURN_TO_LANE,-0.5562,0.5562,-X
94.7840,8.986344,-9.084448,-0.164920,TURN_TO_LANE,2,TURN_TO_LANE,-0.5442,0.5442,-X
94.8000,8.986217,-9.085219,-0.161367,TURN_TO_LANE,2,TURN_TO_LANE,-0.5325,0.5325,-X
94.8160,8.986096,-9.085973,-0.157890,TURN_TO_LANE,2,TURN_TO_LANE,-0.5210,0.5210,-X
94.8320,8.985980,-9.086711,-0.154488,TURN_TO_LANE,2,TURN_TO_LANE,-0.5098,0.5098,-X
94.8480,8.985869,-9.087434,-0.151159,TURN_TO_LANE,2,TURN_TO_LANE,-0.4988,0.4988,-X
94.8640,8.985763,-9.088141,-0.147902,TURN_TO_LANE,2,TURN_TO_LANE,-0.4881,0.4881,-X
94.8800,8.985661,-9.088834,-0.144715,TURN_TO_LANE,2,TURN_TO_LANE,-0.4776,0.4776,-X
94.8960,8.985564,-9.089512,-0.141597,TURN_TO_LANE,2,TURN_TO_LANE,-0.4673,0.4673,-X
94.9120,8.985471,-9.090176,-0.138546,TURN_TO_LANE,2,TURN_TO_LANE,-0.4572,0.4572,-X
94.9280,8.985381,-9.090825,-0.135561,TURN_TO_LANE,2,TURN_TO_LANE,-0.4474,0.4474,-X
94.9440,8.985296,-9.091461,-0.132640,TURN_TO_LANE,2,TURN_TO_LANE,-0.4377,0.4377,-X
94.9600,8.985214,-9.092083,-0.129782,TURN_TO_LANE,2,TURN_TO_LANE,-0.4283,0.4283,-X
94.9760,8.985135,-9.092692,-0.126986,TURN_TO_LANE,2,TURN_TO_LANE,-0.4191,0.4191,-X
94.9920,8.985060,-9.093288,-0.124250,TURN_TO_LANE,2,TURN_TO_LANE,-0.4100,0.4100,-X
95.0080,8.984988,-9.093872,-0.121573,TURN_TO_LANE,2,TURN_TO_LANE,-0.4012,0.4012,-X
95.0240,8.984920,-9.094443,-0.118954,TURN_TO_LANE,2,TURN_TO_LANE,-0.3925,0.3925,-X
95.0400,8.984854,-9.095002,-0.116391,TURN_TO_LANE,2,TURN_TO_LANE,-0.3841,0.3841,-X
95.0560,8.984791,-9.095549,-0.113883,TURN_TO_LANE,2,TURN_TO_LANE,-0.3758,0.3758,-X
95.0720,8.984730,-9.096084,-0.111430,TURN_TO_LANE,2,TURN_TO_LANE,-0.3677,0.3677,-X
95.0880,8.984672,-9.096608,-0.109029,TURN_TO_LANE,2,TURN_TO_LANE,-0.3598,0.3598,-X
95.1040,8.984617,-9.097121,-0.106680,TURN_TO_LANE,2,TURN_TO_LANE,-0.3520,0.3520,-X
95.1200,8.984564,-9.097623,-0.104382,TURN_TO_LANE,2,TURN_TO_LANE,-0.3445,0.3445,-X
95.1360,8.984513,-9.098114,-0.102133,TURN_TO_LANE,2,TURN_TO_LANE,-0.3370,0.3370,-X
95.1520,8.984465,-9.098595,-0.099933,TURN_TO_LANE,2,TURN_TO_LANE,-0.3298,0.3298,-X
95.1680,8.984418,-9.099065,-0.097780,TURN_TO_LANE,2,TURN_TO_LANE,-0.3227,0.3227,-X
95.1840,8.984374,-9.099525,-0.095674,TURN_TO_LANE,2,TURN_TO_LANE,-0.3157,0.3157,-X
95.2000,8.984331,-9.099976,-0.093613,TURN_TO_LANE,2,TURN_TO_LANE,-0.3089,0.3089,-X
95.2160,8.984290,-9.100416,-0.091596,TURN_TO_LANE,2,TURN_TO_LANE,-0.3023,0.3023,-X
95.2320,8.984251,-9.100848,-0.089623,TURN_TO_LANE,2,TURN_TO_LANE,-0.2958,0.2958,-X
95.2480,8.984214,-9.101270,-0.087692,TURN_TO_LANE,2,TURN_TO_LANE,-0.2894,0.2894,-X
95.2640,8.984178,-9.101683,-0.085803,TURN_TO_LANE,2,TURN_TO_LANE,-0.2832,0.2832,-X
95.2800,8.984144,-9.102087,-0.083955,TURN_TO_LANE,2,TURN_TO_LANE,-0.2771,0.2771,-X
95.2960,8.984111,-9.102483,-0.082147,TURN_TO_LANE,2,TURN_TO_LANE,-0.2711,0.2711,-X
95.3120,8.984079,-9.102870,-0.080377,TURN_TO_LANE,2,TURN_TO_LANE,-0.2652,0.2652,-X
95.3280,8.984049,-9.103249,-0.078646,TURN_TO_LANE,2,TURN_TO_LANE,-0.2595,0.2595,-X
95.3440,8.984021,-9.103619,-0.076952,TURN_TO_LANE,2,TURN_TO_LANE,-0.2539,0.2539,-X
95.3600,8.983993,-9.103982,-0.075294,TURN_TO_LANE,2,TURN_TO_LANE,-0.2485,0.2485,-X
95.3760,8.983967,-9.104337,-0.073673,TURN_TO_LANE,2,TURN_TO_LANE,-0.2431,0.2431,-X
95.3920,8.983941,-9.104684,-0.072086,TURN_TO_LANE,2,TURN_TO_LANE,-0.2379,0.2379,-X
95.4080,8.983917,-9.105024,-0.070533,TURN_TO_LANE,2,TURN_TO_LANE,-0.2328,0.2328,-X
95.4240,8.983894,-9.105356,-0.069014,TURN_TO_LANE,2,TURN_TO_LANE,-0.2277,0.2277,-X
95.4400,8.983872,-9.105682,-0.067528,TURN_TO_LANE,2,TURN_TO_LANE,-0.2228,0.2228,-X
95.4560,8.983850,-9.106000,-0.066073,TURN_TO_LANE,2,TURN_TO_LANE,-0.2180,0.2180,-X
95.4720,8.983830,-9.106311,-0.064650,TURN_TO_LANE,2,TURN_TO_LANE,-0.2133,0.2133,-X
95.4880,8.983811,-9.106616,-0.063258,TURN_TO_LANE,2,TURN_TO_LANE,-0.2088,0.2088,-X
95.5040,8.983792,-9.106914,-0.061896,TURN_TO_LANE,2,TURN_TO_LANE,-0.2043,0.2043,-X
95.5200,8.983774,-9.107206,-0.060563,TURN_TO_LANE,2,TURN_TO_LANE,-0.1999,0.1999,-X
95.5360,8.983757,-9.107492,-0.059259,TURN_TO_LANE,2,TURN_TO_LANE,-0.1956,0.1956,-X
95.5520,8.983741,-9.107771,-0.057983,TURN_TO_LANE,2,TURN_TO_LANE,-0.1913,0.1913,-X
95.5680,8.983725,-9.108044,-0.056734,TURN_TO_LANE,2,TURN_TO_LANE,-0.1872,0.1872,-X
95.5840,8.983710,-9.108312,-0.055512,TURN_TO_LANE,2,TURN_TO_LANE,-0.1832,0.1832,-X
95.6000,8.983696,-9.108574,-0.054317,TURN_TO_LANE,2,TURN_TO_LANE,-0.1792,0.1792,-X
95.6160,8.983682,-9.108830,-0.053147,TURN_TO_LANE,2,TURN_TO_LANE,-0.1754,0.1754,-X
95.6320,8.983669,-9.109080,-0.052003,TURN_TO_LANE,2,TURN_TO_LANE,-0.1716,0.1716,-X
95.6480,8.983656,-9.109325,-0.050883,TURN_TO_LANE,2,TURN_TO_LANE,-0.1679,0.1679,-X
95.6640,8.983644,-9.109565,-0.049788,TURN_TO_LANE,2,TURN_TO_LANE,-0.1643,0.1643,-X
95.6800,8.983633,-9.109800,-0.048716,TURN_TO_LANE,2,TURN_TO_LANE,-0.1608,0.1608,-X
95.6960,8.983622,-9.110030,-0.047667,TURN_TO_LANE,2,TURN_TO_LANE,-0.1573,0.1573,-X
95.7120,8.983611,-9.110254,-0.046641,TURN_TO_LANE,2,TURN_TO_LANE,-0.1539,0.1539,-X
95.7280,8.983601,-9.110474,-0.045637,TURN_TO_LANE,2,TURN_TO_LANE,-0.1506,0.1506,-X
95.7440,8.983591,-9.110689,-0.044654,TURN_TO_LANE,2,TURN_TO_LANE,-0.1474,0.1474,-X
95.7600,8.983582,-9.110900,-0.043693,TURN_TO_LANE,2,TURN_TO_LANE,-0.1442,0.1442,-X
95.7760,8.983573,-9.111106,-0.042752,TURN_TO_LANE,2,TURN_TO_LANE,-0.1411,0.1411,-X
95.7920,8.983565,-9.111307,-0.041832,TURN_TO_LANE,2,TURN_TO_LANE,-0.1380,0.1380,-X
95.8080,8.983556,-9.111504,-0.040932,TURN_TO_LANE,2,TURN_TO_LANE,-0.1351,0.1351,-X
95.8240,8.983549,-9.111697,-0.040051,TURN_TO_LANE,2,TURN_TO_LANE,-0.1322,0.1322,-X
95.8400,8.983541,-9.111886,-0.039189,TURN_TO_LANE,2,TURN_TO_LANE,-0.1320,0.1320,-X
95.8560,8.983534,-9.112074,-0.038328,TURN_TO_LANE,2,TURN_TO_LANE,-0.1320,0.1320,-X
95.8720,8.983527,-9.112263,-0.037467,TURN_TO_LANE,2,TURN_TO_LANE,-0.1320,0.1320,-X
95.8880,8.983520,-9.112452,-0.036606,TURN_TO_LANE,2,TURN_TO_LANE,-0.1320,0.1320,-X
95.9040,8.983513,-9.112640,-0.035745,TURN_TO_LANE,2,TURN_TO_LANE,-0.1320,0.1320,-X
95.9200,8.983506,-9.112829,-0.034884,TURN_TO_LANE,2,TURN_TO_LANE,-0.1320,0.1320,-X
95.9360,8.983500,-9.113017,-0.034023,TURN_TO_LANE,2,TURN_TO_LANE,-0.1320,0.1320,-X
95.9520,8.983494,-9.113206,-0.033163,TURN_TO_LANE,2,TURN_TO_LANE,-0.1320,0.1320,-X
95.9680,8.983487,-9.113395,-0.032302,TURN_TO_LANE,2,TURN_TO_LANE,-0.1320,0.1320,-X
95.9840,8.983481,-9.113583,-0.031441,TURN_TO_LANE,2,TURN_TO_LANE,-0.1320,0.1320,-X
96.0000,8.983476,-9.113772,-0.030580,TURN_TO_LANE,2,TURN_TO_LANE,-0.1320,0.1320,-X
96.0160,8.983470,-9.113961,-0.029719,TURN_TO_LANE,2,TURN_TO_LANE,-0.1320,0.1320,-X
96.0320,8.983464,-9.114150,-0.028858,TURN_TO_LANE,2,TURN_TO_LANE,-0.1320,0.1320,-X
96.0480,8.983459,-9.114338,-0.027997,TURN_TO_LANE,2,TURN_TO_LANE,-0.1320,0.1320,-X
96.0640,8.983454,-9.114527,-0.027137,TURN_TO_LANE,2,TURN_TO_LANE,-0.1320,0.1320,-X
96.0800,8.983449,-9.114716,-0.026276,TURN_TO_LANE,2,TURN_TO_LANE,-0.1320,0.1320,-X
96.0960,8.983444,-9.114905,-0.025415,TURN_TO_LANE,2,TURN_TO_LANE,-0.1320,0.1320,-X
96.1120,8.983439,-9.115094,-0.024554,TURN_TO_LANE,2,TURN_TO_LANE,-0.1320,0.1320,-X
96.1280,8.983435,-9.115282,-0.023693,TURN_TO_LANE,2,TURN_TO_LANE,-0.1320,0.1320,-X
96.1440,8.983430,-9.115471,-0.022832,TURN_TO_LANE,2,TURN_TO_LANE,-0.1320,0.1320,-X
96.1600,8.983426,-9.115660,-0.021972,TURN_TO_LANE,2,TURN_TO_LANE,-0.1320,0.1320,-X
96.1760,8.983422,-9.115849,-0.021111,TURN_TO_LANE,2,TURN_TO_LANE,-0.1320,0.1320,-X
96.1920,8.983418,-9.116038,-0.020250,TURN_TO_LANE,2,TURN_TO_LANE,-0.1320,0.1320,-X
96.2080,8.983414,-9.116227,-0.019389,TURN_TO_LANE,2,TURN_TO_LANE,-0.1320,0.1320,-X
96.2240,8.983411,-9.116416,-0.018528,TURN_TO_LANE,2,TURN_TO_LANE,-0.1320,0.1320,-X
96.2400,8.983407,-9.116605,-0.017668,TURN_TO_LANE,2,TURN_TO_LANE,-0.1320,0.1320,-X
96.2560,8.983404,-9.116793,-0.016807,TURN_TO_LANE,2,TURN_TO_LANE,-0.1320,0.1320,-X
96.2720,8.983401,-9.116982,-0.015946,TURN_TO_LANE,2,TURN_TO_LANE,-0.1320,0.1320,-X
96.2880,8.983398,-9.117171,-0.015085,TURN_TO_LANE,2,TURN_TO_LANE,-0.1320,0.1320,-X
96.3040,8.983395,-9.117360,-0.014224,TURN_TO_LANE,2,TURN_TO_LANE,-0.1320,0.1320,-X
96.3200,8.983393,-9.117549,-0.013364,TURN_TO_LANE,2,TURN_TO_LANE,-0.1320,0.1320,-X
96.3360,8.983390,-9.117738,-0.012503,TURN_TO_LANE,2,TURN_TO_LANE,-0.1320,0.1320,-X
96.3520,8.983388,-9.117927,-0.011642,TURN_TO_LANE,2,TURN_TO_LANE,-0.1320,0.1320,-X
96.3680,8.983386,-9.118116,-0.010781,TURN_TO_LANE,2,TURN_TO_LANE,-0.1320,0.1320,-X
96.3840,8.983384,-9.118305,-0.009921,TURN_TO_LANE,2,TURN_TO_LANE,-0.1320,0.1320,-X
96.4000,8.983382,-9.118493,-0.009060,TURN_TO_LANE,2,TURN_TO_LANE,-0.1320,0.1320,-X
96.4160,8.983380,-9.118682,-0.008199,TURN_TO_LANE,2,TURN_TO_LANE,-0.1320,0.1320,-X
96.4320,8.983379,-9.118871,-0.007338,DRIVE_LANE,2,NONE,-0.0000,-0.0000,-X
96.4480,8.983379,-9.118874,-0.007338,DRIVE_LANE,2,NONE,-1.5740,-1.9260,-X
96.4640,8.981573,-9.118858,-0.007334,DRIVE_LANE,2,NONE,-1.3980,-2.1020,-X
96.4800,8.978250,-9.118337,-0.009624,DRIVE_LANE,2,NONE,-1.2220,-2.2780,-X
96.4960,8.975539,-9.117664,-0.012586,DRIVE_LANE,2,NONE,-1.0460,-2.4540,-X
96.5120,8.972731,-9.116624,-0.017171,DRIVE_LANE,2,NONE,-0.8700,-2.6300,-X
96.5280,8.969932,-9.115316,-0.022908,DRIVE_LANE,2,NONE,-0.6940,-2.8060,-X
96.5440,8.967151,-9.113737,-0.029796,DRIVE_LANE,2,NONE,-0.5180,-2.9820,-X
96.5600,8.964393,-9.111885,-0.037835,DRIVE_LANE,2,NONE,-0.3936,-3.1064,-X
96.5760,8.961660,-9.109829,-0.046688,DRIVE_LANE,2,NONE,-0.4354,-3.0646,-X
96.5920,8.958946,-9.107804,-0.055272,DRIVE_LANE,2,NONE,-0.4761,-3.0239,-X
96.6080,8.956249,-9.105813,-0.063591,DRIVE_LANE,2,NONE,-0.5158,-2.9842,-X
96.6240,8.953567,-9.103857,-0.071651,DRIVE_LANE,2,NONE,-0.5545,-2.9455,-X
96.6400,8.950899,-9.101934,-0.079458,DRIVE_LANE,2,NONE,-0.5921,-2.9079,-X
96.6560,8.948242,-9.100044,-0.087020,DRIVE_LANE,2,NONE,-0.6288,-2.8712,-X
96.6720,8.945596,-9.098187,-0.094342,DRIVE_LANE,2,NONE,-0.6645,-2.8355,-X
96.6880,8.942960,-9.096362,-0.101430,DRIVE_LANE,2,NONE,-0.7360,-2.8374,-X
96.7040,8.940275,-9.094562,-0.108292,DRIVE_LANE,2,NONE,-0.8673,-2.9009,-X
96.7200,8.937446,-9.092777,-0.114932,DRIVE_LANE,2,NONE,-0.9960,-2.9633,-X
96.7360,8.934471,-9.091002,-0.121356,DRIVE_LANE,2,NONE,-1.1221,-3.0246,-X
96.7520,8.931352,-9.089236,-0.127568,DRIVE_LANE,2,NONE,-1.2457,-3.0849,-X
96.7680,8.928091,-9.087477,-0.133574,DRIVE_LANE,2,NONE,-1.3669,-3.1442,-X
96.7840,8.924692,-9.085723,-0.139377,DRIVE_LANE,2,NONE,-1.4857,-3.2024,-X
96.8000,8.921155,-9.083973,-0.144983,DRIVE_LANE,2,NONE,-1.6024,-3.2598,-X
96.8160,8.917485,-9.082225,-0.150395,DRIVE_LANE,2,NONE,-1.7168,-3.3161,-X
96.8320,8.913682,-9.080478,-0.155617,DRIVE_LANE,2,NONE,-1.8291,-3.3716,-X
96.8480,8.909749,-9.078731,-0.160654,DRIVE_LANE,2,NONE,-1.9394,-3.4262,-X
96.8640,8.905687,-9.076982,-0.165508,DRIVE_LANE,2,NONE,-2.0477,-3.4798,-X
96.8800,8.901500,-9.075231,-0.170185,DRIVE_LANE,2,NONE,-2.1540,-3.5327,-X
96.8960,8.897189,-9.073476,-0.174686,DRIVE_LANE,2,NONE,-2.2584,-3.5846,-X
96.9120,8.892755,-9.071718,-0.179017,DRIVE_LANE,2,NONE,-2.3610,-3.6358,-X
96.9280,8.888202,-9.069954,-0.183179,DRIVE_LANE,2,NONE,-2.4618,-3.6861,-X
96.9440,8.883530,-9.068186,-0.187177,DRIVE_LANE,2,NONE,-2.5608,-3.7356,-X
96.9600,8.878742,-9.066411,-0.191013,DRIVE_LANE,2,NONE,-2.6581,-3.7843,-X
96.9760,8.873839,-9.064631,-0.194690,DRIVE_LANE,2,NONE,-2.7537,-3.8323,-X
96.9920,8.868823,-9.062843,-0.198212,DRIVE_LANE,2,NONE,-2.8477,-3.8795,-X
97.0080,8.863696,-9.061049,-0.201581,DRIVE_LANE,2,NONE,-2.9400,-3.9259,-X
97.0240,8.858459,-9.059248,-0.204800,DRIVE_LANE,2,NONE,-3.0308,-3.9716,-X
97.0400,8.853115,-9.057440,-0.207872,DRIVE_LANE,2,NONE,-3.1200,-4.0165,-X
97.0560,8.847664,-9.055625,-0.210799,DRIVE_LANE,2,NONE,-3.2077,-4.0607,-X
97.0720,8.842109,-9.053802,-0.213584,DRIVE_LANE,2,NONE,-3.2939,-4.1042,-X
97.0880,8.836451,-9.051972,-0.216230,DRIVE_LANE,2,NONE,-3.3787,-4.1470,-X
97.1040,8.830692,-9.050134,-0.218738,DRIVE_LANE,2,NONE,-3.4619,-4.1890,-X
97.1200,8.824833,-9.048290,-0.221112,DRIVE_LANE,2,NONE,-3.5438,-4.2304,-X
97.1360,8.818875,-9.046438,-0.223354,DRIVE_LANE,2,NONE,-3.6242,-4.2710,-X
97.1520,8.812821,-9.044580,-0.225466,DRIVE_LANE,2,NONE,-3.7032,-4.3110,-X
97.1680,8.806671,-9.042716,-0.227450,DRIVE_LANE,2,NONE,-3.7809,-4.3503,-X
97.1840,8.800428,-9.040845,-0.229309,DRIVE_LANE,2,NONE,-3.8572,-4.3889,-X
97.2000,8.794093,-9.038968,-0.231045,DRIVE_LANE,2,NONE,-3.9321,-4.4268,-X
97.2160,8.787666,-9.037086,-0.232660,DRIVE_LANE,2,NONE,-4.0057,-4.4641,-X
97.2320,8.781150,-9.035198,-0.234156,DRIVE_LANE,2,NONE,-4.0780,-4.5006,-X
97.2480,8.774547,-9.033306,-0.235536,DRIVE_LANE,2,NONE,-4.1490,-4.5365,-X
97.2640,8.767856,-9.031410,-0.236801,DRIVE_LANE,2,NONE,-4.2187,-4.5718,-X
97.2800,8.761081,-9.029510,-0.237953,DRIVE_LANE,2,NONE,-4.2871,-4.6064,-X
97.2960,8.754222,-9.027606,-0.238996,DRIVE_LANE,2,NONE,-4.3542,-4.6403,-X
97.3120,8.747280,-9.025700,-0.239929,DRIVE_LANE,2,NONE,-4.4200,-4.6736,-X
97.3280,8.740258,-9.023791,-0.240757,DRIVE_LANE,2,NONE,-4.4846,-4.7062,-X
97.3440,8.733156,-9.021880,-0.241480,DRIVE_LANE,2,NONE,-4.5479,-4.7381,-X
97.3600,8.725976,-9.019969,-0.242101,DRIVE_LANE,2,NONE,-4.6100,-4.7694,-X
97.3760,8.718720,-9.018056,-0.242621,DRIVE_LANE,2,NONE,-4.6708,-4.8001,-X
97.3920,8.711388,-9.016144,-0.243043,DRIVE_LANE,2,NONE,-4.7304,-4.8301,-X
97.4080,8.703981,-9.014232,-0.243368,DRIVE_LANE,2,NONE,-4.7887,-4.8595,-X
97.4240,8.696503,-9.012322,-0.243598,DRIVE_LANE,2,NONE,-4.8459,-4.8883,-X
97.4400,8.688953,-9.010413,-0.243736,DRIVE_LANE,2,NONE,-4.9018,-4.9164,-X
97.4560,8.681333,-9.008506,-0.243782,DRIVE_LANE,2,NONE,-4.9565,-4.9438,-X
97.4720,8.673646,-9.006597,-0.243756,DRIVE_LANE,2,NONE,-5.0104,-4.9709,-X
97.4880,8.665892,-9.004692,-0.243640,DRIVE_LANE,2,NONE,-5.0028,-4.9370,-X
97.5040,8.658161,-9.002814,-0.243435,DRIVE_LANE,2,NONE,-4.9774,-4.8863,-X
97.5200,8.650484,-9.000971,-0.243145,DRIVE_LANE,2,NONE,-4.9530,-4.8376,-X
97.5360,8.642860,-8.999162,-0.242774,DRIVE_LANE,2,NONE,-4.9297,-4.7909,-X
97.5520,8.635286,-8.997387,-0.242326,DRIVE_LANE,2,NONE,-4.9074,-4.7462,-X
97.5680,8.627759,-8.995644,-0.241804,DRIVE_LANE,2,NONE,-4.8860,-4.7033,-X
97.5840,8.620278,-8.993933,-0.241210,DRIVE_LANE,2,NONE,-4.8655,-4.6622,-X
97.6000,8.612841,-8.992254,-0.240549,DRIVE_LANE,2,NONE,-4.8458,-4.6228,-X
97.6160,8.605445,-8.990604,-0.239823,DRIVE_LANE,2,NONE,-4.8271,-4.5851,-X
97.6320,8.598089,-8.988985,-0.239035,DRIVE_LANE,2,NONE,-4.8091,-4.5491,-X
97.6480,8.590771,-8.987394,-0.238187,DRIVE_LANE,2,NONE,-4.7920,-4.5146,-X
97.6640,8.583488,-8.985832,-0.237282,DRIVE_LANE,2,NONE,-4.7756,-4.4816,-X
97.6800,8.576240,-8.984297,-0.236323,DRIVE_LANE,2,NONE,-4.7600,-4.4501,-X
97.6960,8.569024,-8.982790,-0.235312,DRIVE_LANE,2,NONE,-4.7450,-4.4200,-X
97.7120,8.561840,-8.981309,-0.234251,DRIVE_LANE,2,NONE,-4.7308,-4.3913,-X
97.7280,8.554684,-8.979854,-0.233143,DRIVE_LANE,2,NONE,-4.7172,-4.3639,-X
97.7440,8.547557,-8.978425,-0.231990,DRIVE_LANE,2,NONE,-4.7043,-4.3378,-X
97.7600,8.540456,-8.977020,-0.230794,DRIVE_LANE,2,NONE,-4.6920,-4.3130,-X
97.7760,8.533381,-8.975639,-0.229557,DRIVE_LANE,2,NONE,-4.6802,-4.2893,-X
97.7920,8.526329,-8.974282,-0.228281,DRIVE_LANE,2,NONE,-4.6691,-4.2668,-X
97.8080,8.519300,-8.972949,-0.226968,DRIVE_LANE,2,NONE,-4.6585,-4.2454,-X
97.8240,8.512293,-8.971638,-0.225620,DRIVE_LANE,2,NONE,-4.6485,-4.2251,-X
97.8400,8.505305,-8.970349,-0.224238,DRIVE_LANE,2,NONE,-4.6389,-4.2059,-X
97.8560,8.498337,-8.969082,-0.222824,DRIVE_LANE,2,NONE,-4.6299,-4.1876,-X
97.8720,8.491387,-8.967836,-0.221380,DRIVE_LANE,2,NONE,-4.6213,-4.1704,-X
97.8880,8.484454,-8.966610,-0.219908,DRIVE_LANE,2,NONE,-4.6133,-4.1540,-X
97.9040,8.477536,-8.965406,-0.218409,DRIVE_LANE,2,NONE,-4.6056,-4.1386,-X
97.9200,8.470634,-8.964221,-0.216884,DRIVE_LANE,2,NONE,-4.5984,-4.1241,-X
97.9360,8.463746,-8.963055,-0.215336,DRIVE_LANE,2,NONE,-4.5916,-4.1104,-X
97.9520,8.456871,-8.961909,-0.213765,DRIVE_LANE,2,NONE,-4.5853,-4.0975,-X
97.9680,8.450008,-8.960781,-0.212173,DRIVE_LANE,2,NONE,-4.5793,-4.0855,-X
97.9840,8.443156,-8.959672,-0.210561,DRIVE_LANE,2,NONE,-4.5737,-4.0742,-X
98.0000,8.436315,-8.958581,-0.208930,DRIVE_LANE,2,NONE,-4.5684,-4.0636,-X
98.0160,8.429484,-8.957507,-0.207282,DRIVE_LANE,2,NONE,-4.5635,-4.0537,-X
98.0320,8.422662,-8.956450,-0.205618,DRIVE_LANE,2,NONE,-4.5589,-4.0446,-X
98.0480,8.415848,-8.955411,-0.203939,DRIVE_LANE,2,NONE,-4.5547,-4.0361,-X
98.0640,8.409042,-8.954388,-0.202246,DRIVE_LANE,2,NONE,-4.5508,-4.0282,-X
98.0800,8.402243,-8.953381,-0.200540,DRIVE_LANE,2,NONE,-4.5472,-4.0210,-X
98.0960,8.395450,-8.952390,-0.198822,DRIVE_LANE,2,NONE,-4.5438,-4.0143,-X
98.1120,8.388663,-8.951414,-0.197094,DRIVE_LANE,2,NONE,-4.5408,-4.0082,-X
98.1280,8.381881,-8.950454,-0.195355,DRIVE_LANE,2,NONE,-4.5380,-4.0027,-X
98.1440,8.375103,-8.949509,-0.193608,DRIVE_LANE,2,NONE,-4.5355,-3.9977,-X
98.1600,8.368330,-8.948579,-0.191853,DRIVE_LANE,2,NONE,-4.5332,-3.9933,-X
98.1760,8.361559,-8.947664,-0.190090,DRIVE_LANE,2,NONE,-4.5312,-3.9893,-X
98.1920,8.354792,-8.946762,-0.188322,DRIVE_LANE,2,NONE,-4.5294,-3.9858,-X
98.2080,8.348026,-8.945875,-0.186547,DRIVE_LANE,2,NONE,-4.5278,-3.9828,-X
98.2240,8.341263,-8.945001,-0.184768,DRIVE_LANE,2,NONE,-4.5264,-3.9802,-X
98.2400,8.334501,-8.944141,-0.182985,DRIVE_LANE,2,NONE,-4.5253,-3.9780,-X
98.2560,8.327740,-8.943294,-0.181199,DRIVE_LANE,2,NONE,-4.5243,-3.9763,-X
98.2720,8.320980,-8.942460,-0.179410,DRIVE_LANE,2,NONE,-4.5236,-3.9749,-X
98.2880,8.314219,-8.941638,-0.177619,DRIVE_LANE,2,NONE,-4.5230,-3.9740,-X
98.3040,8.307458,-8.940830,-0.175827,DRIVE_LANE,2,NONE,-4.5226,-3.9734,-X
98.3200,8.300697,-8.940034,-0.174034,DRIVE_LANE,2,NONE,-4.5224,-3.9732,-X
98.3360,8.293934,-8.939250,-0.172241,DRIVE_LANE,2,NONE,-4.5224,-3.9733,-X
98.3520,8.287170,-8.938478,-0.170449,DRIVE_LANE,2,NONE,-4.5225,-3.9738,-X
98.3680,8.280405,-8.937718,-0.168658,DRIVE_LANE,2,NONE,-4.5227,-3.9745,-X
98.3840,8.273637,-8.936969,-0.166869,DRIVE_LANE,2,NONE,-4.5231,-3.9756,-X
98.4000,8.266867,-8.936232,-0.165081,DRIVE_LANE,2,NONE,-4.5237,-3.9770,-X
98.4160,8.260094,-8.935506,-0.163297,DRIVE_LANE,2,NONE,-4.5244,-3.9786,-X
98.4320,8.253318,-8.934792,-0.161516,DRIVE_LANE,2,NONE,-4.5252,-3.9805,-X
98.4480,8.246538,-8.934088,-0.159738,DRIVE_LANE,2,NONE,-4.5262,-3.9827,-X
98.4640,8.239755,-8.933395,-0.157964,DRIVE_LANE,2,NONE,-4.5272,-3.9852,-X
98.4800,8.232969,-8.932712,-0.156195,DRIVE_LANE,2,NONE,-4.5284,-3.9879,-X
98.4960,8.226178,-8.932041,-0.154430,DRIVE_LANE,2,NONE,-4.5297,-3.9908,-X
98.5120,8.219383,-8.931379,-0.152671,DRIVE_LANE,2,NONE,-4.5311,-3.9939,-X
98.5280,8.212583,-8.930727,-0.150918,DRIVE_LANE,2,NONE,-4.5326,-3.9973,-X
98.5440,8.205778,-8.930086,-0.149171,DRIVE_LANE,2,NONE,-4.5343,-4.0009,-X
98.5600,8.198969,-8.929454,-0.147430,DRIVE_LANE,2,NONE,-4.5360,-4.0046,-X
98.5760,8.192154,-8.928832,-0.145696,DRIVE_LANE,2,NONE,-4.5378,-4.0086,-X
98.5920,8.185334,-8.928220,-0.143968,DRIVE_LANE,2,NONE,-4.5397,-4.0127,-X
98.6080,8.178508,-8.927617,-0.142249,DRIVE_LANE,2,NONE,-4.5416,-4.0171,-X
98.6240,8.171677,-8.927024,-0.140537,DRIVE_LANE,2,NONE,-4.5437,-4.0215,-X
98.6400,8.164839,-8.926440,-0.138832,DRIVE_LANE,2,NONE,-4.5458,-4.0262,-X
98.6560,8.157996,-8.925865,-0.137136,DRIVE_LANE,2,NONE,-4.5480,-4.0310,-X
98.6720,8.151146,-8.925298,-0.135449,DRIVE_LANE,2,NONE,-4.5503,-4.0359,-X
98.6880,8.144290,-8.924741,-0.133770,DRIVE_LANE,2,NONE,-4.5526,-4.0410,-X
98.7040,8.137427,-8.924193,-0.132101,DRIVE_LANE,2,NONE,-4.5550,-4.0463,-X
98.7200,8.130558,-8.923653,-0.130440,DRIVE_LANE,2,NONE,-4.5575,-4.0516,-X
98.7360,8.123681,-8.923121,-0.128789,DRIVE_LANE,2,NONE,-4.5600,-4.0571,-X
98.7520,8.116798,-8.922598,-0.127147,DRIVE_LANE,2,NONE,-4.5626,-4.0627,-X
98.7680,8.109908,-8.922083,-0.125516,DRIVE_LANE,2,NONE,-4.5653,-4.0684,-X
98.7840,8.103010,-8.921577,-0.123894,DRIVE_LANE,2,NONE,-4.5679,-4.0742,-X
98.8000,8.096106,-8.921079,-0.122283,DRIVE_LANE,2,NONE,-4.5707,-4.0801,-X
98.8160,8.089194,-8.920588,-0.120682,DRIVE_LANE,2,NONE,-4.5735,-4.0861,-X
98.8320,8.082274,-8.920106,-0.119091,DRIVE_LANE,2,NONE,-4.5763,-4.0922,-X
98.8480,8.075347,-8.919631,-0.117511,DRIVE_LANE,2,NONE,-4.5792,-4.0984,-X
98.8640,8.068412,-8.919164,-0.115942,DRIVE_LANE,2,NONE,-4.5821,-4.1047,-X
98.8800,8.061469,-8.918704,-0.114385,DRIVE_LANE,2,NONE,-4.5850,-4.1110,-X
98.8960,8.054519,-8.918252,-0.112838,DRIVE_LANE,2,NONE,-4.5880,-4.1175,-X
98.9120,8.047560,-8.917808,-0.111302,DRIVE_LANE,2,NONE,-4.5910,-4.1240,-X
98.9280,8.040594,-8.917371,-0.109778,DRIVE_LANE,2,NONE,-4.5941,-4.1305,-X
98.9440,8.033620,-8.916941,-0.108265,DRIVE_LANE,2,NONE,-4.5972,-4.1372,-X
98.9600,8.026637,-8.916518,-0.106764,DRIVE_LANE,2,NONE,-4.6003,-4.1438,-X
98.9760,8.019647,-8.916102,-0.105274,DRIVE_LANE,2,NONE,-4.6034,-4.1506,-X
98.9920,8.012648,-8.915693,-0.103797,DRIVE_LANE,2,NONE,-4.6066,-4.1574,-X
99.0080,8.005641,-8.915292,-0.102331,DRIVE_LANE,2,NONE,-4.6097,-4.1642,-X
99.0240,7.998626,-8.914897,-0.100877,DRIVE_LANE,2,NONE,-4.6129,-4.1711,-X
99.0400,7.991602,-8.914508,-0.099435,DRIVE_LANE,2,NONE,-4.6162,-4.1780,-X
99.0560,7.984570,-8.914127,-0.098005,DRIVE_LANE,2,NONE,-4.6194,-4.1849,-X
99.0720,7.977530,-8.913751,-0.096587,DRIVE_LANE,2,NONE,-4.6226,-4.1919,-X
99.0880,7.970481,-8.913383,-0.095182,DRIVE_LANE,2,NONE,-4.6259,-4.1990,-X
99.1040,7.963424,-8.913021,-0.093789,DRIVE_LANE,2,NONE,-4.6292,-4.2060,-X
99.1200,7.956358,-8.912665,-0.092408,DRIVE_LANE,2,NONE,-4.6325,-4.2131,-X
99.1360,7.949284,-8.912315,-0.091039,DRIVE_LANE,2,NONE,-4.6358,-4.2202,-X
99.1520,7.942202,-8.911972,-0.089683,DRIVE_LANE,2,NONE,-4.6391,-4.2273,-X
99.1680,7.935110,-8.911634,-0.088339,DRIVE_LANE,2,NONE,-4.6425,-4.2344,-X
99.1840,7.928011,-8.911303,-0.087008,DRIVE_LANE,2,NONE,-4.6458,-4.2416,-X
99.2000,7.920902,-8.910978,-0.085689,DRIVE_LANE,2,NONE,-4.6491,-4.2488,-X
99.2160,7.913785,-8.910658,-0.084383,DRIVE_LANE,2,NONE,-4.6525,-4.2560,-X
99.2320,7.906660,-8.910345,-0.083089,DRIVE_LANE,2,NONE,-4.6558,-4.2631,-X
99.2480,7.899526,-8.910037,-0.081807,DRIVE_LANE,2,NONE,-4.6592,-4.2703,-X
99.2640,7.892383,-8.909734,-0.080539,DRIVE_LANE,2,NONE,-4.6625,-4.2775,-X
99.2800,7.885232,-8.909438,-0.079282,DRIVE_LANE,2,NONE,-4.6659,-4.2847,-X
99.2960,7.878072,-8.909147,-0.078039,DRIVE_LANE,2,NONE,-4.6693,-4.2919,-X
99.3120,7.870904,-8.908861,-0.076808,DRIVE_LANE,2,NONE,-4.6726,-4.2991,-X
99.3280,7.863727,-8.908581,-0.075589,DRIVE_LANE,2,NONE,-4.6760,-4.3063,-X
99.3440,7.856542,-8.908306,-0.074383,DRIVE_LANE,2,NONE,-4.6793,-4.3135,-X
99.3600,7.849348,-8.908036,-0.073190,DRIVE_LANE,2,NONE,-4.6827,-4.3207,-X
99.3760,7.842145,-8.907771,-0.072009,DRIVE_LANE,2,NONE,-4.6860,-4.3279,-X
99.3920,7.834934,-8.907512,-0.070840,DRIVE_LANE,2,NONE,-4.6894,-4.3351,-X
99.4080,7.827715,-8.907258,-0.069684,DRIVE_LANE,2,NONE,-4.6927,-4.3422,-X
99.4240,7.820487,-8.907008,-0.068541,DRIVE_LANE,2,NONE,-4.6960,-4.3493,-X
99.4400,7.813250,-8.906764,-0.067410,DRIVE_LANE,2,NONE,-4.6994,-4.3565,-X
99.4560,7.806005,-8.906524,-0.066291,DRIVE_LANE,2,NONE,-4.7027,-4.3636,-X
99.4720,7.798752,-8.906289,-0.065185,DRIVE_LANE,2,NONE,-4.7060,-4.3707,-X
99.4880,7.791490,-8.906059,-0.064091,DRIVE_LANE,2,NONE,-4.7093,-4.3777,-X
99.5040,7.784220,-8.905834,-0.063009,DRIVE_LANE,2,NONE,-4.7126,-4.3848,-X
99.5200,7.776942,-8.905613,-0.061940,DRIVE_LANE,2,NONE,-4.7159,-4.3918,-X
99.5360,7.769656,-8.905397,-0.060883,DRIVE_LANE,2,NONE,-4.7191,-4.3988,-X
99.5520,7.762361,-8.905185,-0.059838,DRIVE_LANE,2,NONE,-4.7224,-4.4058,-X
99.5680,7.755058,-8.904978,-0.058805,DRIVE_LANE,2,NONE,-4.7256,-4.4127,-X
99.5840,7.747746,-8.904775,-0.057785,DRIVE_LANE,2,NONE,-4.7289,-4.4197,-X
99.6000,7.740427,-8.904577,-0.056776,DRIVE_LANE,2,NONE,-4.7321,-4.4266,-X
99.6160,7.733099,-8.904382,-0.055780,DRIVE_LANE,2,NONE,-4.7353,-4.4334,-X
99.6320,7.725763,-8.904192,-0.054795,DRIVE_LANE,2,NONE,-4.7385,-4.4403,-X
99.6480,7.718420,-8.904006,-0.053822,DRIVE_LANE,2,NONE,-4.7417,-4.4471,-X
99.6640,7.711068,-8.903824,-0.052862,DRIVE_LANE,2,NONE,-4.7448,-4.4539,-X
99.6800,7.703708,-8.903646,-0.051913,DRIVE_LANE,2,NONE,-4.7480,-4.4606,-X
99.6960,7.696341,-8.903472,-0.050975,DRIVE_LANE,2,NONE,-4.7511,-4.4673,-X
99.7120,7.688965,-8.903302,-0.050050,DRIVE_LANE,2,NONE,-4.7542,-4.4740,-X
99.7280,7.681582,-8.903136,-0.049136,DRIVE_LANE,2,NONE,-4.7573,-4.4806,-X
99.7440,7.674190,-8.902973,-0.048233,DRIVE_LANE,2,NONE,-4.7604,-4.4872,-X
99.7600,7.666791,-8.902815,-0.047342,DRIVE_LANE,2,NONE,-4.7635,-4.4938,-X
99.7760,7.659385,-8.902660,-0.046463,DRIVE_LANE,2,NONE,-4.7665,-4.5003,-X
99.7920,7.651970,-8.902508,-0.045595,DRIVE_LANE,2,NONE,-4.7696,-4.5068,-X
99.8080,7.644548,-8.902361,-0.044738,DRIVE_LANE,2,NONE,-4.7726,-4.5133,-X
99.8240,7.637119,-8.902216,-0.043893,DRIVE_LANE,2,NONE,-4.7756,-4.5197,-X
99.8400,7.629682,-8.902075,-0.043058,DRIVE_LANE,2,NONE,-4.7785,-4.5261,-X
99.8560,7.622237,-8.901938,-0.042235,DRIVE_LANE,2,NONE,-4.7815,-4.5324,-X
99.8720,7.614785,-8.901804,-0.041423,DRIVE_LANE,2,NONE,-4.7844,-4.5387,-X
99.8880,7.607326,-8.901674,-0.040621,DRIVE_LANE,2,NONE,-4.7874,-4.5449,-X
99.9040,7.599859,-8.901546,-0.039831,DRIVE_LANE,2,NONE,-4.7903,-4.5511,-X
99.9200,7.592385,-8.901422,-0.039051,DRIVE_LANE,2,NONE,-4.7931,-4.5573,-X
99.9360,7.584904,-8.901301,-0.038282,DRIVE_LANE,2,NONE,-4.7960,-4.5634,-X
99.9520,7.577415,-8.901183,-0.037524,DRIVE_LANE,2,NONE,-4.7988,-4.5695,-X
99.9680,7.569920,-8.901068,-0.036776,DRIVE_LANE,2,NONE,-4.8016,-4.5755,-X
99.9840,7.562417,-8.900957,-0.036039,DRIVE_LANE,2,NONE,-4.8044,-4.5815,-X
100.0000,7.554907,-8.900848,-0.035312,DRIVE_LANE,2,NONE,-4.8072,-4.5874,-X
100.0160,7.547391,-8.900742,-0.034596,DRIVE_LANE,2,NONE,-4.8100,-4.5933,-X
100.0320,7.539867,-8.900639,-0.033890,DRIVE_LANE,2,NONE,-4.8127,-4.5992,-X
100.0480,7.532337,-8.900539,-0.033194,DRIVE_LANE,2,NONE,-4.8154,-4.6050,-X
100.0640,7.524800,-8.900442,-0.032508,DRIVE_LANE,2,NONE,-4.8181,-4.6107,-X
100.0800,7.517256,-8.900347,-0.031832,DRIVE_LANE,2,NONE,-4.8208,-4.6164,-X
100.0960,7.509705,-8.900255,-0.031166,DRIVE_LANE,2,NONE,-4.8234,-4.6221,-X
100.1120,7.502148,-8.900166,-0.030510,DRIVE_LANE,2,NONE,-4.8260,-4.6277,-X
100.1280,7.494584,-8.900079,-0.029864,DRIVE_LANE,2,NONE,-4.8286,-4.6333,-X
100.1440,7.487014,-8.899995,-0.029227,DRIVE_LANE,2,NONE,-4.8312,-4.6388,-X
100.1600,7.479437,-8.899913,-0.028600,DRIVE_LANE,2,NONE,-4.8338,-4.6443,-X
100.1760,7.471854,-8.899834,-0.027982,DRIVE_LANE,2,NONE,-4.8363,-4.6497,-X
100.1920,7.464264,-8.899757,-0.027374,DRIVE_LANE,2,NONE,-4.8388,-4.6550,-X
100.2080,7.456668,-8.899682,-0.026775,DRIVE_LANE,2,NONE,-4.8413,-4.6604,-X
100.2240,7.449066,-8.899610,-0.026186,DRIVE_LANE,2,NONE,-4.8437,-4.6656,-X
100.2400,7.441458,-8.899540,-0.025606,DRIVE_LANE,2,NONE,-4.8462,-4.6708,-X
100.2560,7.433844,-8.899472,-0.025034,DRIVE_LANE,2,NONE,-4.8486,-4.6760,-X
100.2720,7.426223,-8.899407,-0.024472,DRIVE_LANE,2,NONE,-4.8510,-4.6811,-X
100.2880,7.418597,-8.899344,-0.023919,DRIVE_LANE,2,NONE,-4.8534,-4.6862,-X
100.3040,7.410965,-8.899282,-0.023374,DRIVE_LANE,2,NONE,-4.8557,-4.6912,-X
100.3200,7.403326,-8.899223,-0.022838,DRIVE_LANE,2,NONE,-4.8580,-4.6962,-X
100.3360,7.395682,-8.899166,-0.022311,DRIVE_LANE,2,NONE,-4.8603,-4.7011,-X
100.3520,7.388033,-8.899111,-0.021793,DRIVE_LANE,2,NONE,-4.8626,-4.7060,-X
100.3680,7.380377,-8.899058,-0.021283,DRIVE_LANE,2,NONE,-4.8649,-4.7108,-X
100.3840,7.372716,-8.899006,-0.020781,DRIVE_LANE,2,NONE,-4.8671,-4.7156,-X
100.4000,7.365049,-8.898957,-0.020287,DRIVE_LANE,2,NONE,-4.8693,-4.7203,-X
100.4160,7.357377,-8.898909,-0.019802,DRIVE_LANE,2,NONE,-4.8715,-4.7250,-X
100.4320,7.349699,-8.898864,-0.019325,DRIVE_LANE,2,NONE,-4.8736,-4.7296,-X
100.4480,7.342016,-8.898819,-0.018856,DRIVE_LANE,2,NONE,-4.8758,-4.7342,-X
100.4640,7.334328,-8.898777,-0.018395,DRIVE_LANE,2,NONE,-4.8779,-4.7387,-X
100.4800,7.326634,-8.898737,-0.017942,DRIVE_LANE,2,NONE,-4.8800,-4.7432,-X
100.4960,7.318935,-8.898698,-0.017496,DRIVE_LANE,2,NONE,-4.8820,-4.7476,-X
100.5120,7.311231,-8.898660,-0.017059,DRIVE_LANE,2,NONE,-4.8841,-4.7520,-X
100.5280,7.303521,-8.898625,-0.016628,DRIVE_LANE,2,NONE,-4.8861,-4.7563,-X
100.5440,7.295807,-8.898590,-0.016206,DRIVE_LANE,2,NONE,-4.8881,-4.7606,-X
100.5600,7.288087,-8.898558,-0.015791,DRIVE_LANE,2,NONE,-4.8901,-4.7648,-X
100.5760,7.280363,-8.898527,-0.015383,DRIVE_LANE,2,NONE,-4.8920,-4.7690,-X
100.5920,7.272634,-8.898497,-0.014982,DRIVE_LANE,2,NONE,-4.8940,-4.7731,-X
100.6080,7.264900,-8.898469,-0.014589,DRIVE_LANE,2,NONE,-4.8959,-4.7772,-X
100.6240,7.257161,-8.898442,-0.014202,DRIVE_LANE,2,NONE,-4.8977,-4.7812,-X
100.6400,7.249417,-8.898416,-0.013823,DRIVE_LANE,2,NONE,-4.8996,-4.7852,-X
100.6560,7.241669,-8.898392,-0.013451,DRIVE_LANE,2,NONE,-4.9014,-4.7891,-X
100.6720,7.233916,-8.898369,-0.013085,DRIVE_LANE,2,NONE,-4.9033,-4.7930,-X
100.6880,7.226159,-8.898347,-0.012726,DRIVE_LANE,2,NONE,-4.9050,-4.7968,-X
100.7040,7.218397,-8.898327,-0.012374,DRIVE_LANE,2,NONE,-4.9068,-4.8006,-X
100.7200,7.210631,-8.898308,-0.012029,DRIVE_LANE,2,NONE,-4.9086,-4.8043,-X
100.7360,7.202860,-8.898290,-0.011690,DRIVE_LANE,2,NONE,-4.9103,-4.8080,-X
100.7520,7.195085,-8.898273,-0.011357,DRIVE_LANE,2,NONE,-4.9120,-4.8117,-X
100.7680,7.187306,-8.898257,-0.011031,DRIVE_LANE,2,NONE,-4.9137,-4.8153,-X
100.7840,7.179523,-8.898242,-0.010711,DRIVE_LANE,2,NONE,-4.9153,-4.8188,-X
100.8000,7.171735,-8.898229,-0.010397,DRIVE_LANE,2,NONE,-4.9170,-4.8223,-X
100.8160,7.163943,-8.898216,-0.010089,DRIVE_LANE,2,NONE,-4.9186,-4.8258,-X
100.8320,7.156147,-8.898204,-0.009788,DRIVE_LANE,2,NONE,-4.9202,-4.8292,-X
100.8480,7.148348,-8.898194,-0.009492,DRIVE_LANE,2,NONE,-4.9218,-4.8326,-X
100.8640,7.140544,-8.898184,-0.009202,DRIVE_LANE,2,NONE,-4.9233,-4.8359,-X
100.8800,7.132736,-8.898176,-0.008918,DRIVE_LANE,2,NONE,-4.9248,-4.8392,-X
100.8960,7.124925,-8.898168,-0.008639,DRIVE_LANE,2,NONE,-4.9263,-4.8424,-X
100.9120,7.117110,-8.898161,-0.008366,DRIVE_LANE,2,NONE,-4.9278,-4.8456,-X
100.9280,7.109291,-8.898155,-0.008099,DRIVE_LANE,2,NONE,-4.9293,-4.8487,-X
100.9440,7.101468,-8.898150,-0.007837,DRIVE_LANE,2,NONE,-4.9308,-4.8518,-X
100.9600,7.093642,-8.898145,-0.007581,DRIVE_LANE,2,NONE,-4.9322,-4.8549,-X
100.9760,7.085812,-8.898142,-0.007330,DRIVE_LANE,2,NONE,-4.9336,-4.8579,-X
100.9920,7.077979,-8.898139,-0.007084,DRIVE_LANE,2,NONE,-4.9350,-4.8609,-X
101.0080,7.070142,-8.898137,-0.006843,DRIVE_LANE,2,NONE,-4.9363,-4.8638,-X
101.0240,7.062301,-8.898136,-0.006608,DRIVE_LANE,2,NONE,-4.9377,-4.8667,-X
101.0400,7.054458,-8.898135,-0.006377,DRIVE_LANE,2,NONE,-4.9390,-4.8695,-X
101.0560,7.046611,-8.898135,-0.006151,DRIVE_LANE,2,NONE,-4.9403,-4.8723,-X
101.0720,7.038761,-8.898136,-0.005931,DRIVE_LANE,2,NONE,-4.9416,-4.8751,-X
101.0880,7.030907,-8.898137,-0.005715,DRIVE_LANE,2,NONE,-4.9429,-4.8778,-X
101.1040,7.023050,-8.898139,-0.005503,DRIVE_LANE,2,NONE,-4.9441,-4.8804,-X
101.1200,7.015191,-8.898142,-0.005297,DRIVE_LANE,2,NONE,-4.9454,-4.8831,-X
101.1360,7.007328,-8.898145,-0.005095,DRIVE_LANE,2,NONE,-4.9466,-4.8857,-X
101.1520,6.999462,-8.898149,-0.004897,DRIVE_LANE,2,NONE,-4.9478,-4.8882,-X
101.1680,6.991593,-8.898153,-0.004704,DRIVE_LANE,2,NONE,-4.9489,-4.8907,-X
101.1840,6.983721,-8.898158,-0.004515,DRIVE_LANE,2,NONE,-4.9501,-4.8932,-X
101.2000,6.975846,-8.898163,-0.004331,DRIVE_LANE,2,NONE,-4.9512,-4.8956,-X
101.2160,6.967969,-8.898169,-0.004151,DRIVE_LANE,2,NONE,-4.9524,-4.8980,-X
101.2320,6.960088,-8.898175,-0.003975,DRIVE_LANE,2,NONE,-4.9535,-4.9004,-X
101.2480,6.952205,-8.898182,-0.003803,DRIVE_LANE,2,NONE,-4.9545,-4.9027,-X
101.2640,6.944319,-8.898189,-0.003635,DRIVE_LANE,2,NONE,-4.9556,-4.9050,-X
101.2800,6.936431,-8.898197,-0.003471,DRIVE_LANE,2,NONE,-4.9567,-4.9072,-X
101.2960,6.928539,-8.898205,-0.003311,DRIVE_LANE,2,NONE,-4.9577,-4.9095,-X
101.3120,6.920646,-8.898213,-0.003155,DRIVE_LANE,2,NONE,-4.9587,-4.9116,-X
101.3280,6.912749,-8.898222,-0.003003,DRIVE_LANE,2,NONE,-4.9597,-4.9138,-X
101.3440,6.904851,-8.898231,-0.002854,DRIVE_LANE,2,NONE,-4.9607,-4.9159,-X
101.3600,6.896949,-8.898241,-0.002709,DRIVE_LANE,2,NONE,-4.9616,-4.9179,-X
101.3760,6.889046,-8.898250,-0.002568,DRIVE_LANE,2,NONE,-4.9626,-4.9200,-X
101.3920,6.881139,-8.898261,-0.002430,DRIVE_LANE,2,NONE,-4.9635,-4.9220,-X
101.4080,6.873231,-8.898271,-0.002295,DRIVE_LANE,2,NONE,-4.9644,-4.9239,-X
101.4240,6.865320,-8.898282,-0.002164,DRIVE_LANE,2,NONE,-4.9653,-4.9258,-X
101.4400,6.857407,-8.898293,-0.002037,DRIVE_LANE,2,NONE,-4.9662,-4.9277,-X
101.4560,6.849492,-8.898304,-0.001912,DRIVE_LANE,2,NONE,-4.9671,-4.9296,-X
101.4720,6.841575,-8.898316,-0.001791,DRIVE_LANE,2,NONE,-4.9680,-4.9314,-X
101.4880,6.833655,-8.898328,-0.001673,DRIVE_LANE,2,NONE,-4.9688,-4.9332,-X
101.5040,6.825733,-8.898340,-0.001558,DRIVE_LANE,2,NONE,-4.9696,-4.9350,-X
101.5200,6.817810,-8.898352,-0.001447,DRIVE_LANE,2,NONE,-4.9704,-4.9367,-X
101.5360,6.809884,-8.898365,-0.001338,DRIVE_LANE,2,NONE,-4.9712,-4.9384,-X
101.5520,6.801956,-8.898377,-0.001232,DRIVE_LANE,2,NONE,-4.9720,-4.9401,-X
101.5680,6.794027,-8.898390,-0.001129,DRIVE_LANE,2,NONE,-4.9728,-4.9417,-X
101.5840,6.786095,-8.898403,-0.001029,DRIVE_LANE,2,NONE,-4.9735,-4.9433,-X
101.6000,6.778162,-8.898416,-0.000932,DRIVE_LANE,2,NONE,-4.9743,-4.9449,-X
101.6160,6.770226,-8.898430,-0.000837,DRIVE_LANE,2,NONE,-4.9750,-4.9465,-X
101.6320,6.762289,-8.898443,-0.000746,DRIVE_LANE,2,NONE,-4.9757,-4.9480,-X
101.6480,6.754350,-8.898457,-0.000656,DRIVE_LANE,2,NONE,-4.9764,-4.9495,-X
101.6640,6.746409,-8.898471,-0.000570,DRIVE_LANE,2,NONE,-4.9771,-4.9509,-X
101.6800,6.738467,-8.898485,-0.000486,DRIVE_LANE,2,NONE,-4.9777,-4.9524,-X
101.6960,6.730523,-8.898499,-0.000404,DRIVE_LANE,2,NONE,-4.9784,-4.9538,-X
101.7120,6.722577,-8.898513,-0.000325,DRIVE_LANE,2,NONE,-4.9790,-4.9551,-X
101.7280,6.714630,-8.898527,-0.000248,DRIVE_LANE,2,NONE,-4.9797,-4.9565,-X
101.7440,6.706681,-8.898541,-0.000174,DRIVE_LANE,2,NONE,-4.9803,-4.9578,-X
101.7600,6.698730,-8.898556,-0.000102,DRIVE_LANE,2,NONE,-4.9809,-4.9591,-X
101.7760,6.690778,-8.898570,-0.000032,DRIVE_LANE,2,NONE,-4.9815,-4.9604,-X
101.7920,6.682825,-8.898585,0.000036,DRIVE_LANE,2,NONE,-4.9821,-4.9616,-X
101.8080,6.674870,-8.898599,0.000101,DRIVE_LANE,2,NONE,-4.9826,-4.9629,-X
101.8240,6.666914,-8.898614,0.000164,DRIVE_LANE,2,NONE,-4.9832,-4.9641,-X
101.8400,6.658956,-8.898629,0.000226,DRIVE_LANE,2,NONE,-4.9837,-4.9652,-X
101.8560,6.650997,-8.898643,0.000285,DRIVE_LANE,2,NONE,-4.9843,-4.9664,-X
101.8720,6.643036,-8.898658,0.000342,DRIVE_LANE,2,NONE,-4.9848,-4.9675,-X
101.8880,6.635074,-8.898673,0.000397,DRIVE_LANE,2,NONE,-4.9853,-4.9686,-X
101.9040,6.627111,-8.898688,0.000451,DRIVE_LANE,2,NONE,-4.9858,-4.9697,-X
101.9200,6.619147,-8.898702,0.000502,DRIVE_LANE,2,NONE,-4.9863,-4.9707,-X
101.9360,6.611181,-8.898717,0.000552,DRIVE_LANE,2,NONE,-4.9868,-4.9718,-X
101.9520,6.603214,-8.898732,0.000600,DRIVE_LANE,2,NONE,-4.9873,-4.9728,-X
101.9680,6.595246,-8.898747,0.000646,DRIVE_LANE,2,NONE,-4.9877,-4.9737,-X
101.9840,6.587277,-8.898761,0.000690,DRIVE_LANE,2,NONE,-4.9882,-4.9747,-X
102.0000,6.579307,-8.898776,0.000733,DRIVE_LANE,2,NONE,-4.9886,-4.9757,-X
102.0160,6.571335,-8.898791,0.000774,DRIVE_LANE,2,NONE,-4.9891,-4.9766,-X
102.0320,6.563363,-8.898805,0.000813,DRIVE_LANE,2,NONE,-4.9895,-4.9775,-X
102.0480,6.555389,-8.898820,0.000851,DRIVE_LANE,2,NONE,-4.9899,-4.9784,-X
102.0640,6.547415,-8.898834,0.000888,DRIVE_LANE,2,NONE,-4.9903,-4.9792,-X
102.0800,6.539439,-8.898849,0.000923,DRIVE_LANE,2,NONE,-4.9907,-4.9801,-X
102.0960,6.531462,-8.898863,0.000956,DRIVE_LANE,2,NONE,-4.9911,-4.9809,-X
102.1120,6.523485,-8.898878,0.000988,DRIVE_LANE,2,NONE,-4.9914,-4.9817,-X
102.1280,6.515506,-8.898892,0.001019,DRIVE_LANE,2,NONE,-4.9918,-4.9825,-X
102.1440,6.507527,-8.898907,0.001048,DRIVE_LANE,2,NONE,-4.9922,-4.9832,-X
102.1600,6.499547,-8.898921,0.001076,DRIVE_LANE,2,NONE,-4.9925,-4.9840,-X
102.1760,6.491565,-8.898935,0.001103,DRIVE_LANE,2,NONE,-4.9929,-4.9847,-X
102.1920,6.483583,-8.898949,0.001128,DRIVE_LANE,2,NONE,-4.9932,-4.9854,-X
102.2080,6.475600,-8.898963,0.001152,DRIVE_LANE,2,NONE,-4.9935,-4.9861,-X
102.2240,6.467617,-8.898977,0.001175,DRIVE_LANE,2,NONE,-4.9938,-4.9868,-X
102.2400,6.459632,-8.898991,0.001197,DRIVE_LANE,2,NONE,-4.9941,-4.9875,-X
102.2560,6.451647,-8.899005,0.001217,DRIVE_LANE,2,NONE,-4.9944,-4.9881,-X
102.2720,6.443661,-8.899019,0.001236,DRIVE_LANE,2,NONE,-4.9947,-4.9887,-X
102.2880,6.435674,-8.899032,0.001255,DRIVE_LANE,2,NONE,-4.9950,-4.9893,-X
102.3040,6.427687,-8.899046,0.001271,DRIVE_LANE,2,NONE,-4.9953,-4.9899,-X
102.3200,6.419699,-8.899059,0.001287,DRIVE_LANE,2,NONE,-4.9956,-4.9905,-X
102.3360,6.411710,-8.899072,0.001302,DRIVE_LANE,2,NONE,-4.9958,-4.9911,-X
102.3520,6.403720,-8.899085,0.001316,DRIVE_LANE,2,NONE,-4.9961,-4.9916,-X
102.3680,6.395730,-8.899098,0.001328,DRIVE_LANE,2,NONE,-4.9963,-4.9921,-X
102.3840,6.387739,-8.899111,0.001340,DRIVE_LANE,2,NONE,-4.9966,-4.9926,-X
102.4000,6.379748,-8.899124,0.001351,DRIVE_LANE,2,NONE,-4.9968,-4.9931,-X
102.4160,6.371756,-8.899137,0.001360,DRIVE_LANE,2,NONE,-4.9970,-4.9936,-X
102.4320,6.363764,-8.899149,0.001369,DRIVE_LANE,2,NONE,-4.9956,-4.9956,-X
102.4480,6.355771,-8.899160,0.001369,DRIVE_LANE,2,NONE,-4.9959,-4.9959,-X
102.4640,6.347777,-8.899171,0.001370,DRIVE_LANE,2,NONE,-4.9961,-4.9961,-X
102.4800,6.339783,-8.899182,0.001370,DRIVE_LANE,2,NONE,-4.9963,-4.9963,-X
102.4960,6.331789,-8.899193,0.001370,DRIVE_LANE,2,NONE,-4.9965,-4.9965,-X
102.5120,6.323795,-8.899204,0.001370,DRIVE_LANE,2,NONE,-4.9968,-4.9968,-X
102.5280,6.315800,-8.899215,0.001370,DRIVE_LANE,2,NONE,-4.9970,-4.9970,-X
102.5440,6.307805,-8.899226,0.001370,DRIVE_LANE,2,NONE,-4.9972,-4.9972,-X
102.5600,6.299809,-8.899237,0.001370,DRIVE_LANE,2,NONE,-4.9975,-4.9975,-X
102.5760,6.291813,-8.899248,0.001370,DRIVE_LANE,2,NONE,-4.9977,-4.9977,-X
102.5920,6.283817,-8.899259,0.001370,DRIVE_LANE,2,NONE,-4.9979,-4.9979,-X
102.6080,6.275820,-8.899270,0.001370,DRIVE_LANE,2,NONE,-4.9981,-4.9981,-X
102.6240,6.267823,-8.899281,0.001370,DRIVE_LANE,2,NONE,-4.9984,-4.9984,-X
102.6400,6.259826,-8.899292,0.001370,DRIVE_LANE,2,NONE,-4.9986,-4.9986,-X
102.6560,6.251828,-8.899303,0.001370,DRIVE_LANE,2,NONE,-4.9988,-4.9988,-X
102.6720,6.243830,-8.899314,0.001370,DRIVE_LANE,2,NONE,-4.9990,-4.9990,-X
102.6880,6.235832,-8.899325,0.001370,DRIVE_LANE,2,NONE,-4.9993,-4.9993,-X
102.7040,6.227833,-8.899336,0.001370,DRIVE_LANE,2,NONE,-4.9995,-4.9995,-X
102.7200,6.219834,-8.899347,0.001370,DRIVE_LANE,2,NONE,-4.9997,-4.9997,-X
102.7360,6.211834,-8.899358,0.001370,DRIVE_LANE,2,NONE,-4.9999,-4.9999,-X
102.7520,6.203834,-8.899369,0.001370,DRIVE_LANE,2,NONE,-4.9998,-4.9998,-X
102.7680,6.195835,-8.899379,0.001370,DRIVE_LANE,2,NONE,-4.9996,-4.9996,-X
102.7840,6.187835,-8.899390,0.001370,DRIVE_LANE,2,NONE,-4.9994,-4.9994,-X
102.8000,6.179836,-8.899401,0.001370,DRIVE_LANE,2,NONE,-4.9991,-4.9991,-X
102.8160,6.171838,-8.899412,0.001370,DRIVE_LANE,2,NONE,-4.9989,-4.9989,-X
102.8320,6.163839,-8.899423,0.001370,DRIVE_LANE,2,NONE,-4.9987,-4.9987,-X
102.8480,6.155841,-8.899434,0.001370,DRIVE_LANE,2,NONE,-4.9985,-4.9985,-X
102.8640,6.147844,-8.899445,0.001370,DRIVE_LANE,2,NONE,-4.9982,-4.9982,-X
102.8800,6.139847,-8.899456,0.001370,DRIVE_LANE,2,NONE,-4.9980,-4.9980,-X
102.8960,6.131850,-8.899467,0.001370,DRIVE_LANE,2,NONE,-4.9978,-4.9978,-X
102.9120,6.123853,-8.899478,0.001370,DRIVE_LANE,2,NONE,-4.9976,-4.9976,-X
102.9280,6.115857,-8.899489,0.001370,DRIVE_LANE,2,NONE,-4.9973,-4.9973,-X
102.9440,6.107862,-8.899500,0.001370,DRIVE_LANE,2,NONE,-4.9971,-4.9971,-X
102.9600,6.099866,-8.899511,0.001370,DRIVE_LANE,2,NONE,-4.9969,-4.9969,-X
102.9760,6.091871,-8.899522,0.001370,DRIVE_LANE,2,NONE,-4.9967,-4.9967,-X
102.9920,6.083877,-8.899533,0.001370,DRIVE_LANE,2,NONE,-4.9964,-4.9964,-X
103.0080,6.075882,-8.899544,0.001370,DRIVE_LANE,2,NONE,-4.9962,-4.9962,-X
103.0240,6.067888,-8.899555,0.001370,DRIVE_LANE,2,NONE,-4.9960,-4.9960,-X
103.0400,6.059895,-8.899566,0.001370,DRIVE_LANE,2,NONE,-4.9958,-4.9958,-X
103.0560,6.051902,-8.899577,0.001370,DRIVE_LANE,2,NONE,-4.9955,-4.9955,-X
103.0720,6.043909,-8.899588,0.001370,DRIVE_LANE,2,NONE,-4.9936,-4.9970,-X
103.0880,6.035916,-8.899598,0.001365,DRIVE_LANE,2,NONE,-4.9934,-4.9969,-X
103.1040,6.027924,-8.899609,0.001360,DRIVE_LANE,2,NONE,-4.9931,-4.9968,-X
103.1200,6.019932,-8.899620,0.001355,DRIVE_LANE,2,NONE,-4.9929,-4.9967,-X
103.1360,6.011941,-8.899630,0.001349,DRIVE_LANE,2,NONE,-4.9927,-4.9966,-X
103.1520,6.003949,-8.899640,0.001343,DRIVE_LANE,2,NONE,-4.9925,-4.9965,-X
103.1680,5.995958,-8.899650,0.001335,DRIVE_LANE,2,NONE,-4.9923,-4.9964,-X
103.1840,5.987967,-8.899659,0.001326,DRIVE_LANE,2,NONE,-4.9921,-4.9963,-X
103.2000,5.979976,-8.899668,0.001316,DRIVE_LANE,2,NONE,-4.9920,-4.9963,-X
103.2160,5.971986,-8.899677,0.001306,DRIVE_LANE,2,NONE,-4.9919,-4.9962,-X
103.2320,5.963995,-8.899686,0.001296,DRIVE_LANE,2,NONE,-4.9918,-4.9961,-X
103.2480,5.956005,-8.899694,0.001284,DRIVE_LANE,2,NONE,-4.9917,-4.9961,-X
103.2640,5.948015,-8.899702,0.001273,DRIVE_LANE,2,NONE,-4.9916,-4.9961,-X
103.2800,5.940025,-8.899710,0.001261,DRIVE_LANE,2,NONE,-4.9915,-4.9960,-X
103.2960,5.932035,-8.899718,0.001249,DRIVE_LANE,2,NONE,-4.9914,-4.9960,-X
103.3120,5.924045,-8.899725,0.001237,DRIVE_LANE,2,NONE,-4.9914,-4.9960,-X
103.3280,5.916055,-8.899733,0.001224,DRIVE_LANE,2,NONE,-4.9913,-4.9959,-X
103.3440,5.908065,-8.899740,0.001211,DRIVE_LANE,2,NONE,-4.9913,-4.9959,-X
103.3600,5.900075,-8.899747,0.001198,DRIVE_LANE,2,NONE,-4.9912,-4.9959,-X
103.3760,5.892086,-8.899755,0.001185,DRIVE_LANE,2,NONE,-4.9912,-4.9959,-X
103.3920,5.884096,-8.899761,0.001172,DRIVE_LANE,2,NONE,-4.9911,-4.9959,-X
103.4080,5.876107,-8.899768,0.001159,DRIVE_LANE,2,NONE,-4.9911,-4.9958,-X
103.4240,5.868117,-8.899775,0.001146,DRIVE_LANE,2,NONE,-4.9911,-4.9958,-X
103.4400,5.860127,-8.899781,0.001133,DRIVE_LANE,2,NONE,-4.9911,-4.9958,-X
103.4560,5.852138,-8.899788,0.001119,DRIVE_LANE,2,NONE,-4.9911,-4.9958,-X
103.4720,5.844148,-8.899794,0.001106,DRIVE_LANE,2,NONE,-4.9910,-4.9958,-X
103.4880,5.836159,-8.899800,0.001092,DRIVE_LANE,2,NONE,-4.9910,-4.9958,-X
103.5040,5.828169,-8.899806,0.001079,DRIVE_LANE,2,NONE,-4.9910,-4.9958,-X
103.5200,5.820180,-8.899812,0.001065,DRIVE_LANE,2,NONE,-4.9910,-4.9958,-X
103.5360,5.812190,-8.899818,0.001052,DRIVE_LANE,2,NONE,-4.9910,-4.9958,-X
103.5520,5.804201,-8.899824,0.001038,DRIVE_LANE,2,NONE,-4.9910,-4.9958,-X
103.5680,5.796212,-8.899830,0.001025,DRIVE_LANE,2,NONE,-4.9911,-4.9958,-X
103.5840,5.788222,-8.899835,0.001011,DRIVE_LANE,2,NONE,-4.9911,-4.9958,-X
103.6000,5.780233,-8.899841,0.000998,DRIVE_LANE,2,NONE,-4.9911,-4.9958,-X
103.6160,5.772243,-8.899846,0.000984,DRIVE_LANE,2,NONE,-4.9911,-4.9958,-X
103.6320,5.764253,-8.899851,0.000971,DRIVE_LANE,2,NONE,-4.9911,-4.9958,-X
103.6480,5.756264,-8.899856,0.000957,DRIVE_LANE,2,NONE,-4.9911,-4.9959,-X
103.6640,5.748274,-8.899861,0.000944,DRIVE_LANE,2,NONE,-4.9912,-4.9959,-X
103.6800,5.740285,-8.899866,0.000931,DRIVE_LANE,2,NONE,-4.9912,-4.9959,-X
103.6960,5.732295,-8.899871,0.000917,DRIVE_LANE,2,NONE,-4.9912,-4.9959,-X
103.7120,5.724305,-8.899876,0.000904,DRIVE_LANE,2,NONE,-4.9912,-4.9959,-X
103.7280,5.716316,-8.899880,0.000891,DRIVE_LANE,2,NONE,-4.9913,-4.9959,-X
103.7440,5.708326,-8.899885,0.000878,DRIVE_LANE,2,NONE,-4.9913,-4.9959,-X
103.7600,5.700336,-8.899889,0.000865,DRIVE_LANE,2,NONE,-4.9913,-4.9960,-X
103.7760,5.692346,-8.899894,0.000852,DRIVE_LANE,2,NONE,-4.9914,-4.9960,-X
103.7920,5.684356,-8.899898,0.000839,DRIVE_LANE,2,NONE,-4.9914,-4.9960,-X
103.8080,5.676366,-8.899902,0.000826,DRIVE_LANE,2,NONE,-4.9915,-4.9960,-X
103.8240,5.668376,-8.899906,0.000813,DRIVE_LANE,2,NONE,-4.9915,-4.9960,-X
103.8400,5.660386,-8.899911,0.000801,DRIVE_LANE,2,NONE,-4.9916,-4.9961,-X
103.8560,5.652396,-8.899914,0.000788,DRIVE_LANE,2,NONE,-4.9916,-4.9961,-X
103.8720,5.644406,-8.899918,0.000776,DRIVE_LANE,2,NONE,-4.9916,-4.9961,-X
103.8880,5.636416,-8.899922,0.000763,DRIVE_LANE,2,NONE,-4.9917,-4.9961,-X
103.9040,5.628426,-8.899926,0.000751,DRIVE_LANE,2,NONE,-4.9917,-4.9961,-X
103.9200,5.620435,-8.899929,0.000739,DRIVE_LANE,2,NONE,-4.9918,-4.9962,-X
103.9360,5.612445,-8.899933,0.000727,DRIVE_LANE,2,NONE,-4.9918,-4.9962,-X
103.9520,5.604455,-8.899936,0.000715,DRIVE_LANE,2,NONE,-4.9919,-4.9962,-X
103.9680,5.596464,-8.899940,0.000703,DRIVE_LANE,2,NONE,-4.9919,-4.9962,-X
103.9840,5.588474,-8.899943,0.000691,DRIVE_LANE,2,NONE,-4.9920,-4.9963,-X
104.0000,5.580483,-8.899946,0.000679,DRIVE_LANE,2,NONE,-4.9920,-4.9963,-X
104.0160,5.572492,-8.899950,0.000667,DRIVE_LANE,2,NONE,-4.9921,-4.9963,-X
104.0320,5.564502,-8.899953,0.000656,DRIVE_LANE,2,NONE,-4.9922,-4.9963,-X
104.0480,5.556511,-8.899956,0.000644,DRIVE_LANE,2,NONE,-4.9922,-4.9964,-X
104.0640,5.548520,-8.899959,0.000633,DRIVE_LANE,2,NONE,-4.9923,-4.9964,-X
104.0800,5.540529,-8.899962,0.000622,DRIVE_LANE,2,NONE,-4.9923,-4.9964,-X
104.0960,5.532538,-8.899965,0.000611,DRIVE_LANE,2,NONE,-4.9924,-4.9964,-X
104.1120,5.524547,-8.899967,0.000600,DRIVE_LANE,2,NONE,-4.9924,-4.9965,-X
104.1280,5.516556,-8.899970,0.000589,DRIVE_LANE,2,NONE,-4.9925,-4.9965,-X
104.1440,5.508565,-8.899973,0.000578,DRIVE_LANE,2,NONE,-4.9926,-4.9965,-X
104.1600,5.500573,-8.899975,0.000567,DRIVE_LANE,2,NONE,-4.9926,-4.9965,-X
104.1760,5.492582,-8.899978,0.000557,DRIVE_LANE,2,NONE,-4.9927,-4.9966,-X
104.1920,5.484591,-8.899980,0.000546,DRIVE_LANE,2,NONE,-4.9927,-4.9966,-X
104.2080,5.476599,-8.899983,0.000536,DRIVE_LANE,2,NONE,-4.9928,-4.9966,-X
104.2240,5.468608,-8.899985,0.000526,DRIVE_LANE,2,NONE,-4.9929,-4.9967,-X
104.2400,5.460616,-8.899987,0.000516,DRIVE_LANE,2,NONE,-4.9929,-4.9967,-X
104.2560,5.452624,-8.899990,0.000506,DRIVE_LANE,2,NONE,-4.9930,-4.9967,-X
104.2720,5.444633,-8.899992,0.000496,DRIVE_LANE,2,NONE,-4.9930,-4.9967,-X
104.2880,5.436641,-8.899994,0.000486,DRIVE_LANE,2,NONE,-4.9931,-4.9968,-X
104.3040,5.428649,-8.899996,0.000476,DRIVE_LANE,2,NONE,-4.9932,-4.9968,-X
104.3200,5.420657,-8.899998,0.000467,DRIVE_LANE,2,NONE,-4.9932,-4.9968,-X
104.3360,5.412665,-8.900000,0.000458,DRIVE_LANE,2,NONE,-4.9933,-4.9969,-X
104.3520,5.404673,-8.900002,0.000448,DRIVE_LANE,2,NONE,-4.9933,-4.9969,-X
104.3680,5.396681,-8.900004,0.000439,DRIVE_LANE,2,NONE,-4.9934,-4.9969,-X
104.3840,5.388688,-8.900006,0.000430,DRIVE_LANE,2,NONE,-4.9935,-4.9969,-X
104.4000,5.380696,-8.900008,0.000421,DRIVE_LANE,2,NONE,-4.9935,-4.9970,-X
104.4160,5.372704,-8.900009,0.000412,DRIVE_LANE,2,NONE,-4.9936,-4.9970,-X
104.4320,5.364711,-8.900011,0.000403,DRIVE_LANE,2,NONE,-4.9936,-4.9970,-X
104.4480,5.356719,-8.900013,0.000395,DRIVE_LANE,2,NONE,-4.9937,-4.9971,-X
104.4640,5.348726,-8.900014,0.000386,DRIVE_LANE,2,NONE,-4.9938,-4.9971,-X
104.4800,5.340733,-8.900016,0.000378,DRIVE_LANE,2,NONE,-4.9955,-4.9955,-X
104.4960,5.332741,-8.900019,0.000378,DRIVE_LANE,2,NONE,-4.9937,-4.9971,-X
104.5120,5.324748,-8.900021,0.000370,DRIVE_LANE,2,NONE,-4.9938,-4.9971,-X
104.5280,5.316755,-8.900022,0.000362,DRIVE_LANE,2,NONE,-4.9955,-4.9955,-X
104.5440,5.308763,-8.900025,0.000362,DRIVE_LANE,2,NONE,-4.9938,-4.9971,-X
104.5600,5.300770,-8.900027,0.000354,DRIVE_LANE,2,NONE,-4.9955,-4.9955,-X
104.5760,5.292777,-8.900029,0.000354,DRIVE_LANE,2,NONE,-4.9937,-4.9971,-X
104.5920,5.284784,-8.900031,0.000347,DRIVE_LANE,2,NONE,-4.9938,-4.9971,-X
104.6080,5.276792,-8.900033,0.000340,DRIVE_LANE,2,NONE,-4.9955,-4.9955,-X
104.6240,5.268799,-8.900035,0.000339,DRIVE_LANE,2,NONE,-4.9937,-4.9971,-X
104.6400,5.260806,-8.900037,0.000332,DRIVE_LANE,2,NONE,-4.9938,-4.9971,-X
104.6560,5.252814,-8.900038,0.000325,DRIVE_LANE,2,NONE,-4.9955,-4.9955,-X
104.6720,5.244821,-8.900041,0.000325,DRIVE_LANE,2,NONE,-4.9938,-4.9971,-X
104.6880,5.236828,-8.900043,0.000318,DRIVE_LANE,2,NONE,-4.9955,-4.9955,-X
104.7040,5.228835,-8.900045,0.000318,DRIVE_LANE,2,NONE,-4.9938,-4.9971,-X
104.7200,5.220843,-8.900046,0.000311,DRIVE_LANE,2,NONE,-4.9938,-4.9971,-X
104.7360,5.212850,-8.900048,0.000303,DRIVE_LANE,2,NONE,-4.9955,-4.9955,-X
104.7520,5.204857,-8.900050,0.000303,DRIVE_LANE,2,NONE,-4.9938,-4.9971,-X
104.7680,5.196865,-8.900052,0.000296,DRIVE_LANE,2,NONE,-4.9955,-4.9955,-X
104.7840,5.188872,-8.900054,0.000296,DRIVE_LANE,2,NONE,-4.9938,-4.9971,-X
104.8000,5.180879,-8.900055,0.000289,DRIVE_LANE,2,NONE,-4.9955,-4.9955,-X
104.8160,5.172886,-8.900058,0.000289,DRIVE_LANE,2,NONE,-4.9937,-4.9971,-X
104.8320,5.164894,-8.900059,0.000282,DRIVE_LANE,2,NONE,-4.9938,-4.9971,-X
104.8480,5.156901,-8.900060,0.000275,DRIVE_LANE,2,NONE,-4.9955,-4.9955,-X
104.8640,5.148908,-8.900062,0.000275,DRIVE_LANE,2,NONE,-4.9938,-4.9971,-X
104.8800,5.140916,-8.900063,0.000268,DRIVE_LANE,2,NONE,-4.9955,-4.9955,-X
104.8960,5.132923,-8.900066,0.000268,DRIVE_LANE,2,NONE,-4.9938,-4.9971,-X
104.9120,5.124930,-8.900067,0.000262,DRIVE_LANE,2,NONE,-4.9955,-4.9955,-X
104.9280,5.116937,-8.900069,0.000262,DRIVE_LANE,2,NONE,-4.9938,-4.9971,-X
104.9440,5.108945,-8.900070,0.000255,DRIVE_LANE,2,NONE,-4.9955,-4.9955,-X
104.9600,5.100952,-8.900072,0.000255,DRIVE_LANE,2,NONE,-4.9938,-4.9971,-X
104.9760,5.092959,-8.900073,0.000248,DRIVE_LANE,2,NONE,-4.9955,-4.9955,-X
104.9920,5.084966,-8.900075,0.000248,DRIVE_LANE,2,NONE,-4.9938,-4.9971,-X
105.0080,5.076974,-8.900076,0.000242,DRIVE_LANE,2,NONE,-4.9955,-4.9955,-X
105.0240,5.068981,-8.900078,0.000242,DRIVE_LANE,2,NONE,-4.9938,-4.9971,-X
105.0400,5.060988,-8.900079,0.000235,DRIVE_LANE,2,NONE,-4.9955,-4.9955,-X
105.0560,5.052996,-8.900081,0.000235,DRIVE_LANE,2,NONE,-4.9938,-4.9971,-X
105.0720,5.045003,-8.900082,0.000228,DRIVE_LANE,2,NONE,-4.9955,-4.9955,-X
105.0880,5.037010,-8.900084,0.000228,DRIVE_LANE,2,NONE,-4.9938,-4.9971,-X
105.1040,5.029017,-8.900085,0.000222,DRIVE_LANE,2,NONE,-4.9955,-4.9955,-X
105.1200,5.021025,-8.900086,0.000222,DRIVE_LANE,2,NONE,-4.9938,-4.9971,-X
105.1360,5.013032,-8.900087,0.000215,DRIVE_LANE,2,NONE,-4.9955,-4.9955,-X
105.1520,5.005039,-8.900089,0.000215,DRIVE_LANE,2,NONE,-4.9938,-4.9971,-X
105.1680,4.997047,-8.900090,0.000209,DRIVE_LANE,2,NONE,-4.9955,-4.9955,-X
105.1840,4.989054,-8.900091,0.000209,DRIVE_LANE,2,NONE,-4.9938,-4.9971,-X
105.2000,4.981061,-8.900092,0.000202,DRIVE_LANE,2,NONE,-4.9955,-4.9955,-X
105.2160,4.973068,-8.900094,0.000202,DRIVE_LANE,2,NONE,-4.9955,-4.9955,-X
105.2320,4.965076,-8.900095,0.000202,DRIVE_LANE,2,NONE,-4.9938,-4.9971,-X
105.2480,4.957083,-8.900096,0.000196,DRIVE_LANE,2,NONE,-4.9955,-4.9955,-X
105.2640,4.949090,-8.900098,0.000196,DRIVE_LANE,2,NONE,-4.9938,-4.9971,-X
105.2800,4.941097,-8.900099,0.000190,DRIVE_LANE,2,NONE,-4.9955,-4.9955,-X
105.2960,4.933105,-8.900100,0.000190,DRIVE_LANE,2,NONE,-4.9938,-4.9971,-X
105.3120,4.925112,-8.900101,0.000184,DRIVE_LANE,2,NONE,-4.9955,-4.9955,-X
105.3280,4.917119,-8.900102,0.000184,DRIVE_LANE,2,NONE,-4.9938,-4.9971,-X
105.3440,4.909127,-8.900103,0.000177,DRIVE_LANE,2,NONE,-4.9955,-4.9955,-X
105.3600,4.901134,-8.900104,0.000177,DRIVE_LANE,2,NONE,-4.9955,-4.9955,-X
105.3760,4.893141,-8.900106,0.000177,DRIVE_LANE,2,NONE,-4.9938,-4.9971,-X
105.3920,4.885148,-8.900106,0.000171,DRIVE_LANE,2,NONE,-4.9955,-4.9955,-X
105.4080,4.877156,-8.900108,0.000171,DRIVE_LANE,2,NONE,-4.9938,-4.9971,-X
105.4240,4.869163,-8.900108,0.000165,DRIVE_LANE,2,NONE,-4.9955,-4.9955,-X
105.4400,4.861170,-8.900110,0.000165,DRIVE_LANE,2,NONE,-4.9955,-4.9955,-X
105.4560,4.853177,-8.900111,0.000165,DRIVE_LANE,2,NONE,-4.9938,-4.9971,-X
105.4720,4.845185,-8.900112,0.000160,DRIVE_LANE,2,NONE,-4.9955,-4.9955,-X
105.4880,4.837192,-8.900113,0.000159,DRIVE_LANE,2,NONE,-4.9938,-4.9971,-X
105.5040,4.829199,-8.900113,0.000154,DRIVE_LANE,2,NONE,-4.9955,-4.9955,-X
105.5200,4.821206,-8.900115,0.000154,DRIVE_LANE,2,NONE,-4.9955,-4.9955,-X
105.5360,4.813214,-8.900116,0.000154,DRIVE_LANE,2,NONE,-4.9938,-4.9971,-X
105.5520,4.805221,-8.900116,0.000148,DRIVE_LANE,2,NONE,-4.9955,-4.9955,-X
105.5680,4.797228,-8.900118,0.000148,DRIVE_LANE,2,NONE,-4.9955,-4.9955,-X
105.5840,4.789235,-8.900119,0.000148,DRIVE_LANE,2,NONE,-4.9938,-4.9971,-X
105.6000,4.781243,-8.900119,0.000142,DRIVE_LANE,2,NONE,-4.9955,-4.9955,-X
105.6160,4.773250,-8.900120,0.000142,DRIVE_LANE,2,NONE,-4.9938,-4.9971,-X
105.6320,4.765257,-8.900121,0.000136,DRIVE_LANE,2,NONE,-4.9955,-4.9955,-X
105.6480,4.757264,-8.900122,0.000136,DRIVE_LANE,2,NONE,-4.9955,-4.9955,-X
105.6640,4.749272,-8.900123,0.000136,DRIVE_LANE,2,NONE,-4.9938,-4.9971,-X
105.6800,4.741279,-8.900124,0.000131,DRIVE_LANE,2,NONE,-4.9955,-4.9955,-X
105.6960,4.733286,-8.900125,0.000131,DRIVE_LANE,2,NONE,-4.9955,-4.9955,-X
105.7120,4.725293,-8.900126,0.000131,DRIVE_LANE,2,NONE,-4.9938,-4.9971,-X
105.7280,4.717301,-8.900126,0.000125,DRIVE_LANE,2,NONE,-4.9955,-4.9955,-X
105.7440,4.709308,-8.900127,0.000125,DRIVE_LANE,2,NONE,-4.9955,-4.9955,-X
105.7600,4.701315,-8.900128,0.000125,DRIVE_LANE,2,NONE,-4.9938,-4.9971,-X
105.7760,4.693322,-8.900129,0.000120,DRIVE_LANE,2,NONE,-4.9955,-4.9955,-X
105.7920,4.685330,-8.900129,0.000120,DRIVE_LANE,2,NONE,-4.9955,-4.9955,-X
105.8080,4.677337,-8.900130,0.000120,DRIVE_LANE,2,NONE,-4.9938,-4.9971,-X
105.8240,4.669344,-8.900131,0.000114,DRIVE_LANE,2,NONE,-4.9955,-4.9955,-X
105.8400,4.661351,-8.900132,0.000114,DRIVE_LANE,2,NONE,-4.9955,-4.9955,-X
105.8560,4.653359,-8.900133,0.000114,DRIVE_LANE,2,NONE,-4.9938,-4.9971,-X
105.8720,4.645366,-8.900133,0.000109,DRIVE_LANE,2,NONE,-4.9955,-4.9955,-X
105.8880,4.637373,-8.900134,0.000109,DRIVE_LANE,2,NONE,-4.9955,-4.9955,-X
105.9040,4.629380,-8.900135,0.000109,DRIVE_LANE,2,NONE,-4.9955,-4.9955,-X
105.9200,4.621388,-8.900136,0.000109,DRIVE_LANE,2,NONE,-4.9938,-4.9971,-X
105.9360,4.613395,-8.900136,0.000104,DRIVE_LANE,2,NONE,-4.9955,-4.9955,-X
105.9520,4.605402,-8.900137,0.000104,DRIVE_LANE,2,NONE,-4.9955,-4.9955,-X
105.9680,4.597409,-8.900138,0.000104,DRIVE_LANE,2,NONE,-4.9938,-4.9971,-X
105.9840,4.589417,-8.900138,0.000099,DRIVE_LANE,2,NONE,-4.9955,-4.9955,-X
106.0000,4.581424,-8.900139,0.000099,DRIVE_LANE,2,NONE,-4.9955,-4.9955,-X
106.0160,4.573431,-8.900140,0.000099,DRIVE_LANE,2,NONE,-4.9938,-4.9971,-X
106.0320,4.565439,-8.900140,0.000094,DRIVE_LANE,2,NONE,-4.9955,-4.9955,-X
106.0480,4.557446,-8.900141,0.000094,DRIVE_LANE,2,NONE,-4.9955,-4.9955,-X
106.0640,4.549453,-8.900141,0.000093,DRIVE_LANE,2,NONE,-4.9955,-4.9955,-X
106.0800,4.541460,-8.900142,0.000093,DRIVE_LANE,2,NONE,-4.9938,-4.9971,-X
106.0960,4.533468,-8.900143,0.000089,DRIVE_LANE,2,NONE,-4.9955,-4.9955,-X
106.1120,4.525475,-8.900143,0.000089,DRIVE_LANE,2,NONE,-4.9955,-4.9955,-X
106.1280,4.517482,-8.900144,0.000089,DRIVE_LANE,2,NONE,-4.9938,-4.9971,-X
106.1440,4.509489,-8.900144,0.000084,DRIVE_LANE,2,NONE,-4.9955,-4.9955,-X
106.1600,4.501496,-8.900145,0.000084,DRIVE_LANE,2,NONE,-4.9955,-4.9955,-X
106.1760,4.493504,-8.900146,0.000084,DRIVE_LANE,2,NONE,-4.9955,-4.9955,-X
106.1920,4.485511,-8.900146,0.000084,DRIVE_LANE,2,NONE,-4.9938,-4.9971,-X
106.2080,4.477518,-8.900147,0.000079,DRIVE_LANE,2,NONE,-4.9955,-4.9955,-X
106.2240,4.469525,-8.900147,0.000079,DRIVE_LANE,2,NONE,-4.9955,-4.9955,-X
106.2400,4.461533,-8.900148,0.000079,DRIVE_LANE,2,NONE,-4.9955,-4.9955,-X
106.2560,4.453540,-8.900148,0.000079,DRIVE_LANE,2,NONE,-4.9938,-4.9971,-X
106.2720,4.445547,-8.900149,0.000074,DRIVE_LANE,2,NONE,-4.9955,-4.9955,-X
106.2880,4.437554,-8.900149,0.000074,DRIVE_LANE,2,NONE,-4.9955,-4.9955,-X
106.3040,4.429562,-8.900150,0.000074,DRIVE_LANE,2,NONE,-4.9955,-4.9955,-X
106.3200,4.421569,-8.900150,0.000074,DRIVE_LANE,2,NONE,-4.9938,-4.9971,-X
106.3360,4.413576,-8.900151,0.000069,DRIVE_LANE,2,NONE,-4.9955,-4.9955,-X
106.3520,4.405583,-8.900151,0.000069,DRIVE_LANE,2,NONE,-4.9955,-4.9955,-X
106.3680,4.397591,-8.900152,0.000069,DRIVE_LANE,2,NONE,-4.9955,-4.9955,-X
106.3840,4.389598,-8.900152,0.000069,DRIVE_LANE,2,NONE,-4.9938,-4.9971,-X
106.4000,4.381605,-8.900153,0.000065,DRIVE_LANE,2,NONE,-4.9955,-4.9955,-X
106.4160,4.373612,-8.900153,0.000065,DRIVE_LANE,2,NONE,-4.9955,-4.9955,-X
106.4320,4.365620,-8.900154,0.000065,DRIVE_LANE,2,NONE,-4.9955,-4.9955,-X
106.4480,4.357627,-8.900154,0.000065,DRIVE_LANE,2,NONE,-4.9955,-4.9955,-X
106.4640,4.349634,-8.900155,0.000065,DRIVE_LANE,2,NONE,-4.9938,-4.9971,-X
106.4800,4.341642,-8.900155,0.000060,DRIVE_LANE,2,NONE,-4.9955,-4.9955,-X
106.4960,4.333649,-8.900155,0.000060,DRIVE_LANE,2,NONE,-4.9955,-4.9955,-X
106.5120,4.325656,-8.900156,0.000060,DRIVE_LANE,2,NONE,-4.9955,-4.9955,-X
106.5280,4.317663,-8.900156,0.000060,DRIVE_LANE,2,NONE,-4.9955,-4.9955,-X
106.5440,4.309671,-8.900157,0.000060,DRIVE_LANE,2,NONE,-4.9938,-4.9971,-X
106.5600,4.301678,-8.900157,0.000055,DRIVE_LANE,2,NONE,-4.9955,-4.9955,-X
106.5760,4.293685,-8.900157,0.000055,DRIVE_LANE,2,NONE,-4.9955,-4.9955,-X
106.5920,4.285692,-8.900158,0.000055,DRIVE_LANE,2,NONE,-4.9955,-4.9955,-X
106.6080,4.277700,-8.900158,0.000055,DRIVE_LANE,2,NONE,-4.9955,-4.9955,-X
106.6240,4.269707,-8.900159,0.000055,DRIVE_LANE,2,NONE,-4.9938,-4.9971,-X
106.6400,4.261714,-8.900159,0.000051,DRIVE_LANE,2,NONE,-4.9955,-4.9955,-X
106.6560,4.253721,-8.900159,0.000051,DRIVE_LANE,2,NONE,-4.9955,-4.9955,-X
106.6720,4.245728,-8.900160,0.000051,DRIVE_LANE,2,NONE,-4.9955,-4.9955,-X
106.6880,4.237736,-8.900160,0.000051,DRIVE_LANE,2,NONE,-4.9955,-4.9955,-X
106.7040,4.229743,-8.900161,0.000051,DRIVE_LANE,2,NONE,-4.9955,-4.9955,-X
106.7200,4.221750,-8.900161,0.000051,DRIVE_LANE,2,NONE,-4.9938,-4.9971,-X
106.7360,4.213758,-8.900161,0.000046,DRIVE_LANE,2,NONE,-4.9955,-4.9955,-X
106.7520,4.205765,-8.900161,0.000046,DRIVE_LANE,2,NONE,-4.9955,-4.9955,-X
106.7680,4.197772,-8.900162,0.000046,DRIVE_LANE,2,NONE,-4.9955,-4.9955,-X
106.7840,4.189779,-8.900162,0.000046,DRIVE_LANE,2,NONE,-4.9955,-4.9955,-X
106.8000,4.181786,-8.900162,0.000046,DRIVE_LANE,2,NONE,-4.9955,-4.9955,-X
106.8160,4.173794,-8.900163,0.000046,DRIVE_LANE,2,NONE,-4.9938,-4.9971,-X
106.8320,4.165801,-8.900163,0.000041,DRIVE_LANE,2,NONE,-4.9955,-4.9955,-X
106.8480,4.157808,-8.900163,0.000041,DRIVE_LANE,2,NONE,-4.9955,-4.9955,-X
106.8640,4.149815,-8.900164,0.000041,DRIVE_LANE,2,NONE,-4.9955,-4.9955,-X
106.8800,4.141823,-8.900164,0.000041,DRIVE_LANE,2,NONE,-4.9955,-4.9955,-X
106.8960,4.133830,-8.900164,0.000041,DRIVE_LANE,2,NONE,-4.9955,-4.9955,-X
106.9120,4.125837,-8.900165,0.000041,DRIVE_LANE,2,NONE,-4.9955,-4.9955,-X
106.9280,4.117844,-8.900165,0.000041,DRIVE_LANE,2,NONE,-4.9938,-4.9971,-X
106.9440,4.109852,-8.900165,0.000037,DRIVE_LANE,2,NONE,-4.9955,-4.9955,-X
106.9600,4.101859,-8.900165,0.000037,DRIVE_LANE,2,NONE,-4.9955,-4.9955,-X
106.9760,4.093866,-8.900165,0.000037,DRIVE_LANE,2,NONE,-4.9955,-4.9955,-X
106.9920,4.085873,-8.900166,0.000037,DRIVE_LANE,2,NONE,-4.9955,-4.9955,-X
107.0080,4.077881,-8.900166,0.000037,DRIVE_LANE,2,NONE,-4.9955,-4.9955,-X
107.0240,4.069888,-8.900166,0.000037,DRIVE_LANE,2,NONE,-4.9955,-4.9955,-X
107.0400,4.061895,-8.900167,0.000037,DRIVE_LANE,2,NONE,-4.9955,-4.9955,-X
107.0560,4.053902,-8.900167,0.000037,DRIVE_LANE,2,NONE,-4.9938,-4.9971,-X
107.0720,4.045910,-8.900167,0.000032,DRIVE_LANE,2,NONE,-4.9955,-4.9955,-X
107.0880,4.037917,-8.900167,0.000032,DRIVE_LANE,2,NONE,-4.9955,-4.9955,-X
107.1040,4.029924,-8.900167,0.000032,DRIVE_LANE,2,NONE,-4.9955,-4.9955,-X
107.1200,4.021931,-8.900168,0.000032,DRIVE_LANE,2,NONE,-4.9955,-4.9955,-X
107.1360,4.013939,-8.900168,0.000032,DRIVE_LANE,2,NONE,-4.9955,-4.9955,-X
107.1520,4.005946,-8.900168,0.000032,DRIVE_LANE,2,NONE,-4.9955,-4.9955,-X
107.1680,3.997953,-8.900168,0.000032,DRIVE_LANE,2,NONE,-4.9955,-4.9955,-X
107.1840,3.989960,-8.900169,0.000032,DRIVE_LANE,2,NONE,-4.9955,-4.9955,-X
107.2000,3.981968,-8.900169,0.000032,DRIVE_LANE,2,NONE,-4.9938,-4.9971,-X
107.2160,3.973975,-8.900169,0.000027,DRIVE_LANE,2,NONE,-4.9955,-4.9955,-X
107.2320,3.965982,-8.900169,0.000027,DRIVE_LANE,2,NONE,-4.9955,-4.9955,-X
107.2480,3.957989,-8.900169,0.000027,DRIVE_LANE,2,NONE,-4.9955,-4.9955,-X
107.2640,3.949997,-8.900170,0.000027,DRIVE_LANE,2,NONE,-4.9955,-4.9955,-X
107.2800,3.942004,-8.900170,0.000027,DRIVE_LANE,2,NONE,-4.9955,-4.9955,-X
107.2960,3.934011,-8.900170,0.000027,DRIVE_LANE,2,NONE,-4.9955,-4.9955,-X
107.3120,3.926018,-8.900170,0.000027,DRIVE_LANE,2,NONE,-4.9955,-4.9955,-X
107.3280,3.918026,-8.900170,0.000027,DRIVE_LANE,2,NONE,-4.9955,-4.9955,-X
107.3440,3.910033,-8.900171,0.000027,DRIVE_LANE,2,NONE,-4.9955,-4.9955,-X
107.3600,3.902040,-8.900171,0.000027,DRIVE_LANE,2,NONE,-4.9955,-4.9955,-X
107.3760,3.894047,-8.900171,0.000027,DRIVE_LANE,2,NONE,-4.9938,-4.9971,-X
107.3920,3.886055,-8.900171,0.000023,DRIVE_LANE,2,NONE,-4.9955,-4.9955,-X
107.4080,3.878062,-8.900171,0.000023,DRIVE_LANE,2,NONE,-4.9955,-4.9955,-X
107.4240,3.870069,-8.900171,0.000023,DRIVE_LANE,2,NONE,-4.9955,-4.9955,-X
107.4400,3.862076,-8.900171,0.000023,DRIVE_LANE,2,NONE,-4.9955,-4.9955,-X
107.4560,3.854083,-8.900172,0.000023,DRIVE_LANE,2,NONE,-4.9955,-4.9955,-X
107.4720,3.846091,-8.900172,0.000023,DRIVE_LANE,2,NONE,-4.9955,-4.9955,-X
107.4880,3.838098,-8.900172,0.000023,DRIVE_LANE,2,NONE,-4.9955,-4.9955,-X
107.5040,3.830105,-8.900172,0.000023,DRIVE_LANE,2,NONE,-4.9955,-4.9955,-X
107.5200,3.822112,-8.900172,0.000022,DRIVE_LANE,2,NONE,-4.9955,-4.9955,-X
107.5360,3.814120,-8.900172,0.000022,DRIVE_LANE,2,NONE,-4.9955,-4.9955,-X
107.5520,3.806127,-8.900173,0.000022,DRIVE_LANE,2,NONE,-4.9955,-4.9955,-X
107.5680,3.798134,-8.900173,0.000022,DRIVE_LANE,2,NONE,-4.9955,-4.9955,-X
107.5840,3.790141,-8.900173,0.000022,DRIVE_LANE,2,NONE,-4.9938,-4.9971,-X
107.6000,3.782149,-8.900173,0.000018,DRIVE_LANE,2,NONE,-4.9955,-4.9955,-X
107.6160,3.774156,-8.900173,0.000018,DRIVE_LANE,2,NONE,-4.9955,-4.9955,-X
107.6320,3.766163,-8.900173,0.000018,DRIVE_LANE,2,NONE,-4.9955,-4.9955,-X
107.6480,3.758170,-8.900173,0.000018,DRIVE_LANE,2,NONE,-4.9955,-4.9955,-X
107.6640,3.750178,-8.900173,0.000018,DRIVE_LANE,2,NONE,-4.9955,-4.9955,-X
107.6800,3.742185,-8.900174,0.000018,DRIVE_LANE,2,NONE,-4.9955,-4.9955,-X
107.6960,3.734192,-8.900174,0.000018,DRIVE_LANE,2,NONE,-4.9955,-4.9955,-X
107.7120,3.726199,-8.900174,0.000018,DRIVE_LANE,2,NONE,-4.9955,-4.9955,-X
107.7280,3.718207,-8.900174,0.000018,DRIVE_LANE,2,NONE,-4.9955,-4.9955,-X
107.7440,3.710214,-8.900174,0.000018,DRIVE_LANE,2,NONE,-4.9955,-4.9955,-X
107.7600,3.702221,-8.900174,0.000018,DRIVE_LANE,2,NONE,-4.9955,-4.9955,-X
107.7760,3.694228,-8.900174,0.000018,DRIVE_LANE,2,NONE,-4.9955,-4.9955,-X
107.7920,3.686236,-8.900175,0.000018,DRIVE_LANE,2,NONE,-4.9955,-4.9955,-X
107.8080,3.678243,-8.900175,0.000018,DRIVE_LANE,2,NONE,-4.9955,-4.9955,-X
107.8240,3.670250,-8.900175,0.000018,DRIVE_LANE,2,NONE,-4.9955,-4.9955,-X
107.8400,3.662257,-8.900175,0.000018,DRIVE_LANE,2,NONE,-4.9938,-4.9971,-X
107.8560,3.654265,-8.900175,0.000013,DRIVE_LANE,2,NONE,-4.9955,-4.9955,-X
107.8720,3.646272,-8.900175,0.000013,DRIVE_LANE,2,NONE,-4.9955,-4.9955,-X
107.8880,3.638279,-8.900175,0.000013,DRIVE_LANE,2,NONE,-4.9955,-4.9955,-X
107.9040,3.630286,-8.900175,0.000013,DRIVE_LANE,2,NONE,-4.9955,-4.9955,-X
107.9200,3.622293,-8.900175,0.000013,DRIVE_LANE,2,NONE,-4.9955,-4.9955,-X
107.9360,3.614301,-8.900175,0.000013,DRIVE_LANE,2,NONE,-4.9955,-4.9955,-X
107.9520,3.606308,-8.900176,0.000013,DRIVE_LANE,2,NONE,-4.9955,-4.9955,-X
107.9680,3.598315,-8.900176,0.000013,DRIVE_LANE,2,NONE,-4.9955,-4.9955,-X
107.9840,3.590322,-8.900176,0.000013,DRIVE_LANE,2,NONE,-4.9955,-4.9955,-X
108.0000,3.582330,-8.900176,0.000013,DRIVE_LANE,2,NONE,-4.9955,-4.9955,-X
108.0160,3.574337,-8.900176,0.000013,DRIVE_LANE,2,NONE,-4.9955,-4.9955,-X
108.0320,3.566344,-8.900176,0.000013,DRIVE_LANE,2,NONE,-4.9955,-4.9955,-X
108.0480,3.558351,-8.900176,0.000013,DRIVE_LANE,2,NONE,-4.9955,-4.9955,-X
108.0640,3.550358,-8.900176,0.000013,DRIVE_LANE,2,NONE,-4.9955,-4.9955,-X
108.0800,3.542366,-8.900176,0.000013,DRIVE_LANE,2,NONE,-4.9955,-4.9955,-X
108.0960,3.534373,-8.900176,0.000013,DRIVE_LANE,2,NONE,-4.9955,-4.9955,-X
108.1120,3.526380,-8.900177,0.000013,DRIVE_LANE,2,NONE,-4.9955,-4.9955,-X
108.1280,3.518387,-8.900177,0.000013,DRIVE_LANE,2,NONE,-4.9955,-4.9955,-X
108.1440,3.510395,-8.900177,0.000013,DRIVE_LANE,2,NONE,-4.9955,-4.9955,-X
108.1600,3.502402,-8.900177,0.000013,DRIVE_LANE,2,NONE,-4.9955,-4.9955,-X
108.1760,3.494409,-8.900177,0.000013,DRIVE_LANE,2,NONE,-4.9955,-4.9955,-X
108.1920,3.486417,-8.900177,0.000013,DRIVE_LANE,2,NONE,-4.9938,-4.9971,-X
108.2080,3.478424,-8.900177,0.000009,DRIVE_LANE,2,NONE,-4.9955,-4.9955,-X
108.2240,3.470431,-8.900177,0.000009,DRIVE_LANE,2,NONE,-4.9955,-4.9955,-X
108.2400,3.462438,-8.900177,0.000009,DRIVE_LANE,2,NONE,-4.9955,-4.9955,-X
108.2560,3.454445,-8.900177,0.000009,DRIVE_LANE,2,NONE,-4.9955,-4.9955,-X
108.2720,3.446453,-8.900177,0.000009,DRIVE_LANE,2,NONE,-4.9955,-4.9955,-X
108.2880,3.438460,-8.900177,0.000009,DRIVE_LANE,2,NONE,-4.9955,-4.9955,-X
108.3040,3.430467,-8.900177,0.000009,DRIVE_LANE,2,NONE,-4.9955,-4.9955,-X
108.3200,3.422474,-8.900177,0.000009,DRIVE_LANE,2,NONE,-4.9955,-4.9955,-X
108.3360,3.414481,-8.900177,0.000009,DRIVE_LANE,2,NONE,-4.9955,-4.9955,-X
108.3520,3.406489,-8.900177,0.000009,DRIVE_LANE,2,NONE,-4.9955,-4.9955,-X
108.3680,3.398496,-8.900178,0.000009,DRIVE_LANE,2,NONE,-4.9955,-4.9955,-X
108.3840,3.390503,-8.900178,0.000009,DRIVE_LANE,2,NONE,-4.9955,-4.9955,-X
108.4000,3.382510,-8.900178,0.000009,DRIVE_LANE,2,NONE,-4.9955,-4.9955,-X
108.4160,3.374518,-8.900178,0.000009,DRIVE_LANE,2,NONE,-4.9955,-4.9955,-X
108.4320,3.366525,-8.900178,0.000009,DRIVE_LANE,2,NONE,-4.9955,-4.9955,-X
108.4480,3.358532,-8.900178,0.000009,DRIVE_LANE,2,NONE,-4.9955,-4.9955,-X
108.4640,3.350539,-8.900178,0.000009,DRIVE_LANE,2,NONE,-4.9955,-4.9955,-X
108.4800,3.342547,-8.900178,0.000009,DRIVE_LANE,2,NONE,-4.9955,-4.9955,-X
108.4960,3.334554,-8.900178,0.000009,DRIVE_LANE,2,NONE,-4.9955,-4.9955,-X
108.5120,3.326561,-8.900178,0.000009,DRIVE_LANE,2,NONE,-4.9955,-4.9955,-X
108.5280,3.318568,-8.900178,0.000009,DRIVE_LANE,2,NONE,-4.9955,-4.9955,-X
108.5440,3.310575,-8.900178,0.000009,DRIVE_LANE,2,NONE,-4.9955,-4.9955,-X
108.5600,3.302583,-8.900178,0.000009,DRIVE_LANE,2,NONE,-4.9955,-4.9955,-X
108.5760,3.294590,-8.900178,0.000009,DRIVE_LANE,2,NONE,-4.9955,-4.9955,-X
108.5920,3.286597,-8.900178,0.000009,DRIVE_LANE,2,NONE,-4.9955,-4.9955,-X
108.6080,3.278604,-8.900179,0.000009,DRIVE_LANE,2,NONE,-4.9955,-4.9955,-X
108.6240,3.270612,-8.900179,0.000009,DRIVE_LANE,2,NONE,-4.9955,-4.9955,-X
108.6400,3.262619,-8.900179,0.000009,DRIVE_LANE,2,NONE,-4.9955,-4.9955,-X
108.6560,3.254626,-8.900179,0.000009,DRIVE_LANE,2,NONE,-4.9955,-4.9955,-X
108.6720,3.246634,-8.900179,0.000009,DRIVE_LANE,2,NONE,-4.9955,-4.9955,-X
108.6880,3.238641,-8.900179,0.000009,DRIVE_LANE,2,NONE,-4.9955,-4.9955,-X
108.7040,3.230648,-8.900179,0.000009,DRIVE_LANE,2,NONE,-4.9955,-4.9955,-X
108.7200,3.222655,-8.900179,0.000009,DRIVE_LANE,2,NONE,-4.9955,-4.9955,-X
108.7360,3.214663,-8.900179,0.000009,DRIVE_LANE,2,NONE,-4.9938,-4.9971,-X
108.7520,3.206670,-8.900179,0.000004,DRIVE_LANE,2,NONE,-4.9955,-4.9955,-X
108.7680,3.198677,-8.900179,0.000004,DRIVE_LANE,2,NONE,-4.9955,-4.9955,-X
108.7840,3.190684,-8.900179,0.000004,DRIVE_LANE,2,NONE,-4.9955,-4.9955,-X
108.8000,3.182691,-8.900179,0.000004,DRIVE_LANE,2,NONE,-4.9955,-4.9955,-X
108.8160,3.174699,-8.900179,0.000004,DRIVE_LANE,2,NONE,-4.9955,-4.9955,-X
108.8320,3.166706,-8.900179,0.000004,DRIVE_LANE,2,NONE,-4.9955,-4.9955,-X
108.8480,3.158713,-8.900179,0.000004,DRIVE_LANE,2,NONE,-4.9955,-4.9955,-X
108.8640,3.150720,-8.900179,0.000004,DRIVE_LANE,2,NONE,-4.9955,-4.9955,-X
108.8800,3.142727,-8.900179,0.000004,DRIVE_LANE,2,NONE,-4.9955,-4.9955,-X
108.8960,3.134735,-8.900179,0.000004,DRIVE_LANE,2,NONE,-4.9955,-4.9955,-X
108.9120,3.126742,-8.900179,0.000004,DRIVE_LANE,2,NONE,-4.9955,-4.9955,-X
108.9280,3.118749,-8.900179,0.000004,DRIVE_LANE,2,NONE,-4.9955,-4.9955,-X
108.9440,3.110756,-8.900179,0.000004,DRIVE_LANE,2,NONE,-4.9955,-4.9955,-X
108.9600,3.102764,-8.900179,0.000004,DRIVE_LANE,2,NONE,-4.9955,-4.9955,-X
108.9760,3.094771,-8.900179,0.000004,DRIVE_LANE,2,NONE,-4.9955,-4.9955,-X
108.9920,3.086778,-8.900179,0.000004,DRIVE_LANE,2,NONE,-4.9955,-4.9955,-X
109.0080,3.078785,-8.900179,0.000004,DRIVE_LANE,2,NONE,-4.9955,-4.9955,-X
109.0240,3.070792,-8.900179,0.000004,DRIVE_LANE,2,NONE,-4.9955,-4.9955,-X
109.0400,3.062800,-8.900179,0.000004,DRIVE_LANE,2,NONE,-4.9955,-4.9955,-X
109.0560,3.054807,-8.900179,0.000004,DRIVE_LANE,2,NONE,-4.9955,-4.9955,-X
109.0720,3.046814,-8.900179,0.000004,DRIVE_LANE,2,NONE,-4.9955,-4.9955,-X
109.0880,3.038821,-8.900179,0.000004,DRIVE_LANE,2,NONE,-4.9955,-4.9955,-X
109.1040,3.030828,-8.900180,0.000004,DRIVE_LANE,2,NONE,-4.9955,-4.9955,-X
109.1200,3.022836,-8.900180,0.000004,DRIVE_LANE,2,NONE,-4.9955,-4.9955,-X
109.1360,3.014843,-8.900180,0.000004,DRIVE_LANE,2,NONE,-4.9955,-4.9955,-X
109.1520,3.006850,-8.900180,0.000004,DRIVE_LANE,2,NONE,-4.9955,-4.9955,-X
109.1680,2.998857,-8.900180,0.000004,DRIVE_LANE,2,NONE,-4.9955,-4.9955,-X
109.1840,2.990865,-8.900180,0.000004,DRIVE_LANE,2,NONE,-4.9955,-4.9955,-X
109.2000,2.982872,-8.900180,0.000004,DRIVE_LANE,2,NONE,-4.9955,-4.9955,-X
109.2160,2.974879,-8.900180,0.000004,DRIVE_LANE,2,NONE,-4.9955,-4.9955,-X
109.2320,2.966886,-8.900180,0.000004,DRIVE_LANE,2,NONE,-4.9955,-4.9955,-X
109.2480,2.958893,-8.900180,0.000004,DRIVE_LANE,2,NONE,-4.9955,-4.9955,-X
109.2640,2.950901,-8.900180,0.000004,DRIVE_LANE,2,NONE,-4.9955,-4.9955,-X
109.2800,2.942908,-8.900180,0.000004,DRIVE_LANE,2,NONE,-4.9955,-4.9955,-X
109.2960,2.934915,-8.900180,0.000004,DRIVE_LANE,2,NONE,-4.9955,-4.9955,-X
109.3120,2.926922,-8.900180,0.000004,DRIVE_LANE,2,NONE,-4.9955,-4.9955,-X
109.3280,2.918930,-8.900180,0.000004,DRIVE_LANE,2,NONE,-4.9955,-4.9955,-X
109.3440,2.910937,-8.900180,0.000004,DRIVE_LANE,2,NONE,-4.9955,-4.9955,-X
109.3600,2.902944,-8.900180,0.000004,DRIVE_LANE,2,NONE,-4.9955,-4.9955,-X
109.3760,2.894951,-8.900180,0.000004,DRIVE_LANE,2,NONE,-4.9955,-4.9955,-X
109.3920,2.886959,-8.900180,0.000004,DRIVE_LANE,2,NONE,-4.9955,-4.9955,-X
109.4080,2.878966,-8.900180,0.000004,DRIVE_LANE,2,NONE,-4.9955,-4.9955,-X
109.4240,2.870973,-8.900180,0.000004,DRIVE_LANE,2,NONE,-4.9955,-4.9955,-X
109.4400,2.862980,-8.900180,0.000004,DRIVE_LANE,2,NONE,-4.9955,-4.9955,-X
109.4560,2.854988,-8.900180,0.000004,DRIVE_LANE,2,NONE,-4.9955,-4.9955,-X
109.4720,2.846995,-8.900180,0.000004,DRIVE_LANE,2,NONE,-4.9955,-4.9955,-X
109.4880,2.839002,-8.900180,0.000004,DRIVE_LANE,2,NONE,-4.9955,-4.9955,-X
109.5040,2.831009,-8.900180,0.000004,DRIVE_LANE,2,NONE,-4.9955,-4.9955,-X
109.5200,2.823016,-8.900180,0.000004,DRIVE_LANE,2,NONE,-4.9955,-4.9955,-X
109.5360,2.815024,-8.900180,0.000004,DRIVE_LANE,2,NONE,-4.9955,-4.9955,-X
109.5520,2.807031,-8.900180,0.000004,DRIVE_LANE,2,NONE,-4.9955,-4.9955,-X
109.5680,2.799038,-8.900180,0.000004,DRIVE_LANE,2,NONE,-4.9955,-4.9955,-X
109.5840,2.791045,-8.900180,0.000004,DRIVE_LANE,2,NONE,-4.9955,-4.9955,-X
109.6000,2.783053,-8.900180,0.000004,DRIVE_LANE,2,NONE,-4.9955,-4.9955,-X
109.6160,2.775060,-8.900181,0.000004,DRIVE_LANE,2,NONE,-4.9955,-4.9955,-X
109.6320,2.767067,-8.900181,0.000004,DRIVE_LANE,2,NONE,-4.9955,-4.9955,-X
109.6480,2.759074,-8.900181,0.000004,DRIVE_LANE,2,NONE,-4.9955,-4.9955,-X
109.6640,2.751082,-8.900181,0.000004,DRIVE_LANE,2,NONE,-4.9955,-4.9955,-X
109.6800,2.743089,-8.900181,0.000004,DRIVE_LANE,2,NONE,-4.9955,-4.9955,-X
109.6960,2.735096,-8.900181,0.000004,DRIVE_LANE,2,NONE,-4.9955,-4.9955,-X
109.7120,2.727104,-8.900181,0.000004,DRIVE_LANE,2,NONE,-4.9955,-4.9955,-X
109.7280,2.719111,-8.900181,0.000004,DRIVE_LANE,2,NONE,-4.9955,-4.9955,-X
109.7440,2.711118,-8.900181,0.000004,DRIVE_LANE,2,NONE,-4.9955,-4.9955,-X
109.7600,2.703125,-8.900181,0.000004,DRIVE_LANE,2,NONE,-4.9955,-4.9955,-X
109.7760,2.695133,-8.900181,0.000004,DRIVE_LANE,2,NONE,-4.9955,-4.9955,-X
109.7920,2.687140,-8.900181,0.000004,DRIVE_LANE,2,NONE,-4.9955,-4.9955,-X
109.8080,2.679147,-8.900181,0.000004,DRIVE_LANE,2,NONE,-4.9955,-4.9955,-X
109.8240,2.671154,-8.900181,0.000004,DRIVE_LANE,2,NONE,-4.9955,-4.9955,-X
109.8400,2.663162,-8.900181,0.000004,DRIVE_LANE,2,NONE,-4.9955,-4.9955,-X
109.8560,2.655169,-8.900181,0.000004,DRIVE_LANE,2,NONE,-4.9955,-4.9955,-X
109.8720,2.647176,-8.900181,0.000004,DRIVE_LANE,2,NONE,-4.9955,-4.9955,-X
109.8880,2.639183,-8.900181,0.000004,DRIVE_LANE,2,NONE,-4.9955,-4.9955,-X
109.9040,2.631191,-8.900181,0.000004,DRIVE_LANE,2,NONE,-4.9955,-4.9955,-X
109.9200,2.623198,-8.900181,0.000004,DRIVE_LANE,2,NONE,-4.9955,-4.9955,-X
109.9360,2.615205,-8.900181,0.000004,DRIVE_LANE,2,NONE,-4.9955,-4.9955,-X
109.9520,2.607212,-8.900181,0.000004,DRIVE_LANE,2,NONE,-4.9938,-4.9971,-X
109.9680,2.599220,-8.900181,-0.000001,DRIVE_LANE,2,NONE,-4.9955,-4.9955,-X
109.9840,2.591227,-8.900181,-0.000001,DRIVE_LANE,2,NONE,-4.9955,-4.9955,-X
110.0000,2.583234,-8.900181,-0.000001,DRIVE_LANE,2,NONE,-4.9955,-4.9955,-X
110.0160,2.575241,-8.900181,-0.000001,DRIVE_LANE,2,NONE,-4.9955,-4.9955,-X
110.0320,2.567249,-8.900181,-0.000001,DRIVE_LANE,2,NONE,-4.9955,-4.9955,-X
110.0480,2.559256,-8.900181,-0.000001,DRIVE_LANE,2,NONE,-4.9955,-4.9955,-X
110.0640,2.551263,-8.900181,-0.000001,DRIVE_LANE,2,NONE,-4.9955,-4.9955,-X
110.0800,2.543270,-8.900181,-0.000001,DRIVE_LANE,2,NONE,-4.9955,-4.9955,-X
110.0960,2.535277,-8.900181,-0.000001,DRIVE_LANE,2,NONE,-4.9955,-4.9955,-X
110.1120,2.527285,-8.900181,-0.000001,DRIVE_LANE,2,NONE,-4.9955,-4.9955,-X
110.1280,2.519292,-8.900181,-0.000001,DRIVE_LANE,2,NONE,-4.9955,-4.9955,-X
110.1440,2.511299,-8.900181,-0.000001,DRIVE_LANE,2,NONE,-4.9955,-4.9955,-X
110.1600,2.503306,-8.900181,-0.000001,DRIVE_LANE,2,NONE,-4.9955,-4.9955,-X
110.1760,2.495313,-8.900181,-0.000001,DRIVE_LANE,2,NONE,-4.9955,-4.9955,-X
110.1920,2.487321,-8.900181,-0.000001,DRIVE_LANE,2,NONE,-4.9955,-4.9955,-X
110.2080,2.479328,-8.900181,-0.000001,DRIVE_LANE,2,NONE,-4.9955,-4.9955,-X
110.2240,2.471335,-8.900181,-0.000001,DRIVE_LANE,2,NONE,-4.9955,-4.9955,-X
110.2400,2.463342,-8.900181,-0.000001,DRIVE_LANE,2,NONE,-4.9955,-4.9955,-X
110.2560,2.455349,-8.900181,-0.000001,DRIVE_LANE,2,NONE,-4.9955,-4.9955,-X
110.2720,2.447356,-8.900181,-0.000001,DRIVE_LANE,2,NONE,-4.9955,-4.9955,-X
110.2880,2.439364,-8.900181,-0.000001,DRIVE_LANE,2,NONE,-4.9955,-4.9955,-X
110.3040,2.431371,-8.900181,-0.000001,DRIVE_LANE,2,NONE,-4.9955,-4.9955,-X
110.3200,2.423378,-8.900181,-0.000001,DRIVE_LANE,2,NONE,-4.9955,-4.9955,-X
110.3360,2.415385,-8.900181,-0.000001,DRIVE_LANE,2,NONE,-4.9955,-4.9955,-X
110.3520,2.407392,-8.900181,-0.000001,DRIVE_LANE,2,NONE,-4.9955,-4.9955,-X
110.3680,2.399400,-8.900181,-0.000001,DRIVE_LANE,2,NONE,-4.9955,-4.9955,-X
110.3840,2.391407,-8.900181,-0.000001,DRIVE_LANE,2,NONE,-4.9955,-4.9955,-X
110.4000,2.383414,-8.900181,-0.000001,DRIVE_LANE,2,NONE,-4.9955,-4.9955,-X
110.4160,2.375421,-8.900181,-0.000001,DRIVE_LANE,2,NONE,-4.9955,-4.9955,-X
110.4320,2.367428,-8.900181,-0.000001,DRIVE_LANE,2,NONE,-4.9955,-4.9955,-X
110.4480,2.359436,-8.900181,-0.000001,DRIVE_LANE,2,NONE,-4.9955,-4.9955,-X
110.4640,2.351443,-8.900181,-0.000001,DRIVE_LANE,2,NONE,-4.9955,-4.9955,-X
110.4800,2.343450,-8.900181,-0.000001,DRIVE_LANE,2,NONE,-4.9955,-4.9955,-X
110.4960,2.335457,-8.900181,-0.000001,DRIVE_LANE,2,NONE,-4.9955,-4.9955,-X
110.5120,2.327464,-8.900181,-0.000001,DRIVE_LANE,2,NONE,-4.9955,-4.9955,-X
110.5280,2.319472,-8.900181,-0.000001,DRIVE_LANE,2,NONE,-4.9955,-4.9955,-X
110.5440,2.311479,-8.900181,-0.000001,DRIVE_LANE,2,NONE,-4.9955,-4.9955,-X
110.5600,2.303486,-8.900181,-0.000001,DRIVE_LANE,2,NONE,-4.9955,-4.9955,-X
110.5760,2.295493,-8.900181,-0.000001,DRIVE_LANE,2,NONE,-4.9955,-4.9955,-X
110.5920,2.287500,-8.900181,-0.000001,DRIVE_LANE,2,NONE,-4.9955,-4.9955,-X
110.6080,2.279507,-8.900181,-0.000001,DRIVE_LANE,2,NONE,-4.9955,-4.9955,-X
110.6240,2.271515,-8.900181,-0.000001,DRIVE_LANE,2,NONE,-4.9955,-4.9955,-X
110.6400,2.263522,-8.900181,-0.000001,DRIVE_LANE,2,NONE,-4.9955,-4.9955,-X
110.6560,2.255529,-8.900181,-0.000001,DRIVE_LANE,2,NONE,-4.9955,-4.9955,-X
110.6720,2.247536,-8.900181,-0.000001,DRIVE_LANE,2,NONE,-4.9955,-4.9955,-X
110.6880,2.239543,-8.900181,-0.000001,DRIVE_LANE,2,NONE,-4.9955,-4.9955,-X
110.7040,2.231551,-8.900181,-0.000001,DRIVE_LANE,2,NONE,-4.9955,-4.9955,-X
110.7200,2.223558,-8.900181,-0.000001,DRIVE_LANE,2,NONE,-4.9955,-4.9955,-X
110.7360,2.215565,-8.900181,-0.000001,DRIVE_LANE,2,NONE,-4.9955,-4.9955,-X
110.7520,2.207572,-8.900181,-0.000001,DRIVE_LANE,2,NONE,-4.9955,-4.9955,-X
110.7680,2.199579,-8.900181,-0.000001,DRIVE_LANE,2,NONE,-4.9955,-4.9955,-X
110.7840,2.191586,-8.900181,-0.000001,DRIVE_LANE,2,NONE,-4.9955,-4.9955,-X
110.8000,2.183594,-8.900181,-0.000001,DRIVE_LANE,2,NONE,-4.9955,-4.9955,-X
110.8160,2.175601,-8.900181,-0.000001,DRIVE_LANE,2,NONE,-4.9955,-4.9955,-X
110.8320,2.167608,-8.900181,-0.000001,DRIVE_LANE,2,NONE,-4.9955,-4.9955,-X
110.8480,2.159615,-8.900181,-0.000001,DRIVE_LANE,2,NONE,-4.9955,-4.9955,-X
110.8640,2.151622,-8.900180,-0.000001,DRIVE_LANE,2,NONE,-4.9955,-4.9955,-X
110.8800,2.143630,-8.900180,-0.000001,DRIVE_LANE,2,NONE,-4.9955,-4.9955,-X
110.8960,2.135637,-8.900180,-0.000001,DRIVE_LANE,2,NONE,-4.9955,-4.9955,-X
110.9120,2.127644,-8.900180,-0.000001,DRIVE_LANE,2,NONE,-4.9955,-4.9955,-X
110.9280,2.119651,-8.900180,-0.000001,DRIVE_LANE,2,NONE,-4.9955,-4.9955,-X
110.9440,2.111658,-8.900180,-0.000001,DRIVE_LANE,2,NONE,-4.9955,-4.9955,-X
110.9600,2.103666,-8.900180,-0.000001,DRIVE_LANE,2,NONE,-4.9955,-4.9955,-X
110.9760,2.095673,-8.900180,-0.000001,DRIVE_LANE,2,NONE,-4.9955,-4.9955,-X
110.9920,2.087680,-8.900180,-0.000001,DRIVE_LANE,2,NONE,-4.9955,-4.9955,-X
111.0080,2.079687,-8.900180,-0.000001,DRIVE_LANE,2,NONE,-4.9955,-4.9955,-X
111.0240,2.071694,-8.900180,-0.000001,DRIVE_LANE,2,NONE,-4.9955,-4.9955,-X
111.0400,2.063701,-8.900180,-0.000001,DRIVE_LANE,2,NONE,-4.9955,-4.9955,-X
111.0560,2.055709,-8.900180,-0.000001,DRIVE_LANE,2,NONE,-4.9955,-4.9955,-X
111.0720,2.047716,-8.900180,-0.000001,DRIVE_LANE,2,NONE,-4.9955,-4.9955,-X
111.0880,2.039723,-8.900180,-0.000001,DRIVE_LANE,2,NONE,-4.9955,-4.9955,-X
111.1040,2.031730,-8.900180,-0.000001,DRIVE_LANE,2,NONE,-4.9955,-4.9955,-X
111.1200,2.023737,-8.900180,-0.000001,DRIVE_LANE,2,NONE,-4.9955,-4.9955,-X
111.1360,2.015745,-8.900180,-0.000001,DRIVE_LANE,2,NONE,-4.9955,-4.9955,-X
111.1520,2.007752,-8.900180,-0.000001,DRIVE_LANE,2,NONE,-4.9955,-4.9955,-X
111.1680,1.999759,-8.900180,-0.000001,DRIVE_LANE,2,NONE,-4.9955,-4.9955,-X
111.1840,1.991766,-8.900180,-0.000001,DRIVE_LANE,2,NONE,-4.9955,-4.9955,-X
111.2000,1.983773,-8.900180,-0.000001,DRIVE_LANE,2,NONE,-4.9955,-4.9955,-X
111.2160,1.975780,-8.900180,-0.000001,DRIVE_LANE,2,NONE,-4.9955,-4.9955,-X
111.2320,1.967788,-8.900180,-0.000001,DRIVE_LANE,2,NONE,-4.9955,-4.9955,-X
111.2480,1.959795,-8.900180,-0.000001,DRIVE_LANE,2,NONE,-4.9955,-4.9955,-X
111.2640,1.951802,-8.900180,-0.000001,DRIVE_LANE,2,NONE,-4.9955,-4.9955,-X
111.2800,1.943809,-8.900180,-0.000001,DRIVE_LANE,2,NONE,-4.9955,-4.9955,-X
111.2960,1.935816,-8.900180,-0.000001,DRIVE_LANE,2,NONE,-4.9955,-4.9955,-X
111.3120,1.927823,-8.900180,-0.000001,DRIVE_LANE,2,NONE,-4.9955,-4.9955,-X
111.3280,1.919831,-8.900180,-0.000001,DRIVE_LANE,2,NONE,-4.9955,-4.9955,-X
111.3440,1.911838,-8.900180,-0.000001,DRIVE_LANE,2,NONE,-4.9955,-4.9955,-X
111.3600,1.903845,-8.900180,-0.000001,DRIVE_LANE,2,NONE,-4.9955,-4.9955,-X
111.3760,1.895852,-8.900180,-0.000001,DRIVE_LANE,2,NONE,-4.9955,-4.9955,-X
111.3920,1.887859,-8.900180,-0.000001,DRIVE_LANE,2,NONE,-4.9955,-4.9955,-X
111.4080,1.879867,-8.900180,-0.000001,DRIVE_LANE,2,NONE,-4.9955,-4.9955,-X
111.4240,1.871874,-8.900180,-0.000001,DRIVE_LANE,2,NONE,-4.9955,-4.9955,-X
111.4400,1.863881,-8.900180,-0.000001,DRIVE_LANE,2,NONE,-4.9955,-4.9955,-X
111.4560,1.855888,-8.900180,-0.000001,DRIVE_LANE,2,NONE,-4.9955,-4.9955,-X
111.4720,1.847895,-8.900180,-0.000001,DRIVE_LANE,2,NONE,-4.9955,-4.9955,-X
111.4880,1.839902,-8.900180,-0.000001,DRIVE_LANE,2,NONE,-4.9955,-4.9955,-X
111.5040,1.831910,-8.900180,-0.000001,DRIVE_LANE,2,NONE,-4.9955,-4.9955,-X
111.5200,1.823917,-8.900180,-0.000001,DRIVE_LANE,2,NONE,-4.9955,-4.9955,-X
111.5360,1.815924,-8.900180,-0.000001,DRIVE_LANE,2,NONE,-4.9955,-4.9955,-X
111.5520,1.807931,-8.900180,-0.000001,DRIVE_LANE,2,NONE,-4.9955,-4.9955,-X
111.5680,1.799938,-8.900180,-0.000001,DRIVE_LANE,2,NONE,-4.9955,-4.9955,-X
111.5840,1.791945,-8.900180,-0.000001,DRIVE_LANE,2,NONE,-4.9955,-4.9955,-X
111.6000,1.783953,-8.900180,-0.000001,DRIVE_LANE,2,NONE,-4.9955,-4.9955,-X
111.6160,1.775960,-8.900180,-0.000001,DRIVE_LANE,2,NONE,-4.9955,-4.9955,-X
111.6320,1.767967,-8.900180,-0.000001,DRIVE_LANE,2,NONE,-4.9955,-4.9955,-X
111.6480,1.759974,-8.900180,-0.000001,DRIVE_LANE,2,NONE,-4.9955,-4.9955,-X
111.6640,1.751981,-8.900180,-0.000001,DRIVE_LANE,2,NONE,-4.9955,-4.9955,-X
111.6800,1.743988,-8.900180,-0.000001,DRIVE_LANE,2,NONE,-4.9955,-4.9955,-X
111.6960,1.735996,-8.900180,-0.000001,DRIVE_LANE,2,NONE,-4.9955,-4.9955,-X
111.7120,1.728003,-8.900180,-0.000001,DRIVE_LANE,2,NONE,-4.9955,-4.9955,-X
111.7280,1.720010,-8.900180,-0.000001,DRIVE_LANE,2,NONE,-4.9955,-4.9955,-X
111.7440,1.712017,-8.900180,-0.000001,DRIVE_LANE,2,NONE,-4.9955,-4.9955,-X
111.7600,1.704024,-8.900180,-0.000001,DRIVE_LANE,2,NONE,-4.9955,-4.9955,-X
111.7760,1.696032,-8.900180,-0.000001,DRIVE_LANE,2,NONE,-4.9955,-4.9955,-X
111.7920,1.688039,-8.900180,-0.000001,DRIVE_LANE,2,NONE,-4.9955,-4.9955,-X
111.8080,1.680046,-8.900180,-0.000001,DRIVE_LANE,2,NONE,-4.9955,-4.9955,-X
111.8240,1.672053,-8.900180,-0.000001,DRIVE_LANE,2,NONE,-4.9955,-4.9955,-X
111.8400,1.664060,-8.900180,-0.000001,DRIVE_LANE,2,NONE,-4.9955,-4.9955,-X
111.8560,1.656067,-8.900180,-0.000001,DRIVE_LANE,2,NONE,-4.9955,-4.9955,-X
111.8720,1.648075,-8.900180,-0.000001,DRIVE_LANE,2,NONE,-4.9955,-4.9955,-X
111.8880,1.640082,-8.900180,-0.000001,DRIVE_LANE,2,NONE,-4.9955,-4.9955,-X
111.9040,1.632089,-8.900180,-0.000001,DRIVE_LANE,2,NONE,-4.9955,-4.9955,-X
111.9200,1.624096,-8.900180,-0.000001,DRIVE_LANE,2,NONE,-4.9955,-4.9955,-X
111.9360,1.616103,-8.900180,-0.000001,DRIVE_LANE,2,NONE,-4.9955,-4.9955,-X
111.9520,1.608110,-8.900180,-0.000001,DRIVE_LANE,2,NONE,-4.9955,-4.9955,-X
111.9680,1.600118,-8.900180,-0.000001,DRIVE_LANE,2,NONE,-4.9955,-4.9955,-X
111.9840,1.592125,-8.900180,-0.000001,DRIVE_LANE,2,NONE,-4.9955,-4.9955,-X
112.0000,1.584132,-8.900180,-0.000001,DRIVE_LANE,2,NONE,-4.9955,-4.9955,-X
112.0160,1.576139,-8.900180,-0.000001,DRIVE_LANE,2,NONE,-4.9955,-4.9955,-X
112.0320,1.568146,-8.900180,-0.000001,DRIVE_LANE,2,NONE,-4.9955,-4.9955,-X
112.0480,1.560153,-8.900180,-0.000001,DRIVE_LANE,2,NONE,-4.9955,-4.9955,-X
112.0640,1.552161,-8.900180,-0.000001,DRIVE_LANE,2,NONE,-4.9955,-4.9955,-X
112.0800,1.544168,-8.900180,-0.000001,DRIVE_LANE,2,NONE,-4.9955,-4.9955,-X
112.0960,1.536175,-8.900180,-0.000001,DRIVE_LANE,2,NONE,-4.9955,-4.9955,-X
112.1120,1.528182,-8.900180,-0.000001,DRIVE_LANE,2,NONE,-4.9955,-4.9955,-X
112.1280,1.520189,-8.900180,-0.000001,DRIVE_LANE,2,NONE,-4.9955,-4.9955,-X
112.1440,1.512196,-8.900180,-0.000001,DRIVE_LANE,2,NONE,-4.9955,-4.9955,-X
112.1600,1.504204,-8.900180,-0.000001,DRIVE_LANE,2,NONE,-4.9955,-4.9955,-X
112.1760,1.496211,-8.900180,-0.000001,DRIVE_LANE,2,NONE,-4.9955,-4.9955,-X
112.1920,1.488218,-8.900180,-0.000001,DRIVE_LANE,2,NONE,-4.9955,-4.9955,-X
112.2080,1.480225,-8.900180,-0.000001,DRIVE_LANE,2,NONE,-4.9955,-4.9955,-X
112.2240,1.472232,-8.900180,-0.000001,DRIVE_LANE,2,NONE,-4.9955,-4.9955,-X
112.2400,1.464239,-8.900180,-0.000001,DRIVE_LANE,2,NONE,-4.9955,-4.9955,-X
112.2560,1.456247,-8.900180,-0.000001,DRIVE_LANE,2,NONE,-4.9955,-4.9955,-X
112.2720,1.448254,-8.900180,-0.000001,DRIVE_LANE,2,NONE,-4.9955,-4.9955,-X
112.2880,1.440261,-8.900180,-0.000001,DRIVE_LANE,2,NONE,-4.9955,-4.9955,-X
112.3040,1.432268,-8.900180,-0.000001,DRIVE_LANE,2,NONE,-4.9955,-4.9955,-X
112.3200,1.424275,-8.900180,-0.000001,DRIVE_LANE,2,NONE,-4.9955,-4.9955,-X
112.3360,1.416282,-8.900180,-0.000001,DRIVE_LANE,2,NONE,-4.9955,-4.9955,-X
112.3520,1.408290,-8.900180,-0.000001,DRIVE_LANE,2,NONE,-4.9955,-4.9955,-X
112.3680,1.400297,-8.900180,-0.000001,DRIVE_LANE,2,NONE,-4.9955,-4.9955,-X
112.3840,1.392304,-8.900180,-0.000001,DRIVE_LANE,2,NONE,-4.9955,-4.9955,-X
112.4000,1.384311,-8.900180,-0.000001,DRIVE_LANE,2,NONE,-4.9955,-4.9955,-X
112.4160,1.376318,-8.900180,-0.000001,DRIVE_LANE,2,NONE,-4.9955,-4.9955,-X
112.4320,1.368325,-8.900180,-0.000001,DRIVE_LANE,2,NONE,-4.9955,-4.9955,-X
112.4480,1.360333,-8.900180,-0.000001,DRIVE_LANE,2,NONE,-4.9955,-4.9955,-X
112.4640,1.352340,-8.900180,-0.000001,DRIVE_LANE,2,NONE,-4.9955,-4.9955,-X
112.4800,1.344347,-8.900180,-0.000001,DRIVE_LANE,2,NONE,-4.9955,-4.9955,-X
112.4960,1.336354,-8.900180,-0.000001,DRIVE_LANE,2,NONE,-4.9955,-4.9955,-X
112.5120,1.328361,-8.900180,-0.000001,DRIVE_LANE,2,NONE,-4.9955,-4.9955,-X
112.5280,1.320368,-8.900180,-0.000001,DRIVE_LANE,2,NONE,-4.9955,-4.9955,-X
112.5440,1.312376,-8.900180,-0.000001,DRIVE_LANE,2,NONE,-4.9955,-4.9955,-X
112.5600,1.304383,-8.900180,-0.000001,DRIVE_LANE,2,NONE,-4.9955,-4.9955,-X
112.5760,1.296390,-8.900180,-0.000001,DRIVE_LANE,2,NONE,-4.9955,-4.9955,-X
112.5920,1.288397,-8.900180,-0.000001,DRIVE_LANE,2,NONE,-4.9955,-4.9955,-X
112.6080,1.280404,-8.900180,-0.000001,DRIVE_LANE,2,NONE,-4.9955,-4.9955,-X
112.6240,1.272411,-8.900180,-0.000001,DRIVE_LANE,2,NONE,-4.9955,-4.9955,-X
112.6400,1.264418,-8.900180,-0.000001,DRIVE_LANE,2,NONE,-4.9955,-4.9955,-X
112.6560,1.256426,-8.900180,-0.000001,DRIVE_LANE,2,NONE,-4.9955,-4.9955,-X
112.6720,1.248433,-8.900180,-0.000001,DRIVE_LANE,2,NONE,-4.9955,-4.9955,-X
112.6880,1.240440,-8.900180,-0.000001,DRIVE_LANE,2,NONE,-4.9955,-4.9955,-X
112.7040,1.232447,-8.900180,-0.000001,DRIVE_LANE,2,NONE,-4.9955,-4.9955,-X
112.7200,1.224454,-8.900180,-0.000001,DRIVE_LANE,2,NONE,-4.9955,-4.9955,-X
112.7360,1.216461,-8.900180,-0.000001,DRIVE_LANE,2,NONE,-4.9955,-4.9955,-X
112.7520,1.208469,-8.900180,-0.000001,DRIVE_LANE,2,NONE,-4.9955,-4.9955,-X
112.7680,1.200476,-8.900180,-0.000001,DRIVE_LANE,2,NONE,-4.9955,-4.9955,-X
112.7840,1.192483,-8.900180,-0.000001,DRIVE_LANE,2,NONE,-4.9955,-4.9955,-X
112.8000,1.184490,-8.900180,-0.000001,DRIVE_LANE,2,NONE,-4.9955,-4.9955,-X
112.8160,1.176497,-8.900180,-0.000001,DRIVE_LANE,2,NONE,-4.9955,-4.9955,-X
112.8320,1.168504,-8.900180,-0.000001,DRIVE_LANE,2,NONE,-4.9955,-4.9955,-X
112.8480,1.160512,-8.900180,-0.000001,DRIVE_LANE,2,NONE,-4.9955,-4.9955,-X
112.8640,1.152519,-8.900180,-0.000001,DRIVE_LANE,2,NONE,-4.9955,-4.9955,-X
112.8800,1.144526,-8.900180,-0.000001,DRIVE_LANE,2,NONE,-4.9955,-4.9955,-X
112.8960,1.136533,-8.900180,-0.000001,DRIVE_LANE,2,NONE,-4.9955,-4.9955,-X
112.9120,1.128540,-8.900180,-0.000001,DRIVE_LANE,2,NONE,-4.9955,-4.9955,-X
112.9280,1.120547,-8.900180,-0.000001,DRIVE_LANE,2,NONE,-4.9955,-4.9955,-X
112.9440,1.112554,-8.900180,-0.000001,DRIVE_LANE,2,NONE,-4.9955,-4.9955,-X
112.9600,1.104562,-8.900180,-0.000001,DRIVE_LANE,2,NONE,-4.9955,-4.9955,-X
112.9760,1.096569,-8.900180,-0.000001,DRIVE_LANE,2,NONE,-4.9955,-4.9955,-X
112.9920,1.088576,-8.900180,-0.000001,DRIVE_LANE,2,NONE,-4.9955,-4.9955,-X
113.0080,1.080583,-8.900180,-0.000001,DRIVE_LANE,2,NONE,-4.9955,-4.9955,-X
113.0240,1.072590,-8.900180,-0.000001,DRIVE_LANE,2,NONE,-4.9955,-4.9955,-X
113.0400,1.064597,-8.900180,-0.000001,DRIVE_LANE,2,NONE,-4.9955,-4.9955,-X
113.0560,1.056605,-8.900180,-0.000001,DRIVE_LANE,2,NONE,-4.9955,-4.9955,-X
113.0720,1.048612,-8.900180,-0.000001,DRIVE_LANE,2,NONE,-4.9955,-4.9955,-X
113.0880,1.040619,-8.900180,-0.000001,DRIVE_LANE,2,NONE,-4.9955,-4.9955,-X
113.1040,1.032626,-8.900180,-0.000001,DRIVE_LANE,2,NONE,-4.9955,-4.9955,-X
113.1200,1.024633,-8.900180,-0.000001,DRIVE_LANE,2,NONE,-4.9955,-4.9955,-X
113.1360,1.016640,-8.900180,-0.000001,DRIVE_LANE,2,NONE,-4.9955,-4.9955,-X
113.1520,1.008647,-8.900180,-0.000001,DRIVE_LANE,2,NONE,-4.9955,-4.9955,-X
113.1680,1.000655,-8.900180,-0.000001,DRIVE_LANE,2,NONE,-4.9955,-4.9955,-X
113.1840,0.992662,-8.900180,-0.000001,DRIVE_LANE,2,NONE,-4.9955,-4.9955,-X
113.2000,0.984669,-8.900180,-0.000001,DRIVE_LANE,2,NONE,-4.9955,-4.9955,-X
113.2160,0.976676,-8.900180,-0.000001,DRIVE_LANE,2,NONE,-4.9955,-4.9955,-X
113.2320,0.968683,-8.900180,-0.000001,DRIVE_LANE,2,NONE,-4.9955,-4.9955,-X
113.2480,0.960690,-8.900179,-0.000001,DRIVE_LANE,2,NONE,-4.9955,-4.9955,-X
113.2640,0.952697,-8.900179,-0.000001,DRIVE_LANE,2,NONE,-4.9955,-4.9955,-X
113.2800,0.944705,-8.900179,-0.000001,DRIVE_LANE,2,NONE,-4.9955,-4.9955,-X
113.2960,0.936712,-8.900179,-0.000001,DRIVE_LANE,2,NONE,-4.9955,-4.9955,-X
113.3120,0.928719,-8.900179,-0.000001,DRIVE_LANE,2,NONE,-4.9955,-4.9955,-X
113.3280,0.920726,-8.900179,-0.000001,DRIVE_LANE,2,NONE,-4.9955,-4.9955,-X
113.3440,0.912733,-8.900179,-0.000001,DRIVE_LANE,2,NONE,-4.9955,-4.9955,-X
113.3600,0.904740,-8.900179,-0.000001,DRIVE_LANE,2,NONE,-4.9955,-4.9955,-X
113.3760,0.896748,-8.900179,-0.000001,DRIVE_LANE,2,NONE,-4.9955,-4.9955,-X
113.3920,0.888755,-8.900179,-0.000001,DRIVE_LANE,2,NONE,-4.9955,-4.9955,-X
113.4080,0.880762,-8.900179,-0.000001,DRIVE_LANE,2,NONE,-4.9955,-4.9955,-X
113.4240,0.872769,-8.900179,-0.000001,DRIVE_LANE,2,NONE,-4.9955,-4.9955,-X
113.4400,0.864776,-8.900179,-0.000001,DRIVE_LANE,2,NONE,-4.9955,-4.9955,-X
113.4560,0.856783,-8.900179,-0.000001,DRIVE_LANE,2,NONE,-4.9955,-4.9955,-X
113.4720,0.848790,-8.900179,-0.000001,DRIVE_LANE,2,NONE,-4.9955,-4.9955,-X
113.4880,0.840798,-8.900179,-0.000001,DRIVE_LANE,2,NONE,-4.9955,-4.9955,-X
113.5040,0.832805,-8.900179,-0.000001,DRIVE_LANE,2,NONE,-4.9955,-4.9955,-X
113.5200,0.824812,-8.900179,-0.000001,DRIVE_LANE,2,NONE,-4.9955,-4.9955,-X
113.5360,0.816819,-8.900179,-0.000001,DRIVE_LANE,2,NONE,-4.9955,-4.9955,-X
113.5520,0.808826,-8.900179,-0.000001,DRIVE_LANE,2,NONE,-4.9955,-4.9955,-X
113.5680,0.800833,-8.900179,-0.000001,DRIVE_LANE,2,NONE,-4.9955,-4.9955,-X
113.5840,0.792840,-8.900179,-0.000001,DRIVE_LANE,2,NONE,-4.9955,-4.9955,-X
113.6000,0.784848,-8.900179,-0.000001,DRIVE_LANE,2,NONE,-4.9955,-4.9955,-X
113.6160,0.776855,-8.900179,-0.000001,DRIVE_LANE,2,NONE,-4.9955,-4.9955,-X
113.6320,0.768862,-8.900179,-0.000001,DRIVE_LANE,2,NONE,-4.9955,-4.9955,-X
113.6480,0.760869,-8.900179,-0.000001,DRIVE_LANE,2,NONE,-4.9955,-4.9955,-X
113.6640,0.752876,-8.900179,-0.000001,DRIVE_LANE,2,NONE,-4.9955,-4.9955,-X
113.6800,0.744883,-8.900179,-0.000001,DRIVE_LANE,2,NONE,-4.9955,-4.9955,-X
113.6960,0.736890,-8.900179,-0.000001,DRIVE_LANE,2,NONE,-4.9955,-4.9955,-X
113.7120,0.728898,-8.900179,-0.000001,DRIVE_LANE,2,NONE,-4.9955,-4.9955,-X
113.7280,0.720905,-8.900179,-0.000001,DRIVE_LANE,2,NONE,-4.9955,-4.9955,-X
113.7440,0.712912,-8.900179,-0.000001,DRIVE_LANE,2,NONE,-4.9955,-4.9955,-X
113.7600,0.704919,-8.900179,-0.000001,DRIVE_LANE,2,NONE,-4.9955,-4.9955,-X
113.7760,0.696926,-8.900179,-0.000001,DRIVE_LANE,2,NONE,-4.9955,-4.9955,-X
113.7920,0.688933,-8.900179,-0.000001,DRIVE_LANE,2,NONE,-4.9955,-4.9955,-X
113.8080,0.680940,-8.900179,-0.000001,DRIVE_LANE,2,NONE,-4.9955,-4.9955,-X
113.8240,0.672948,-8.900179,-0.000001,DRIVE_LANE,2,NONE,-4.9955,-4.9955,-X
113.8400,0.664955,-8.900179,-0.000001,DRIVE_LANE,2,NONE,-4.9955,-4.9955,-X
113.8560,0.656962,-8.900179,-0.000001,DRIVE_LANE,2,NONE,-4.9955,-4.9955,-X
113.8720,0.648969,-8.900179,-0.000001,DRIVE_LANE,2,NONE,-4.9955,-4.9955,-X
113.8880,0.640976,-8.900179,-0.000001,DRIVE_LANE,2,NONE,-4.9955,-4.9955,-X
113.9040,0.632983,-8.900179,-0.000001,DRIVE_LANE,2,NONE,-4.9955,-4.9955,-X
113.9200,0.624990,-8.900179,-0.000001,DRIVE_LANE,2,NONE,-4.9955,-4.9955,-X
113.9360,0.616998,-8.900179,-0.000001,DRIVE_LANE,2,NONE,-4.9955,-4.9955,-X
113.9520,0.609005,-8.900179,-0.000001,DRIVE_LANE,2,NONE,-4.9955,-4.9955,-X
113.9680,0.601012,-8.900179,-0.000001,DRIVE_LANE,2,NONE,-4.9955,-4.9955,-X
113.9840,0.593019,-8.900179,-0.000001,DRIVE_LANE,2,NONE,-4.9955,-4.9955,-X
114.0000,0.585026,-8.900179,-0.000001,DRIVE_LANE,2,NONE,-4.9955,-4.9955,-X
114.0160,0.577033,-8.900179,-0.000001,DRIVE_LANE,2,NONE,-4.9955,-4.9955,-X
114.0320,0.569040,-8.900179,-0.000001,DRIVE_LANE,2,NONE,-4.9955,-4.9955,-X
114.0480,0.561048,-8.900179,-0.000001,DRIVE_LANE,2,NONE,-4.9955,-4.9955,-X
114.0640,0.553055,-8.900179,-0.000001,DRIVE_LANE,2,NONE,-4.9955,-4.9955,-X
114.0800,0.545062,-8.900179,-0.000001,DRIVE_LANE,2,NONE,-4.9955,-4.9955,-X
114.0960,0.537069,-8.900179,-0.000001,DRIVE_LANE,2,NONE,-4.9955,-4.9955,-X
114.1120,0.529076,-8.900179,-0.000001,DRIVE_LANE,2,NONE,-4.9955,-4.9955,-X
114.1280,0.521083,-8.900179,-0.000001,DRIVE_LANE,2,NONE,-4.9955,-4.9955,-X
114.1440,0.513090,-8.900179,-0.000001,DRIVE_LANE,2,NONE,-4.9955,-4.9955,-X
114.1600,0.505098,-8.900179,-0.000001,DRIVE_LANE,2,NONE,-4.9955,-4.9955,-X
114.1760,0.497105,-8.900179,-0.000001,DRIVE_LANE,2,NONE,-4.9955,-4.9955,-X
114.1920,0.489112,-8.900179,-0.000001,DRIVE_LANE,2,NONE,-4.9955,-4.9955,-X
114.2080,0.481119,-8.900179,-0.000001,DRIVE_LANE,2,NONE,-4.9955,-4.9955,-X
114.2240,0.473126,-8.900179,-0.000001,DRIVE_LANE,2,NONE,-4.9955,-4.9955,-X
114.2400,0.465133,-8.900179,-0.000001,DRIVE_LANE,2,NONE,-4.9955,-4.9955,-X
114.2560,0.457140,-8.900179,-0.000001,DRIVE_LANE,2,NONE,-4.9955,-4.9955,-X
114.2720,0.449148,-8.900179,-0.000001,DRIVE_LANE,2,NONE,-4.9955,-4.9955,-X
114.2880,0.441155,-8.900179,-0.000001,DRIVE_LANE,2,NONE,-4.9955,-4.9955,-X
114.3040,0.433162,-8.900179,-0.000001,DRIVE_LANE,2,NONE,-4.9955,-4.9955,-X
114.3200,0.425169,-8.900179,-0.000001,DRIVE_LANE,2,NONE,-4.9955,-4.9955,-X
114.3360,0.417176,-8.900179,-0.000001,DRIVE_LANE,2,NONE,-4.9955,-4.9955,-X
114.3520,0.409183,-8.900179,-0.000001,DRIVE_LANE,2,NONE,-4.9955,-4.9955,-X
114.3680,0.401190,-8.900179,-0.000001,DRIVE_LANE,2,NONE,-4.9955,-4.9955,-X
114.3840,0.393197,-8.900179,-0.000001,DRIVE_LANE,2,NONE,-4.9955,-4.9955,-X
114.4000,0.385205,-8.900179,-0.000001,DRIVE_LANE,2,NONE,-4.9955,-4.9955,-X
114.4160,0.377212,-8.900179,-0.000001,DRIVE_LANE,2,NONE,-4.9955,-4.9955,-X
114.4320,0.369219,-8.900179,-0.000001,DRIVE_LANE,2,NONE,-4.9955,-4.9955,-X
114.4480,0.361226,-8.900179,-0.000001,DRIVE_LANE,2,NONE,-4.9955,-4.9955,-X
114.4640,0.353233,-8.900179,-0.000001,DRIVE_LANE,2,NONE,-4.9955,-4.9955,-X
114.4800,0.345240,-8.900179,-0.000001,DRIVE_LANE,2,NONE,-4.9955,-4.9955,-X
114.4960,0.337247,-8.900179,-0.000001,DRIVE_LANE,2,NONE,-4.9955,-4.9955,-X
114.5120,0.329255,-8.900179,-0.000001,DRIVE_LANE,2,NONE,-4.9955,-4.9955,-X
114.5280,0.321262,-8.900179,-0.000001,DRIVE_LANE,2,NONE,-4.9955,-4.9955,-X
114.5440,0.313269,-8.900179,-0.000001,DRIVE_LANE,2,NONE,-4.9955,-4.9955,-X
114.5600,0.305276,-8.900179,-0.000001,DRIVE_LANE,2,NONE,-4.9955,-4.9955,-X
114.5760,0.297283,-8.900179,-0.000001,DRIVE_LANE,2,NONE,-4.9955,-4.9955,-X
114.5920,0.289290,-8.900179,-0.000001,DRIVE_LANE,2,NONE,-4.9955,-4.9955,-X
114.6080,0.281297,-8.900179,-0.000001,DRIVE_LANE,2,NONE,-4.9955,-4.9955,-X
114.6240,0.273305,-8.900179,-0.000001,DRIVE_LANE,2,NONE,-4.9955,-4.9955,-X
114.6400,0.265312,-8.900179,-0.000001,DRIVE_LANE,2,NONE,-4.9955,-4.9955,-X
114.6560,0.257319,-8.900179,-0.000001,DRIVE_LANE,2,NONE,-4.9955,-4.9955,-X
114.6720,0.249326,-8.900179,-0.000001,DRIVE_LANE,2,NONE,-4.9955,-4.9955,-X
114.6880,0.241333,-8.900179,-0.000001,DRIVE_LANE,2,NONE,-4.9955,-4.9955,-X
114.7040,0.233340,-8.900179,-0.000001,DRIVE_LANE,2,NONE,-4.9955,-4.9955,-X
114.7200,0.225347,-8.900179,-0.000001,DRIVE_LANE,2,NONE,-4.9955,-4.9955,-X
114.7360,0.217354,-8.900179,-0.000001,DRIVE_LANE,2,NONE,-4.9955,-4.9955,-X
114.7520,0.209362,-8.900179,-0.000001,DRIVE_LANE,2,NONE,-4.9955,-4.9955,-X
114.7680,0.201369,-8.900179,-0.000001,DRIVE_LANE,2,NONE,-4.9955,-4.9955,-X
114.7840,0.193376,-8.900179,-0.000001,DRIVE_LANE,2,NONE,-4.9955,-4.9955,-X
114.8000,0.185383,-8.900179,-0.000001,DRIVE_LANE,2,NONE,-4.9955,-4.9955,-X
114.8160,0.177390,-8.900179,-0.000001,DRIVE_LANE,2,NONE,-4.9955,-4.9955,-X
114.8320,0.169397,-8.900179,-0.000001,DRIVE_LANE,2,NONE,-4.9955,-4.9955,-X
114.8480,0.161404,-8.900179,-0.000001,DRIVE_LANE,2,NONE,-4.9955,-4.9955,-X
114.8640,0.153411,-8.900179,-0.000001,DRIVE_LANE,2,NONE,-4.9955,-4.9955,-X
114.8800,0.145419,-8.900179,-0.000001,DRIVE_LANE,2,NONE,-4.9955,-4.9955,-X
114.8960,0.137426,-8.900179,-0.000001,DRIVE_LANE,2,NONE,-4.9955,-4.9955,-X
114.9120,0.129433,-8.900179,-0.000001,DRIVE_LANE,2,NONE,-4.9955,-4.9955,-X
114.9280,0.121440,-8.900179,-0.000001,DRIVE_LANE,2,NONE,-4.9955,-4.9955,-X
114.9440,0.113447,-8.900179,-0.000001,DRIVE_LANE,2,NONE,-4.9955,-4.9955,-X
114.9600,0.105454,-8.900179,-0.000001,DRIVE_LANE,2,NONE,-4.9955,-4.9955,-X
114.9760,0.097461,-8.900179,-0.000001,DRIVE_LANE,2,NONE,-4.9955,-4.9955,-X
114.9920,0.089468,-8.900179,-0.000001,DRIVE_LANE,2,NONE,-4.9955,-4.9955,-X
115.0080,0.081476,-8.900179,-0.000001,DRIVE_LANE,2,NONE,-4.9955,-4.9955,-X
115.0240,0.073483,-8.900179,-0.000001,DRIVE_LANE,2,NONE,-4.9955,-4.9955,-X
115.0400,0.065490,-8.900179,-0.000001,DRIVE_LANE,2,NONE,-4.9955,-4.9955,-X
115.0560,0.057497,-8.900179,-0.000001,DRIVE_LANE,2,NONE,-4.9955,-4.9955,-X
115.0720,0.049504,-8.900179,-0.000001,DRIVE_LANE,2,NONE,-4.9955,-4.9955,-X
115.0880,0.041511,-8.900179,-0.000001,DRIVE_LANE,2,NONE,-4.9955,-4.9955,-X
115.1040,0.033518,-8.900179,-0.000001,DRIVE_LANE,2,NONE,-4.9955,-4.9955,-X
115.1200,0.025525,-8.900179,-0.000001,DRIVE_LANE,2,NONE,-4.9955,-4.9955,-X
115.1360,0.017533,-8.900179,-0.000001,DRIVE_LANE,2,NONE,-4.9955,-4.9955,-X
115.1520,0.009540,-8.900179,-0.000001,DRIVE_LANE,2,NONE,-4.9955,-4.9955,-X
115.1680,0.001547,-8.900179,-0.000001,DRIVE_LANE,2,NONE,-4.9955,-4.9955,-X
115.1840,-0.006446,-8.900179,-0.000001,DRIVE_LANE,2,NONE,-4.9955,-4.9955,-X
115.2000,-0.014439,-8.900179,-0.000001,DRIVE_LANE,2,NONE,-4.9955,-4.9955,-X
115.2160,-0.022432,-8.900179,-0.000001,DRIVE_LANE,2,NONE,-4.9955,-4.9955,-X
115.2320,-0.030425,-8.900179,-0.000001,DRIVE_LANE,2,NONE,-4.9955,-4.9955,-X
115.2480,-0.038418,-8.900179,-0.000001,DRIVE_LANE,2,NONE,-4.9955,-4.9955,-X
115.2640,-0.046410,-8.900179,-0.000001,DRIVE_LANE,2,NONE,-4.9955,-4.9955,-X
115.2800,-0.054403,-8.900179,-0.000001,DRIVE_LANE,2,NONE,-4.9955,-4.9955,-X
115.2960,-0.062396,-8.900179,-0.000001,DRIVE_LANE,2,NONE,-4.9955,-4.9955,-X
115.3120,-0.070389,-8.900179,-0.000001,DRIVE_LANE,2,NONE,-4.9955,-4.9955,-X
115.3280,-0.078382,-8.900179,-0.000001,DRIVE_LANE,2,NONE,-4.9955,-4.9955,-X
115.3440,-0.086375,-8.900179,-0.000001,DRIVE_LANE,2,NONE,-4.9955,-4.9955,-X
115.3600,-0.094368,-8.900179,-0.000001,DRIVE_LANE,2,NONE,-4.9955,-4.9955,-X
115.3760,-0.102361,-8.900179,-0.000001,DRIVE_LANE,2,NONE,-4.9955,-4.9955,-X
115.3920,-0.110353,-8.900179,-0.000001,DRIVE_LANE,2,NONE,-4.9955,-4.9955,-X
115.4080,-0.118346,-8.900179,-0.000001,DRIVE_LANE,2,NONE,-4.9955,-4.9955,-X
115.4240,-0.126339,-8.900179,-0.000001,DRIVE_LANE,2,NONE,-4.9955,-4.9955,-X
115.4400,-0.134332,-8.900179,-0.000001,DRIVE_LANE,2,NONE,-4.9955,-4.9955,-X
115.4560,-0.142325,-8.900179,-0.000001,DRIVE_LANE,2,NONE,-4.9955,-4.9955,-X
115.4720,-0.150318,-8.900179,-0.000001,DRIVE_LANE,2,NONE,-4.9956,-4.9956,-X
115.4880,-0.158311,-8.900179,-0.000001,DRIVE_LANE,2,NONE,-4.9956,-4.9956,-X
115.5040,-0.166304,-8.900179,-0.000001,DRIVE_LANE,2,NONE,-4.9956,-4.9956,-X
115.5200,-0.174296,-8.900179,-0.000001,DRIVE_LANE,2,NONE,-4.9956,-4.9956,-X
115.5360,-0.182289,-8.900179,-0.000001,DRIVE_LANE,2,NONE,-4.9956,-4.9956,-X
115.5520,-0.190282,-8.900179,-0.000001,DRIVE_LANE,2,NONE,-4.9956,-4.9956,-X
115.5680,-0.198275,-8.900179,-0.000001,DRIVE_LANE,2,NONE,-4.9956,-4.9956,-X
115.5840,-0.206268,-8.900179,-0.000001,DRIVE_LANE,2,NONE,-4.9956,-4.9956,-X
115.6000,-0.214261,-8.900179,-0.000001,DRIVE_LANE,2,NONE,-4.9956,-4.9956,-X
115.6160,-0.222254,-8.900179,-0.000001,DRIVE_LANE,2,NONE,-4.9956,-4.9956,-X
115.6320,-0.230247,-8.900178,-0.000001,DRIVE_LANE,2,NONE,-4.9956,-4.9956,-X
115.6480,-0.238240,-8.900178,-0.000001,DRIVE_LANE,2,NONE,-4.9956,-4.9956,-X
115.6640,-0.246232,-8.900178,-0.000001,DRIVE_LANE,2,NONE,-4.9956,-4.9956,-X
115.6800,-0.254225,-8.900178,-0.000001,DRIVE_LANE,2,NONE,-4.9956,-4.9956,-X
115.6960,-0.262218,-8.900178,-0.000001,DRIVE_LANE,2,NONE,-4.9956,-4.9956,-X
115.7120,-0.270211,-8.900178,-0.000001,DRIVE_LANE,2,NONE,-4.9956,-4.9956,-X
115.7280,-0.278204,-8.900178,-0.000001,DRIVE_LANE,2,NONE,-4.9956,-4.9956,-X
115.7440,-0.286197,-8.900178,-0.000001,DRIVE_LANE,2,NONE,-4.9956,-4.9956,-X
115.7600,-0.294190,-8.900178,-0.000001,DRIVE_LANE,2,NONE,-4.9956,-4.9956,-X
115.7760,-0.302183,-8.900178,-0.000001,DRIVE_LANE,2,NONE,-4.9956,-4.9956,-X
115.7920,-0.310175,-8.900178,-0.000001,DRIVE_LANE,2,NONE,-4.9956,-4.9956,-X
115.8080,-0.318168,-8.900178,-0.000001,DRIVE_LANE,2,NONE,-4.9956,-4.9956,-X
115.8240,-0.326161,-8.900178,-0.000001,DRIVE_LANE,2,NONE,-4.9956,-4.9956,-X
115.8400,-0.334154,-8.900178,-0.000001,DRIVE_LANE,2,NONE,-4.9956,-4.9956,-X
115.8560,-0.342147,-8.900178,-0.000001,DRIVE_LANE,2,NONE,-4.9956,-4.9956,-X
115.8720,-0.350140,-8.900178,-0.000001,DRIVE_LANE,2,NONE,-4.9956,-4.9956,-X
115.8880,-0.358133,-8.900178,-0.000001,DRIVE_LANE,2,NONE,-4.9956,-4.9956,-X
115.9040,-0.366126,-8.900178,-0.000001,DRIVE_LANE,2,NONE,-4.9956,-4.9956,-X
115.9200,-0.374119,-8.900178,-0.000001,DRIVE_LANE,2,NONE,-4.9956,-4.9956,-X
115.9360,-0.382111,-8.900178,-0.000001,DRIVE_LANE,2,NONE,-4.9956,-4.9956,-X
115.9520,-0.390104,-8.900178,-0.000001,DRIVE_LANE,2,NONE,-4.9956,-4.9956,-X
115.9680,-0.398097,-8.900178,-0.000001,DRIVE_LANE,2,NONE,-4.9956,-4.9956,-X
115.9840,-0.406090,-8.900178,-0.000001,DRIVE_LANE,2,NONE,-4.9956,-4.9956,-X
116.0000,-0.414083,-8.900178,-0.000001,DRIVE_LANE,2,NONE,-4.9956,-4.9956,-X
116.0160,-0.422076,-8.900178,-0.000001,DRIVE_LANE,2,NONE,-4.9956,-4.9956,-X
116.0320,-0.430069,-8.900178,-0.000001,DRIVE_LANE,2,NONE,-4.9956,-4.9956,-X
116.0480,-0.438062,-8.900178,-0.000001,DRIVE_LANE,2,NONE,-4.9956,-4.9956,-X
116.0640,-0.446055,-8.900178,-0.000001,DRIVE_LANE,2,NONE,-4.9956,-4.9956,-X
116.0800,-0.454047,-8.900178,-0.000001,DRIVE_LANE,2,NONE,-4.9956,-4.9956,-X
116.0960,-0.462040,-8.900178,-0.000001,DRIVE_LANE,2,NONE,-4.9956,-4.9956,-X
116.1120,-0.470033,-8.900178,-0.000001,DRIVE_LANE,2,NONE,-4.9956,-4.9956,-X
116.1280,-0.478026,-8.900178,-0.000001,DRIVE_LANE,2,NONE,-4.9956,-4.9956,-X
116.1440,-0.486019,-8.900178,-0.000001,DRIVE_LANE,2,NONE,-4.9956,-4.9956,-X
116.1600,-0.494012,-8.900178,-0.000001,DRIVE_LANE,2,NONE,-4.9956,-4.9956,-X
116.1760,-0.502005,-8.900178,-0.000001,DRIVE_LANE,2,NONE,-4.9956,-4.9956,-X
116.1920,-0.509998,-8.900178,-0.000001,DRIVE_LANE,2,NONE,-4.9956,-4.9956,-X
116.2080,-0.517991,-8.900178,-0.000001,DRIVE_LANE,2,NONE,-4.9956,-4.9956,-X
116.2240,-0.525983,-8.900178,-0.000001,DRIVE_LANE,2,NONE,-4.9956,-4.9956,-X
116.2400,-0.533976,-8.900178,-0.000001,DRIVE_LANE,2,NONE,-4.9956,-4.9956,-X
116.2560,-0.541969,-8.900178,-0.000001,DRIVE_LANE,2,NONE,-4.9956,-4.9956,-X
116.2720,-0.549962,-8.900178,-0.000001,DRIVE_LANE,2,NONE,-4.9956,-4.9956,-X
116.2880,-0.557955,-8.900178,-0.000001,DRIVE_LANE,2,NONE,-4.9956,-4.9956,-X
116.3040,-0.565948,-8.900178,-0.000001,DRIVE_LANE,2,NONE,-4.9956,-4.9956,-X
116.3200,-0.573941,-8.900178,-0.000001,DRIVE_LANE,2,NONE,-4.9956,-4.9956,-X
116.3360,-0.581934,-8.900178,-0.000001,DRIVE_LANE,2,NONE,-4.9956,-4.9956,-X
116.3520,-0.589927,-8.900178,-0.000001,DRIVE_LANE,2,NONE,-4.9956,-4.9956,-X
116.3680,-0.597919,-8.900178,-0.000001,DRIVE_LANE,2,NONE,-4.9956,-4.9956,-X
116.3840,-0.605912,-8.900178,-0.000001,DRIVE_LANE,2,NONE,-4.9956,-4.9956,-X
116.4000,-0.613905,-8.900178,-0.000001,DRIVE_LANE,2,NONE,-4.9956,-4.9956,-X
116.4160,-0.621898,-8.900178,-0.000001,DRIVE_LANE,2,NONE,-4.9956,-4.9956,-X
116.4320,-0.629891,-8.900178,-0.000001,DRIVE_LANE,2,NONE,-4.9956,-4.9956,-X
116.4480,-0.637884,-8.900178,-0.000001,DRIVE_LANE,2,NONE,-4.9956,-4.9956,-X
116.4640,-0.645877,-8.900178,-0.000001,DRIVE_LANE,2,NONE,-4.9956,-4.9956,-X
116.4800,-0.653870,-8.900178,-0.000001,DRIVE_LANE,2,NONE,-4.9956,-4.9956,-X
116.4960,-0.661863,-8.900178,-0.000001,DRIVE_LANE,2,NONE,-4.9956,-4.9956,-X
116.5120,-0.669855,-8.900178,-0.000001,DRIVE_LANE,2,NONE,-4.9956,-4.9956,-X
116.5280,-0.677848,-8.900178,-0.000001,DRIVE_LANE,2,NONE,-4.9956,-4.9956,-X
116.5440,-0.685841,-8.900178,-0.000001,DRIVE_LANE,2,NONE,-4.9956,-4.9956,-X
116.5600,-0.693834,-8.900178,-0.000001,DRIVE_LANE,2,NONE,-4.9956,-4.9956,-X
116.5760,-0.701827,-8.900178,-0.000001,DRIVE_LANE,2,NONE,-4.9956,-4.9956,-X
116.5920,-0.709820,-8.900178,-0.000001,DRIVE_LANE,2,NONE,-4.9956,-4.9956,-X
116.6080,-0.717813,-8.900178,-0.000001,DRIVE_LANE,2,NONE,-4.9956,-4.9956,-X
116.6240,-0.725806,-8.900178,-0.000001,DRIVE_LANE,2,NONE,-4.9956,-4.9956,-X
116.6400,-0.733799,-8.900178,-0.000001,DRIVE_LANE,2,NONE,-4.9956,-4.9956,-X
116.6560,-0.741792,-8.900178,-0.000001,DRIVE_LANE,2,NONE,-4.9956,-4.9956,-X
116.6720,-0.749784,-8.900178,-0.000001,DRIVE_LANE,2,NONE,-4.9956,-4.9956,-X
116.6880,-0.757777,-8.900178,-0.000001,DRIVE_LANE,2,NONE,-4.9956,-4.9956,-X
116.7040,-0.765770,-8.900178,-0.000001,DRIVE_LANE,2,NONE,-4.9956,-4.9956,-X
116.7200,-0.773763,-8.900178,-0.000001,DRIVE_LANE,2,NONE,-4.9956,-4.9956,-X
116.7360,-0.781756,-8.900178,-0.000001,DRIVE_LANE,2,NONE,-4.9956,-4.9956,-X
116.7520,-0.789749,-8.900178,-0.000001,DRIVE_LANE,2,NONE,-4.9956,-4.9956,-X
116.7680,-0.797742,-8.900178,-0.000001,DRIVE_LANE,2,NONE,-4.9956,-4.9956,-X
116.7840,-0.805735,-8.900178,-0.000001,DRIVE_LANE,2,NONE,-4.9956,-4.9956,-X
116.8000,-0.813728,-8.900178,-0.000001,DRIVE_LANE,2,NONE,-4.9956,-4.9956,-X
116.8160,-0.821720,-8.900178,-0.000001,DRIVE_LANE,2,NONE,-4.9956,-4.9956,-X
116.8320,-0.829713,-8.900178,-0.000001,DRIVE_LANE,2,NONE,-4.9956,-4.9956,-X
116.8480,-0.837706,-8.900178,-0.000001,DRIVE_LANE,2,NONE,-4.9956,-4.9956,-X
116.8640,-0.845699,-8.900178,-0.000001,DRIVE_LANE,2,NONE,-4.9956,-4.9956,-X
116.8800,-0.853692,-8.900178,-0.000001,DRIVE_LANE,2,NONE,-4.9956,-4.9956,-X
116.8960,-0.861685,-8.900178,-0.000001,DRIVE_LANE,2,NONE,-4.9956,-4.9956,-X
116.9120,-0.869678,-8.900178,-0.000001,DRIVE_LANE,2,NONE,-4.9956,-4.9956,-X
116.9280,-0.877671,-8.900178,-0.000001,DRIVE_LANE,2,NONE,-4.9956,-4.9956,-X
116.9440,-0.885664,-8.900178,-0.000001,DRIVE_LANE,2,NONE,-4.9956,-4.9956,-X
116.9600,-0.893657,-8.900178,-0.000001,DRIVE_LANE,2,NONE,-4.9956,-4.9956,-X
116.9760,-0.901649,-8.900178,-0.000001,DRIVE_LANE,2,NONE,-4.9956,-4.9956,-X
116.9920,-0.909642,-8.900178,-0.000001,DRIVE_LANE,2,NONE,-4.9956,-4.9956,-X
117.0080,-0.917635,-8.900178,-0.000001,DRIVE_LANE,2,NONE,-4.9956,-4.9956,-X
117.0240,-0.925628,-8.900178,-0.000001,DRIVE_LANE,2,NONE,-4.9956,-4.9956,-X
117.0400,-0.933621,-8.900178,-0.000001,DRIVE_LANE,2,NONE,-4.9956,-4.9956,-X
117.0560,-0.941614,-8.900178,-0.000001,DRIVE_LANE,2,NONE,-4.9956,-4.9956,-X
117.0720,-0.949607,-8.900178,-0.000001,DRIVE_LANE,2,NONE,-4.9956,-4.9956,-X
117.0880,-0.957600,-8.900178,-0.000001,DRIVE_LANE,2,NONE,-4.9956,-4.9956,-X
117.1040,-0.965593,-8.900178,-0.000001,DRIVE_LANE,2,NONE,-4.9956,-4.9956,-X
117.1200,-0.973586,-8.900178,-0.000001,DRIVE_LANE,2,NONE,-4.9956,-4.9956,-X
117.1360,-0.981578,-8.900178,-0.000001,DRIVE_LANE,2,NONE,-4.9956,-4.9956,-X
117.1520,-0.989571,-8.900178,-0.000001,DRIVE_LANE,2,NONE,-4.9956,-4.9956,-X
117.1680,-0.997564,-8.900178,-0.000001,DRIVE_LANE,2,NONE,-4.9956,-4.9956,-X
117.1840,-1.005557,-8.900178,-0.000001,DRIVE_LANE,2,NONE,-4.9956,-4.9956,-X
117.2000,-1.013550,-8.900178,-0.000001,DRIVE_LANE,2,NONE,-4.9956,-4.9956,-X
117.2160,-1.021543,-8.900178,-0.000001,DRIVE_LANE,2,NONE,-4.9956,-4.9956,-X
117.2320,-1.029536,-8.900178,-0.000001,DRIVE_LANE,2,NONE,-4.9956,-4.9956,-X
117.2480,-1.037529,-8.900178,-0.000001,DRIVE_LANE,2,NONE,-4.9956,-4.9956,-X
117.2640,-1.045522,-8.900178,-0.000001,DRIVE_LANE,2,NONE,-4.9956,-4.9956,-X
117.2800,-1.053515,-8.900178,-0.000001,DRIVE_LANE,2,NONE,-4.9956,-4.9956,-X
117.2960,-1.061508,-8.900178,-0.000001,DRIVE_LANE,2,NONE,-4.9956,-4.9956,-X
117.3120,-1.069500,-8.900178,-0.000001,DRIVE_LANE,2,NONE,-4.9956,-4.9956,-X
117.3280,-1.077493,-8.900178,-0.000001,DRIVE_LANE,2,NONE,-4.9956,-4.9956,-X
117.3440,-1.085486,-8.900178,-0.000001,DRIVE_LANE,2,NONE,-4.9956,-4.9956,-X
117.3600,-1.093479,-8.900178,-0.000001,DRIVE_LANE,2,NONE,-4.9956,-4.9956,-X
117.3760,-1.101472,-8.900178,-0.000001,DRIVE_LANE,2,NONE,-4.9956,-4.9956,-X
117.3920,-1.109465,-8.900178,-0.000001,DRIVE_LANE,2,NONE,-4.9956,-4.9956,-X
117.4080,-1.117458,-8.900178,-0.000001,DRIVE_LANE,2,NONE,-4.9956,-4.9956,-X
117.4240,-1.125451,-8.900178,-0.000001,DRIVE_LANE,2,NONE,-4.9956,-4.9956,-X
117.4400,-1.133444,-8.900178,-0.000001,DRIVE_LANE,2,NONE,-4.9956,-4.9956,-X
117.4560,-1.141437,-8.900178,-0.000001,DRIVE_LANE,2,NONE,-4.9956,-4.9956,-X
117.4720,-1.149429,-8.900178,-0.000001,DRIVE_LANE,2,NONE,-4.9956,-4.9956,-X
117.4880,-1.157422,-8.900178,-0.000001,DRIVE_LANE,2,NONE,-4.9956,-4.9956,-X
117.5040,-1.165415,-8.900178,-0.000001,DRIVE_LANE,2,NONE,-4.9956,-4.9956,-X
117.5200,-1.173408,-8.900178,-0.000001,DRIVE_LANE,2,NONE,-4.9956,-4.9956,-X
117.5360,-1.181401,-8.900178,-0.000001,DRIVE_LANE,2,NONE,-4.9956,-4.9956,-X
117.5520,-1.189394,-8.900178,-0.000001,DRIVE_LANE,2,NONE,-4.9956,-4.9956,-X
117.5680,-1.197387,-8.900178,-0.000001,DRIVE_LANE,2,NONE,-4.9956,-4.9956,-X
117.5840,-1.205380,-8.900178,-0.000001,DRIVE_LANE,2,NONE,-4.9956,-4.9956,-X
117.6000,-1.213373,-8.900178,-0.000001,DRIVE_LANE,2,NONE,-4.9956,-4.9956,-X
117.6160,-1.221366,-8.900178,-0.000001,DRIVE_LANE,2,NONE,-4.9956,-4.9956,-X
117.6320,-1.229359,-8.900178,-0.000001,DRIVE_LANE,2,NONE,-4.9956,-4.9956,-X
117.6480,-1.237351,-8.900178,-0.000001,DRIVE_LANE,2,NONE,-4.9956,-4.9956,-X
117.6640,-1.245344,-8.900178,-0.000001,DRIVE_LANE,2,NONE,-4.9956,-4.9956,-X
117.6800,-1.253337,-8.900178,-0.000001,DRIVE_LANE,2,NONE,-4.9956,-4.9956,-X
117.6960,-1.261330,-8.900178,-0.000001,DRIVE_LANE,2,NONE,-4.9956,-4.9956,-X
117.7120,-1.269323,-8.900178,-0.000001,DRIVE_LANE,2,NONE,-4.9956,-4.9956,-X
117.7280,-1.277316,-8.900178,-0.000001,DRIVE_LANE,2,NONE,-4.9956,-4.9956,-X
117.7440,-1.285309,-8.900178,-0.000001,DRIVE_LANE,2,NONE,-4.9956,-4.9956,-X
117.7600,-1.293302,-8.900178,-0.000001,DRIVE_LANE,2,NONE,-4.9956,-4.9956,-X
117.7760,-1.301295,-8.900178,-0.000001,DRIVE_LANE,2,NONE,-4.9956,-4.9956,-X
117.7920,-1.309288,-8.900178,-0.000001,DRIVE_LANE,2,NONE,-4.9956,-4.9956,-X
117.8080,-1.317281,-8.900178,-0.000001,DRIVE_LANE,2,NONE,-4.9956,-4.9956,-X
117.8240,-1.325274,-8.900178,-0.000001,DRIVE_LANE,2,NONE,-4.9956,-4.9956,-X
117.8400,-1.333266,-8.900178,-0.000001,DRIVE_LANE,2,NONE,-4.9956,-4.9956,-X
117.8560,-1.341259,-8.900178,-0.000001,DRIVE_LANE,2,NONE,-4.9956,-4.9956,-X
117.8720,-1.349252,-8.900178,-0.000001,DRIVE_LANE,2,NONE,-4.9956,-4.9956,-X
117.8880,-1.357245,-8.900178,-0.000001,DRIVE_LANE,2,NONE,-4.9956,-4.9956,-X
117.9040,-1.365238,-8.900178,-0.000001,DRIVE_LANE,2,NONE,-4.9956,-4.9956,-X
117.9200,-1.373231,-8.900178,-0.000001,DRIVE_LANE,2,NONE,-4.9956,-4.9956,-X
117.9360,-1.381224,-8.900178,-0.000001,DRIVE_LANE,2,NONE,-4.9956,-4.9956,-X
117.9520,-1.389217,-8.900178,-0.000001,DRIVE_LANE,2,NONE,-4.9956,-4.9956,-X
117.9680,-1.397210,-8.900178,-0.000001,DRIVE_LANE,2,NONE,-4.9956,-4.9956,-X
117.9840,-1.405203,-8.900178,-0.000001,DRIVE_LANE,2,NONE,-4.9956,-4.9956,-X
118.0000,-1.413196,-8.900178,-0.000001,DRIVE_LANE,2,NONE,-4.9956,-4.9956,-X
118.0160,-1.421188,-8.900177,-0.000001,DRIVE_LANE,2,NONE,-4.9956,-4.9956,-X
118.0320,-1.429181,-8.900177,-0.000001,DRIVE_LANE,2,NONE,-4.9956,-4.9956,-X
118.0480,-1.437174,-8.900177,-0.000001,DRIVE_LANE,2,NONE,-4.9956,-4.9956,-X
118.0640,-1.445167,-8.900177,-0.000001,DRIVE_LANE,2,NONE,-4.9956,-4.9956,-X
118.0800,-1.453160,-8.900177,-0.000001,DRIVE_LANE,2,NONE,-4.9956,-4.9956,-X
118.0960,-1.461153,-8.900177,-0.000001,DRIVE_LANE,2,NONE,-4.9956,-4.9956,-X
118.1120,-1.469146,-8.900177,-0.000001,DRIVE_LANE,2,NONE,-4.9956,-4.9956,-X
118.1280,-1.477139,-8.900177,-0.000001,DRIVE_LANE,2,NONE,-4.9956,-4.9956,-X
118.1440,-1.485132,-8.900177,-0.000001,DRIVE_LANE,2,NONE,-4.9956,-4.9956,-X
118.1600,-1.493125,-8.900177,-0.000001,DRIVE_LANE,2,NONE,-4.9956,-4.9956,-X
118.1760,-1.501118,-8.900177,-0.000001,DRIVE_LANE,2,NONE,-4.9956,-4.9956,-X
118.1920,-1.509111,-8.900177,-0.000001,DRIVE_LANE,2,NONE,-4.9956,-4.9956,-X
118.2080,-1.517103,-8.900177,-0.000001,DRIVE_LANE,2,NONE,-4.9956,-4.9956,-X
118.2240,-1.525096,-8.900177,-0.000001,DRIVE_LANE,2,NONE,-4.9956,-4.9956,-X
118.2400,-1.533089,-8.900177,-0.000001,DRIVE_LANE,2,NONE,-4.9956,-4.9956,-X
118.2560,-1.541082,-8.900177,-0.000001,DRIVE_LANE,2,NONE,-4.9956,-4.9956,-X
118.2720,-1.549075,-8.900177,-0.000001,DRIVE_LANE,2,NONE,-4.9956,-4.9956,-X
118.2880,-1.557068,-8.900177,-0.000001,DRIVE_LANE,2,NONE,-4.9956,-4.9956,-X
118.3040,-1.565061,-8.900177,-0.000001,DRIVE_LANE,2,NONE,-4.9956,-4.9956,-X
118.3200,-1.573054,-8.900177,-0.000001,DRIVE_LANE,2,NONE,-4.9956,-4.9956,-X
118.3360,-1.581047,-8.900177,-0.000001,DRIVE_LANE,2,NONE,-4.9956,-4.9956,-X
118.3520,-1.589040,-8.900177,-0.000001,DRIVE_LANE,2,NONE,-4.9956,-4.9956,-X
118.3680,-1.597033,-8.900177,-0.000001,DRIVE_LANE,2,NONE,-4.9956,-4.9956,-X
118.3840,-1.605026,-8.900177,-0.000001,DRIVE_LANE,2,NONE,-4.9956,-4.9956,-X
118.4000,-1.613018,-8.900177,-0.000001,DRIVE_LANE,2,NONE,-4.9956,-4.9956,-X
118.4160,-1.621011,-8.900177,-0.000001,DRIVE_LANE,2,NONE,-4.9956,-4.9956,-X
118.4320,-1.629004,-8.900177,-0.000001,DRIVE_LANE,2,NONE,-4.9956,-4.9956,-X
118.4480,-1.636997,-8.900177,-0.000001,DRIVE_LANE,2,NONE,-4.9956,-4.9956,-X
118.4640,-1.644990,-8.900177,-0.000001,DRIVE_LANE,2,NONE,-4.9956,-4.9956,-X
118.4800,-1.652983,-8.900177,-0.000001,DRIVE_LANE,2,NONE,-4.9956,-4.9956,-X
118.4960,-1.660976,-8.900177,-0.000001,DRIVE_LANE,2,NONE,-4.9956,-4.9956,-X
118.5120,-1.668969,-8.900177,-0.000001,DRIVE_LANE,2,NONE,-4.9956,-4.9956,-X
118.5280,-1.676962,-8.900177,-0.000001,DRIVE_LANE,2,NONE,-4.9956,-4.9956,-X
118.5440,-1.684955,-8.900177,-0.000001,DRIVE_LANE,2,NONE,-4.9956,-4.9956,-X
118.5600,-1.692948,-8.900177,-0.000001,DRIVE_LANE,2,NONE,-4.9956,-4.9956,-X
118.5760,-1.700941,-8.900177,-0.000001,DRIVE_LANE,2,NONE,-4.9956,-4.9956,-X
118.5920,-1.708934,-8.900177,-0.000001,DRIVE_LANE,2,NONE,-4.9956,-4.9956,-X
118.6080,-1.716926,-8.900177,-0.000001,DRIVE_LANE,2,NONE,-4.9956,-4.9956,-X
118.6240,-1.724919,-8.900177,-0.000001,DRIVE_LANE,2,NONE,-4.9956,-4.9956,-X
118.6400,-1.732912,-8.900177,-0.000001,DRIVE_LANE,2,NONE,-4.9956,-4.9956,-X
118.6560,-1.740905,-8.900177,-0.000001,DRIVE_LANE,2,NONE,-4.9956,-4.9956,-X
118.6720,-1.748898,-8.900177,-0.000001,DRIVE_LANE,2,NONE,-4.9956,-4.9956,-X
118.6880,-1.756891,-8.900177,-0.000001,DRIVE_LANE,2,NONE,-4.9956,-4.9956,-X
118.7040,-1.764884,-8.900177,-0.000001,DRIVE_LANE,2,NONE,-4.9956,-4.9956,-X
118.7200,-1.772877,-8.900177,-0.000001,DRIVE_LANE,2,NONE,-4.9956,-4.9956,-X
118.7360,-1.780870,-8.900177,-0.000001,DRIVE_LANE,2,NONE,-4.9956,-4.9956,-X
118.7520,-1.788863,-8.900177,-0.000001,DRIVE_LANE,2,NONE,-4.9956,-4.9956,-X
118.7680,-1.796856,-8.900177,-0.000001,DRIVE_LANE,2,NONE,-4.9956,-4.9956,-X
118.7840,-1.804849,-8.900177,-0.000001,DRIVE_LANE,2,NONE,-4.9956,-4.9956,-X
118.8000,-1.812842,-8.900177,-0.000001,DRIVE_LANE,2,NONE,-4.9956,-4.9956,-X
118.8160,-1.820834,-8.900177,-0.000001,DRIVE_LANE,2,NONE,-4.9956,-4.9956,-X
118.8320,-1.828827,-8.900177,-0.000001,DRIVE_LANE,2,NONE,-4.9956,-4.9956,-X
118.8480,-1.836820,-8.900177,-0.000001,DRIVE_LANE,2,NONE,-4.9956,-4.9956,-X
118.8640,-1.844813,-8.900177,-0.000001,DRIVE_LANE,2,NONE,-4.9956,-4.9956,-X
118.8800,-1.852806,-8.900177,-0.000001,DRIVE_LANE,2,NONE,-4.9956,-4.9956,-X
118.8960,-1.860799,-8.900177,-0.000001,DRIVE_LANE,2,NONE,-4.9956,-4.9956,-X
118.9120,-1.868792,-8.900177,-0.000001,DRIVE_LANE,2,NONE,-4.9956,-4.9956,-X
118.9280,-1.876785,-8.900177,-0.000001,DRIVE_LANE,2,NONE,-4.9956,-4.9956,-X
118.9440,-1.884778,-8.900177,-0.000001,DRIVE_LANE,2,NONE,-4.9956,-4.9956,-X
118.9600,-1.892771,-8.900177,-0.000001,DRIVE_LANE,2,NONE,-4.9956,-4.9956,-X
118.9760,-1.900764,-8.900177,-0.000001,DRIVE_LANE,2,NONE,-4.9956,-4.9956,-X
118.9920,-1.908757,-8.900177,-0.000001,DRIVE_LANE,2,NONE,-4.9956,-4.9956,-X
119.0080,-1.916750,-8.900177,-0.000001,DRIVE_LANE,2,NONE,-4.9956,-4.9956,-X
119.0240,-1.924743,-8.900177,-0.000001,DRIVE_LANE,2,NONE,-4.9956,-4.9956,-X
119.0400,-1.932735,-8.900177,-0.000001,DRIVE_LANE,2,NONE,-4.9956,-4.9956,-X
119.0560,-1.940728,-8.900177,-0.000001,DRIVE_LANE,2,NONE,-4.9956,-4.9956,-X
119.0720,-1.948721,-8.900177,-0.000001,DRIVE_LANE,2,NONE,-4.9956,-4.9956,-X
119.0880,-1.956714,-8.900177,-0.000001,DRIVE_LANE,2,NONE,-4.9956,-4.9956,-X
119.1040,-1.964707,-8.900177,-0.000001,DRIVE_LANE,2,NONE,-4.9956,-4.9956,-X
119.1200,-1.972700,-8.900177,-0.000001,DRIVE_LANE,2,NONE,-4.9956,-4.9956,-X
119.1360,-1.980693,-8.900177,-0.000001,DRIVE_LANE,2,NONE,-4.9956,-4.9956,-X
119.1520,-1.988686,-8.900177,-0.000001,DRIVE_LANE,2,NONE,-4.9956,-4.9956,-X
119.1680,-1.996679,-8.900177,-0.000001,DRIVE_LANE,2,NONE,-4.9956,-4.9956,-X
119.1840,-2.004672,-8.900177,-0.000001,DRIVE_LANE,2,NONE,-4.9956,-4.9956,-X
119.2000,-2.012665,-8.900177,-0.000001,DRIVE_LANE,2,NONE,-4.9956,-4.9956,-X
119.2160,-2.020658,-8.900177,-0.000001,DRIVE_LANE,2,NONE,-4.9956,-4.9956,-X
119.2320,-2.028651,-8.900177,-0.000001,DRIVE_LANE,2,NONE,-4.9956,-4.9956,-X
119.2480,-2.036644,-8.900177,-0.000001,DRIVE_LANE,2,NONE,-4.9956,-4.9956,-X
119.2640,-2.044636,-8.900177,-0.000001,DRIVE_LANE,2,NONE,-4.9956,-4.9956,-X
119.2800,-2.052629,-8.900177,-0.000001,DRIVE_LANE,2,NONE,-4.9956,-4.9956,-X
119.2960,-2.060622,-8.900177,-0.000001,DRIVE_LANE,2,NONE,-4.9956,-4.9956,-X
119.3120,-2.068615,-8.900177,-0.000001,DRIVE_LANE,2,NONE,-4.9956,-4.9956,-X
119.3280,-2.076608,-8.900177,-0.000001,DRIVE_LANE,2,NONE,-4.9956,-4.9956,-X
119.3440,-2.084601,-8.900177,-0.000001,DRIVE_LANE,2,NONE,-4.9956,-4.9956,-X
119.3600,-2.092594,-8.900177,-0.000001,DRIVE_LANE,2,NONE,-4.9956,-4.9956,-X
119.3760,-2.100587,-8.900177,-0.000001,DRIVE_LANE,2,NONE,-4.9956,-4.9956,-X
119.3920,-2.108580,-8.900177,-0.000001,DRIVE_LANE,2,NONE,-4.9956,-4.9956,-X
119.4080,-2.116573,-8.900177,-0.000001,DRIVE_LANE,2,NONE,-4.9956,-4.9956,-X
119.4240,-2.124566,-8.900177,-0.000001,DRIVE_LANE,2,NONE,-4.9956,-4.9956,-X
119.4400,-2.132559,-8.900177,-0.000001,DRIVE_LANE,2,NONE,-4.9956,-4.9956,-X
119.4560,-2.140552,-8.900177,-0.000001,DRIVE_LANE,2,NONE,-4.9956,-4.9956,-X
119.4720,-2.148545,-8.900177,-0.000001,DRIVE_LANE,2,NONE,-4.9956,-4.9956,-X
119.4880,-2.156538,-8.900177,-0.000001,DRIVE_LANE,2,NONE,-4.9956,-4.9956,-X
119.5040,-2.164531,-8.900177,-0.000001,DRIVE_LANE,2,NONE,-4.9956,-4.9956,-X
119.5200,-2.172523,-8.900177,-0.000001,DRIVE_LANE,2,NONE,-4.9956,-4.9956,-X
119.5360,-2.180516,-8.900177,-0.000001,DRIVE_LANE,2,NONE,-4.9956,-4.9956,-X
119.5520,-2.188509,-8.900177,-0.000001,DRIVE_LANE,2,NONE,-4.9956,-4.9956,-X
119.5680,-2.196502,-8.900177,-0.000001,DRIVE_LANE,2,NONE,-4.9956,-4.9956,-X
119.5840,-2.204495,-8.900177,-0.000001,DRIVE_LANE,2,NONE,-4.9956,-4.9956,-X
119.6000,-2.212488,-8.900177,-0.000001,DRIVE_LANE,2,NONE,-4.9956,-4.9956,-X
119.6160,-2.220481,-8.900177,-0.000001,DRIVE_LANE,2,NONE,-4.9956,-4.9956,-X
119.6320,-2.228474,-8.900177,-0.000001,DRIVE_LANE,2,NONE,-4.9956,-4.9956,-X
119.6480,-2.236467,-8.900177,-0.000001,DRIVE_LANE,2,NONE,-4.9956,-4.9956,-X
119.6640,-2.244460,-8.900177,-0.000001,DRIVE_LANE,2,NONE,-4.9956,-4.9956,-X
119.6800,-2.252453,-8.900177,-0.000001,DRIVE_LANE,2,NONE,-4.9956,-4.9956,-X
119.6960,-2.260446,-8.900177,-0.000001,DRIVE_LANE,2,NONE,-4.9956,-4.9956,-X
119.7120,-2.268439,-8.900177,-0.000001,DRIVE_LANE,2,NONE,-4.9956,-4.9956,-X
119.7280,-2.276432,-8.900177,-0.000001,DRIVE_LANE,2,NONE,-4.9956,-4.9956,-X
119.7440,-2.284425,-8.900177,-0.000001,DRIVE_LANE,2,NONE,-4.9956,-4.9956,-X
119.7600,-2.292417,-8.900177,-0.000001,DRIVE_LANE,2,NONE,-4.9956,-4.9956,-X
119.7760,-2.300410,-8.900177,-0.000001,DRIVE_LANE,2,NONE,-4.9956,-4.9956,-X
119.7920,-2.308403,-8.900177,-0.000001,DRIVE_LANE,2,NONE,-4.9956,-4.9956,-X
119.8080,-2.316396,-8.900177,-0.000001,DRIVE_LANE,2,NONE,-4.9956,-4.9956,-X
119.8240,-2.324389,-8.900177,-0.000001,DRIVE_LANE,2,NONE,-4.9956,-4.9956,-X
119.8400,-2.332382,-8.900177,-0.000001,DRIVE_LANE,2,NONE,-4.9956,-4.9956,-X
119.8560,-2.340375,-8.900177,-0.000001,DRIVE_LANE,2,NONE,-4.9956,-4.9956,-X
119.8720,-2.348368,-8.900177,-0.000001,DRIVE_LANE,2,NONE,-4.9956,-4.9956,-X
119.8880,-2.356361,-8.900177,-0.000001,DRIVE_LANE,2,NONE,-4.9956,-4.9956,-X
119.9040,-2.364354,-8.900177,-0.000001,DRIVE_LANE,2,NONE,-4.9956,-4.9956,-X
119.9200,-2.372347,-8.900177,-0.000001,DRIVE_LANE,2,NONE,-4.9956,-4.9956,-X
119.9360,-2.380340,-8.900177,-0.000001,DRIVE_LANE,2,NONE,-4.9956,-4.9956,-X
119.9520,-2.388333,-8.900177,-0.000001,DRIVE_LANE,2,NONE,-4.9956,-4.9956,-X
119.9680,-2.396326,-8.900177,-0.000001,DRIVE_LANE,2,NONE,-4.9956,-4.9956,-X
119.9840,-2.404319,-8.900177,-0.000001,DRIVE_LANE,2,NONE,-4.9956,-4.9956,-X
120.0000,-2.412312,-8.900177,-0.000001,DRIVE_LANE,2,NONE,-4.9956,-4.9956,-X
120.0160,-2.420305,-8.900177,-0.000001,DRIVE_LANE,2,NONE,-4.9956,-4.9956,-X
120.0320,-2.428297,-8.900177,-0.000001,DRIVE_LANE,2,NONE,-4.9956,-4.9956,-X
120.0480,-2.436290,-8.900177,-0.000001,DRIVE_LANE,2,NONE,-4.9956,-4.9956,-X
120.0640,-2.444283,-8.900177,-0.000001,DRIVE_LANE,2,NONE,-4.9956,-4.9956,-X
120.0800,-2.452276,-8.900177,-0.000001,DRIVE_LANE,2,NONE,-4.9956,-4.9956,-X
120.0960,-2.460269,-8.900177,-0.000001,DRIVE_LANE,2,NONE,-4.9956,-4.9956,-X
120.1120,-2.468262,-8.900177,-0.000001,DRIVE_LANE,2,NONE,-4.9956,-4.9956,-X
120.1280,-2.476255,-8.900177,-0.000001,DRIVE_LANE,2,NONE,-4.9956,-4.9956,-X
120.1440,-2.484248,-8.900177,-0.000001,DRIVE_LANE,2,NONE,-4.9956,-4.9956,-X
120.1600,-2.492241,-8.900177,-0.000001,DRIVE_LANE,2,NONE,-4.9956,-4.9956,-X
120.1760,-2.500234,-8.900177,-0.000001,DRIVE_LANE,2,NONE,-4.9956,-4.9956,-X
120.1920,-2.508227,-8.900177,-0.000001,DRIVE_LANE,2,NONE,-4.9956,-4.9956,-X
120.2080,-2.516220,-8.900177,-0.000001,DRIVE_LANE,2,NONE,-4.9956,-4.9956,-X
120.2240,-2.524213,-8.900177,-0.000001,DRIVE_LANE,2,NONE,-4.9956,-4.9956,-X
120.2400,-2.532206,-8.900177,-0.000001,DRIVE_LANE,2,NONE,-4.9956,-4.9956,-X
120.2560,-2.540199,-8.900177,-0.000001,DRIVE_LANE,2,NONE,-4.9956,-4.9956,-X
120.2720,-2.548192,-8.900177,-0.000001,DRIVE_LANE,2,NONE,-4.9956,-4.9956,-X
120.2880,-2.556185,-8.900177,-0.000001,DRIVE_LANE,2,NONE,-4.9956,-4.9956,-X
120.3040,-2.564178,-8.900177,-0.000001,DRIVE_LANE,2,NONE,-4.9956,-4.9956,-X
120.3200,-2.572170,-8.900177,-0.000001,DRIVE_LANE,2,NONE,-4.9956,-4.9956,-X
120.3360,-2.580163,-8.900177,-0.000001,DRIVE_LANE,2,NONE,-4.9956,-4.9956,-X
120.3520,-2.588156,-8.900177,-0.000001,DRIVE_LANE,2,NONE,-4.9956,-4.9956,-X
120.3680,-2.596149,-8.900177,-0.000001,DRIVE_LANE,2,NONE,-4.9956,-4.9956,-X
120.3840,-2.604142,-8.900177,-0.000001,DRIVE_LANE,2,NONE,-4.9956,-4.9956,-X
120.4000,-2.612135,-8.900177,-0.000001,DRIVE_LANE,2,NONE,-4.9956,-4.9956,-X
120.4160,-2.620128,-8.900176,-0.000001,DRIVE_LANE,2,NONE,-4.9956,-4.9956,-X
120.4320,-2.628121,-8.900176,-0.000001,DRIVE_LANE,2,NONE,-4.9956,-4.9956,-X
120.4480,-2.636114,-8.900176,-0.000001,DRIVE_LANE,2,NONE,-4.9956,-4.9956,-X
120.4640,-2.644107,-8.900176,-0.000001,DRIVE_LANE,2,NONE,-4.9956,-4.9956,-X
120.4800,-2.652100,-8.900176,-0.000001,DRIVE_LANE,2,NONE,-4.9956,-4.9956,-X
120.4960,-2.660093,-8.900176,-0.000001,DRIVE_LANE,2,NONE,-4.9956,-4.9956,-X
120.5120,-2.668086,-8.900176,-0.000001,DRIVE_LANE,2,NONE,-4.9956,-4.9956,-X
120.5280,-2.676079,-8.900176,-0.000001,DRIVE_LANE,2,NONE,-4.9956,-4.9956,-X
120.5440,-2.684072,-8.900176,-0.000001,DRIVE_LANE,2,NONE,-4.9956,-4.9956,-X
120.5600,-2.692065,-8.900176,-0.000001,DRIVE_LANE,2,NONE,-4.9956,-4.9956,-X
120.5760,-2.700058,-8.900176,-0.000001,DRIVE_LANE,2,NONE,-4.9956,-4.9956,-X
120.5920,-2.708051,-8.900176,-0.000001,DRIVE_LANE,2,NONE,-4.9956,-4.9956,-X
120.6080,-2.716044,-8.900176,-0.000001,DRIVE_LANE,2,NONE,-4.9956,-4.9956,-X
120.6240,-2.724037,-8.900176,-0.000001,DRIVE_LANE,2,NONE,-4.9956,-4.9956,-X
120.6400,-2.732029,-8.900176,-0.000001,DRIVE_LANE,2,NONE,-4.9956,-4.9956,-X
120.6560,-2.740022,-8.900176,-0.000001,DRIVE_LANE,2,NONE,-4.9956,-4.9956,-X
120.6720,-2.748015,-8.900176,-0.000001,DRIVE_LANE,2,NONE,-4.9956,-4.9956,-X
120.6880,-2.756008,-8.900176,-0.000001,DRIVE_LANE,2,NONE,-4.9956,-4.9956,-X
120.7040,-2.764001,-8.900176,-0.000001,DRIVE_LANE,2,NONE,-4.9956,-4.9956,-X
120.7200,-2.771994,-8.900176,-0.000001,DRIVE_LANE,2,NONE,-4.9956,-4.9956,-X
120.7360,-2.779987,-8.900176,-0.000001,DRIVE_LANE,2,NONE,-4.9956,-4.9956,-X
120.7520,-2.787980,-8.900176,-0.000001,DRIVE_LANE,2,NONE,-4.9956,-4.9956,-X
120.7680,-2.795973,-8.900176,-0.000001,DRIVE_LANE,2,NONE,-4.9956,-4.9956,-X
120.7840,-2.803966,-8.900176,-0.000001,DRIVE_LANE,2,NONE,-4.9956,-4.9956,-X
120.8000,-2.811959,-8.900176,-0.000001,DRIVE_LANE,2,NONE,-4.9956,-4.9956,-X
120.8160,-2.819952,-8.900176,-0.000001,DRIVE_LANE,2,NONE,-4.9956,-4.9956,-X
120.8320,-2.827945,-8.900176,-0.000001,DRIVE_LANE,2,NONE,-4.9956,-4.9956,-X
120.8480,-2.835938,-8.900176,-0.000001,DRIVE_LANE,2,NONE,-4.9956,-4.9956,-X
120.8640,-2.843931,-8.900176,-0.000001,DRIVE_LANE,2,NONE,-4.9956,-4.9956,-X
120.8800,-2.851924,-8.900176,-0.000001,DRIVE_LANE,2,NONE,-4.9956,-4.9956,-X
120.8960,-2.859917,-8.900176,-0.000001,DRIVE_LANE,2,NONE,-4.9956,-4.9956,-X
120.9120,-2.867910,-8.900176,-0.000001,DRIVE_LANE,2,NONE,-4.9956,-4.9956,-X
120.9280,-2.875903,-8.900176,-0.000001,DRIVE_LANE,2,NONE,-4.9956,-4.9956,-X
120.9440,-2.883896,-8.900176,-0.000001,DRIVE_LANE,2,NONE,-4.9956,-4.9956,-X
120.9600,-2.891889,-8.900176,-0.000001,DRIVE_LANE,2,NONE,-4.9956,-4.9956,-X
120.9760,-2.899881,-8.900176,-0.000001,DRIVE_LANE,2,NONE,-4.9956,-4.9956,-X
120.9920,-2.907874,-8.900176,-0.000001,DRIVE_LANE,2,NONE,-4.9956,-4.9956,-X
121.0080,-2.915867,-8.900176,-0.000001,DRIVE_LANE,2,NONE,-4.9956,-4.9956,-X
121.0240,-2.923860,-8.900176,-0.000001,DRIVE_LANE,2,NONE,-4.9956,-4.9956,-X
121.0400,-2.931853,-8.900176,-0.000001,DRIVE_LANE,2,NONE,-4.9956,-4.9956,-X
121.0560,-2.939846,-8.900176,-0.000001,DRIVE_LANE,2,NONE,-4.9956,-4.9956,-X
121.0720,-2.947839,-8.900176,-0.000001,DRIVE_LANE,2,NONE,-4.9956,-4.9956,-X
121.0880,-2.955832,-8.900176,-0.000001,DRIVE_LANE,2,NONE,-4.9956,-4.9956,-X
121.1040,-2.963825,-8.900176,-0.000001,DRIVE_LANE,2,NONE,-4.9956,-4.9956,-X
121.1200,-2.971818,-8.900176,-0.000001,DRIVE_LANE,2,NONE,-4.9956,-4.9956,-X
121.1360,-2.979811,-8.900176,-0.000001,DRIVE_LANE,2,NONE,-4.9956,-4.9956,-X
121.1520,-2.987804,-8.900176,-0.000001,DRIVE_LANE,2,NONE,-4.9956,-4.9956,-X
121.1680,-2.995797,-8.900176,-0.000001,DRIVE_LANE,2,NONE,-4.9956,-4.9956,-X
121.1840,-3.003790,-8.900176,-0.000001,DRIVE_LANE,2,NONE,-4.9956,-4.9956,-X
121.2000,-3.011783,-8.900176,-0.000001,DRIVE_LANE,2,NONE,-4.9956,-4.9956,-X
121.2160,-3.019776,-8.900176,-0.000001,DRIVE_LANE,2,NONE,-4.9956,-4.9956,-X
121.2320,-3.027769,-8.900176,-0.000001,DRIVE_LANE,2,NONE,-4.9956,-4.9956,-X
121.2480,-3.035762,-8.900176,-0.000001,DRIVE_LANE,2,NONE,-4.9956,-4.9956,-X
121.2640,-3.043755,-8.900176,-0.000001,DRIVE_LANE,2,NONE,-4.9956,-4.9956,-X
121.2800,-3.051748,-8.900176,-0.000001,DRIVE_LANE,2,NONE,-4.9956,-4.9956,-X
121.2960,-3.059741,-8.900176,-0.000001,DRIVE_LANE,2,NONE,-4.9956,-4.9956,-X
121.3120,-3.067734,-8.900176,-0.000001,DRIVE_LANE,2,NONE,-4.9956,-4.9956,-X
121.3280,-3.075727,-8.900176,-0.000001,DRIVE_LANE,2,NONE,-4.9956,-4.9956,-X
121.3440,-3.083719,-8.900176,-0.000001,DRIVE_LANE,2,NONE,-4.9956,-4.9956,-X
121.3600,-3.091712,-8.900176,-0.000001,DRIVE_LANE,2,NONE,-4.9956,-4.9956,-X
121.3760,-3.099705,-8.900176,-0.000001,DRIVE_LANE,2,NONE,-4.9956,-4.9956,-X
121.3920,-3.107698,-8.900176,-0.000001,DRIVE_LANE,2,NONE,-4.9956,-4.9956,-X
121.4080,-3.115691,-8.900176,-0.000001,DRIVE_LANE,2,NONE,-4.9956,-4.9956,-X
121.4240,-3.123684,-8.900176,-0.000001,DRIVE_LANE,2,NONE,-4.9956,-4.9956,-X
121.4400,-3.131677,-8.900176,-0.000001,DRIVE_LANE,2,NONE,-4.9956,-4.9956,-X
121.4560,-3.139670,-8.900176,-0.000001,DRIVE_LANE,2,NONE,-4.9956,-4.9956,-X
121.4720,-3.147663,-8.900176,-0.000001,DRIVE_LANE,2,NONE,-4.9956,-4.9956,-X
121.4880,-3.155656,-8.900176,-0.000001,DRIVE_LANE,2,NONE,-4.9956,-4.9956,-X
121.5040,-3.163649,-8.900176,-0.000001,DRIVE_LANE,2,NONE,-4.9956,-4.9956,-X
121.5200,-3.171642,-8.900176,-0.000001,DRIVE_LANE,2,NONE,-4.9956,-4.9956,-X
121.5360,-3.179635,-8.900176,-0.000001,DRIVE_LANE,2,NONE,-4.9956,-4.9956,-X
121.5520,-3.187628,-8.900176,-0.000001,DRIVE_LANE,2,NONE,-4.9956,-4.9956,-X
121.5680,-3.195621,-8.900176,-0.000001,DRIVE_LANE,2,NONE,-4.9956,-4.9956,-X
121.5840,-3.203614,-8.900176,-0.000001,DRIVE_LANE,2,NONE,-4.9956,-4.9956,-X
121.6000,-3.211607,-8.900176,-0.000001,DRIVE_LANE,2,NONE,-4.9956,-4.9956,-X
121.6160,-3.219600,-8.900176,-0.000001,DRIVE_LANE,2,NONE,-4.9956,-4.9956,-X
121.6320,-3.227593,-8.900176,-0.000001,DRIVE_LANE,2,NONE,-4.9956,-4.9956,-X
121.6480,-3.235586,-8.900176,-0.000001,DRIVE_LANE,2,NONE,-4.9956,-4.9956,-X
121.6640,-3.243579,-8.900176,-0.000001,DRIVE_LANE,2,NONE,-4.9956,-4.9956,-X
121.6800,-3.251572,-8.900176,-0.000001,DRIVE_LANE,2,NONE,-4.9956,-4.9956,-X
121.6960,-3.259565,-8.900176,-0.000001,DRIVE_LANE,2,NONE,-4.9956,-4.9956,-X
121.7120,-3.267558,-8.900176,-0.000001,DRIVE_LANE,2,NONE,-4.9956,-4.9956,-X
121.7280,-3.275551,-8.900176,-0.000001,DRIVE_LANE,2,NONE,-4.9956,-4.9956,-X
121.7440,-3.283544,-8.900176,-0.000001,DRIVE_LANE,2,NONE,-4.9956,-4.9956,-X
121.7600,-3.291537,-8.900176,-0.000001,DRIVE_LANE,2,NONE,-4.9956,-4.9956,-X
121.7760,-3.299530,-8.900176,-0.000001,DRIVE_LANE,2,NONE,-4.9956,-4.9956,-X
121.7920,-3.307522,-8.900176,-0.000001,DRIVE_LANE,2,NONE,-4.9956,-4.9956,-X
121.8080,-3.315515,-8.900176,-0.000001,DRIVE_LANE,2,NONE,-4.9956,-4.9956,-X
121.8240,-3.323508,-8.900176,-0.000001,DRIVE_LANE,2,NONE,-4.9956,-4.9956,-X
121.8400,-3.331501,-8.900176,-0.000001,DRIVE_LANE,2,NONE,-4.9956,-4.9956,-X
121.8560,-3.339494,-8.900176,-0.000001,DRIVE_LANE,2,NONE,-4.9956,-4.9956,-X
121.8720,-3.347487,-8.900176,-0.000001,DRIVE_LANE,2,NONE,-4.9956,-4.9956,-X
121.8880,-3.355480,-8.900176,-0.000001,DRIVE_LANE,2,NONE,-4.9956,-4.9956,-X
121.9040,-3.363473,-8.900176,-0.000001,DRIVE_LANE,2,NONE,-4.9956,-4.9956,-X
121.9200,-3.371466,-8.900176,-0.000001,DRIVE_LANE,2,NONE,-4.9956,-4.9956,-X
121.9360,-3.379459,-8.900176,-0.000001,DRIVE_LANE,2,NONE,-4.9956,-4.9956,-X
121.9520,-3.387452,-8.900176,-0.000001,DRIVE_LANE,2,NONE,-4.9956,-4.9956,-X
121.9680,-3.395445,-8.900176,-0.000001,DRIVE_LANE,2,NONE,-4.9956,-4.9956,-X
121.9840,-3.403438,-8.900176,-0.000001,DRIVE_LANE,2,NONE,-4.9956,-4.9956,-X
122.0000,-3.411431,-8.900176,-0.000001,DRIVE_LANE,2,NONE,-4.9956,-4.9956,-X
122.0160,-3.419424,-8.900176,-0.000001,DRIVE_LANE,2,NONE,-4.9956,-4.9956,-X
122.0320,-3.427417,-8.900176,-0.000001,DRIVE_LANE,2,NONE,-4.9956,-4.9956,-X
122.0480,-3.435410,-8.900176,-0.000001,DRIVE_LANE,2,NONE,-4.9956,-4.9956,-X
122.0640,-3.443403,-8.900176,-0.000001,DRIVE_LANE,2,NONE,-4.9956,-4.9956,-X
122.0800,-3.451396,-8.900176,-0.000001,DRIVE_LANE,2,NONE,-4.9956,-4.9956,-X
122.0960,-3.459389,-8.900176,-0.000001,DRIVE_LANE,2,NONE,-4.9956,-4.9956,-X
122.1120,-3.467382,-8.900176,-0.000001,DRIVE_LANE,2,NONE,-4.9956,-4.9956,-X
122.1280,-3.475375,-8.900176,-0.000001,DRIVE_LANE,2,NONE,-4.9956,-4.9956,-X
122.1440,-3.483368,-8.900176,-0.000001,DRIVE_LANE,2,NONE,-4.9956,-4.9956,-X
122.1600,-3.491361,-8.900176,-0.000001,DRIVE_LANE,2,NONE,-4.9956,-4.9956,-X
122.1760,-3.499354,-8.900176,-0.000001,DRIVE_LANE,2,NONE,-4.9956,-4.9956,-X
122.1920,-3.507347,-8.900176,-0.000001,DRIVE_LANE,2,NONE,-4.9956,-4.9956,-X
122.2080,-3.515340,-8.900176,-0.000001,DRIVE_LANE,2,NONE,-4.9956,-4.9956,-X
122.2240,-3.523333,-8.900176,-0.000001,DRIVE_LANE,2,NONE,-4.9956,-4.9956,-X
122.2400,-3.531326,-8.900176,-0.000001,DRIVE_LANE,2,NONE,-4.9956,-4.9956,-X
122.2560,-3.539319,-8.900176,-0.000001,DRIVE_LANE,2,NONE,-4.9956,-4.9956,-X
122.2720,-3.547312,-8.900176,-0.000001,DRIVE_LANE,2,NONE,-4.9956,-4.9956,-X
122.2880,-3.555305,-8.900176,-0.000001,DRIVE_LANE,2,NONE,-4.9956,-4.9956,-X
122.3040,-3.563298,-8.900176,-0.000001,DRIVE_LANE,2,NONE,-4.9956,-4.9956,-X
122.3200,-3.571290,-8.900176,-0.000001,DRIVE_LANE,2,NONE,-4.9956,-4.9956,-X
122.3360,-3.579283,-8.900176,-0.000001,DRIVE_LANE,2,NONE,-4.9956,-4.9956,-X
122.3520,-3.587276,-8.900176,-0.000001,DRIVE_LANE,2,NONE,-4.9956,-4.9956,-X
122.3680,-3.595269,-8.900176,-0.000001,DRIVE_LANE,2,NONE,-4.9956,-4.9956,-X
122.3840,-3.603262,-8.900176,-0.000001,DRIVE_LANE,2,NONE,-4.9956,-4.9956,-X
122.4000,-3.611255,-8.900176,-0.000001,DRIVE_LANE,2,NONE,-4.9956,-4.9956,-X
122.4160,-3.619248,-8.900176,-0.000001,DRIVE_LANE,2,NONE,-4.9956,-4.9956,-X
122.4320,-3.627241,-8.900176,-0.000001,DRIVE_LANE,2,NONE,-4.9956,-4.9956,-X
122.4480,-3.635234,-8.900176,-0.000001,DRIVE_LANE,2,NONE,-4.9956,-4.9956,-X
122.4640,-3.643227,-8.900176,-0.000001,DRIVE_LANE,2,NONE,-4.9956,-4.9956,-X
122.4800,-3.651220,-8.900176,-0.000001,DRIVE_LANE,2,NONE,-4.9956,-4.9956,-X
122.4960,-3.659213,-8.900176,-0.000001,DRIVE_LANE,2,NONE,-4.9956,-4.9956,-X
122.5120,-3.667206,-8.900176,-0.000001,DRIVE_LANE,2,NONE,-4.9956,-4.9956,-X
122.5280,-3.675199,-8.900176,-0.000001,DRIVE_LANE,2,NONE,-4.9956,-4.9956,-X
122.5440,-3.683192,-8.900176,-0.000001,DRIVE_LANE,2,NONE,-4.9956,-4.9956,-X
122.5600,-3.691185,-8.900176,-0.000001,DRIVE_LANE,2,NONE,-4.9956,-4.9956,-X
122.5760,-3.699178,-8.900176,-0.000001,DRIVE_LANE,2,NONE,-4.9956,-4.9956,-X
122.5920,-3.707171,-8.900176,-0.000001,DRIVE_LANE,2,NONE,-4.9956,-4.9956,-X
122.6080,-3.715164,-8.900176,-0.000001,DRIVE_LANE,2,NONE,-4.9956,-4.9956,-X
122.6240,-3.723157,-8.900176,-0.000001,DRIVE_LANE,2,NONE,-4.9956,-4.9956,-X
122.6400,-3.731150,-8.900176,-0.000001,DRIVE_LANE,2,NONE,-4.9956,-4.9956,-X
122.6560,-3.739143,-8.900176,-0.000001,DRIVE_LANE,2,NONE,-4.9956,-4.9956,-X
122.6720,-3.747136,-8.900176,-0.000001,DRIVE_LANE,2,NONE,-4.9956,-4.9956,-X
122.6880,-3.755129,-8.900176,-0.000001,DRIVE_LANE,2,NONE,-4.9956,-4.9956,-X
122.7040,-3.763122,-8.900176,-0.000001,DRIVE_LANE,2,NONE,-4.9956,-4.9956,-X
122.7200,-3.771115,-8.900176,-0.000001,DRIVE_LANE,2,NONE,-4.9956,-4.9956,-X
122.7360,-3.779108,-8.900176,-0.000001,DRIVE_LANE,2,NONE,-4.9956,-4.9956,-X
122.7520,-3.787101,-8.900176,-0.000001,DRIVE_LANE,2,NONE,-4.9956,-4.9956,-X
122.7680,-3.795094,-8.900176,-0.000001,DRIVE_LANE,2,NONE,-4.9956,-4.9956,-X
122.7840,-3.803087,-8.900176,-0.000001,DRIVE_LANE,2,NONE,-4.9956,-4.9956,-X
122.8000,-3.811080,-8.900176,-0.000001,DRIVE_LANE,2,NONE,-4.9956,-4.9956,-X
122.8160,-3.819073,-8.900176,-0.000001,DRIVE_LANE,2,NONE,-4.9956,-4.9956,-X
122.8320,-3.827066,-8.900175,-0.000001,DRIVE_LANE,2,NONE,-4.9956,-4.9956,-X
122.8480,-3.835059,-8.900175,-0.000001,DRIVE_LANE,2,NONE,-4.9956,-4.9956,-X
122.8640,-3.843052,-8.900175,-0.000001,DRIVE_LANE,2,NONE,-4.9956,-4.9956,-X
122.8800,-3.851045,-8.900175,-0.000001,DRIVE_LANE,2,NONE,-4.9956,-4.9956,-X
122.8960,-3.859038,-8.900175,-0.000001,DRIVE_LANE,2,NONE,-4.9956,-4.9956,-X
122.9120,-3.867031,-8.900175,-0.000001,DRIVE_LANE,2,NONE,-4.9956,-4.9956,-X
122.9280,-3.875024,-8.900175,-0.000001,DRIVE_LANE,2,NONE,-4.9956,-4.9956,-X
122.9440,-3.883017,-8.900175,-0.000001,DRIVE_LANE,2,NONE,-4.9956,-4.9956,-X
122.9600,-3.891010,-8.900175,-0.000001,DRIVE_LANE,2,NONE,-4.9956,-4.9956,-X
122.9760,-3.899003,-8.900175,-0.000001,DRIVE_LANE,2,NONE,-4.9956,-4.9956,-X
122.9920,-3.906996,-8.900175,-0.000001,DRIVE_LANE,2,NONE,-4.9956,-4.9956,-X
123.0080,-3.914989,-8.900175,-0.000001,DRIVE_LANE,2,NONE,-4.9956,-4.9956,-X
123.0240,-3.922982,-8.900175,-0.000001,DRIVE_LANE,2,NONE,-4.9956,-4.9956,-X
123.0400,-3.930975,-8.900175,-0.000001,DRIVE_LANE,2,NONE,-4.9956,-4.9956,-X
123.0560,-3.938968,-8.900175,-0.000001,DRIVE_LANE,2,NONE,-4.9956,-4.9956,-X
123.0720,-3.946961,-8.900175,-0.000001,DRIVE_LANE,2,NONE,-4.9956,-4.9956,-X
123.0880,-3.954954,-8.900175,-0.000001,DRIVE_LANE,2,NONE,-4.9956,-4.9956,-X
123.1040,-3.962946,-8.900175,-0.000001,DRIVE_LANE,2,NONE,-4.9956,-4.9956,-X
123.1200,-3.970939,-8.900175,-0.000001,DRIVE_LANE,2,NONE,-4.9956,-4.9956,-X
123.1360,-3.978932,-8.900175,-0.000001,DRIVE_LANE,2,NONE,-4.9956,-4.9956,-X
123.1520,-3.986925,-8.900175,-0.000001,DRIVE_LANE,2,NONE,-4.9956,-4.9956,-X
123.1680,-3.994918,-8.900175,-0.000001,DRIVE_LANE,2,NONE,-4.9956,-4.9956,-X
123.1840,-4.002911,-8.900175,-0.000001,DRIVE_LANE,2,NONE,-4.9956,-4.9956,-X
123.2000,-4.010904,-8.900175,-0.000001,DRIVE_LANE,2,NONE,-4.9956,-4.9956,-X
123.2160,-4.018897,-8.900175,-0.000001,DRIVE_LANE,2,NONE,-4.9956,-4.9956,-X
123.2320,-4.026890,-8.900175,-0.000001,DRIVE_LANE,2,NONE,-4.9956,-4.9956,-X
123.2480,-4.034883,-8.900175,-0.000001,DRIVE_LANE,2,NONE,-4.9956,-4.9956,-X
123.2640,-4.042876,-8.900175,-0.000001,DRIVE_LANE,2,NONE,-4.9956,-4.9956,-X
123.2800,-4.050869,-8.900175,-0.000001,DRIVE_LANE,2,NONE,-4.9956,-4.9956,-X
123.2960,-4.058862,-8.900175,-0.000001,DRIVE_LANE,2,NONE,-4.9956,-4.9956,-X
123.3120,-4.066855,-8.900175,-0.000001,DRIVE_LANE,2,NONE,-4.9956,-4.9956,-X
123.3280,-4.074848,-8.900175,-0.000001,DRIVE_LANE,2,NONE,-4.9956,-4.9956,-X
123.3440,-4.082841,-8.900175,-0.000001,DRIVE_LANE,2,NONE,-4.9956,-4.9956,-X
123.3600,-4.090834,-8.900175,-0.000001,DRIVE_LANE,2,NONE,-4.9956,-4.9956,-X
123.3760,-4.098827,-8.900175,-0.000001,DRIVE_LANE,2,NONE,-4.9956,-4.9956,-X
123.3920,-4.106820,-8.900175,-0.000001,DRIVE_LANE,2,NONE,-4.9956,-4.9956,-X
123.4080,-4.114813,-8.900175,-0.000001,DRIVE_LANE,2,NONE,-4.9956,-4.9956,-X
123.4240,-4.122806,-8.900175,-0.000001,DRIVE_LANE,2,NONE,-4.9956,-4.9956,-X
123.4400,-4.130799,-8.900175,-0.000001,DRIVE_LANE,2,NONE,-4.9956,-4.9956,-X
123.4560,-4.138792,-8.900175,-0.000001,DRIVE_LANE,2,NONE,-4.9956,-4.9956,-X
123.4720,-4.146785,-8.900175,-0.000001,DRIVE_LANE,2,NONE,-4.9956,-4.9956,-X
123.4880,-4.154778,-8.900175,-0.000001,DRIVE_LANE,2,NONE,-4.9956,-4.9956,-X
123.5040,-4.162771,-8.900175,-0.000001,DRIVE_LANE,2,NONE,-4.9956,-4.9956,-X
123.5200,-4.170764,-8.900175,-0.000001,DRIVE_LANE,2,NONE,-4.9956,-4.9956,-X
123.5360,-4.178757,-8.900175,-0.000001,DRIVE_LANE,2,NONE,-4.9956,-4.9956,-X
123.5520,-4.186750,-8.900175,-0.000001,DRIVE_LANE,2,NONE,-4.9956,-4.9956,-X
123.5680,-4.194743,-8.900175,-0.000001,DRIVE_LANE,2,NONE,-4.9956,-4.9956,-X
123.5840,-4.202736,-8.900175,-0.000001,DRIVE_LANE,2,NONE,-4.9956,-4.9956,-X
123.6000,-4.210729,-8.900175,-0.000001,DRIVE_LANE,2,NONE,-4.9956,-4.9956,-X
123.6160,-4.218722,-8.900175,-0.000001,DRIVE_LANE,2,NONE,-4.9956,-4.9956,-X
123.6320,-4.226715,-8.900175,-0.000001,DRIVE_LANE,2,NONE,-4.9956,-4.9956,-X
123.6480,-4.234708,-8.900175,-0.000001,DRIVE_LANE,2,NONE,-4.9956,-4.9956,-X
123.6640,-4.242701,-8.900175,-0.000001,DRIVE_LANE,2,NONE,-4.9956,-4.9956,-X
123.6800,-4.250694,-8.900175,-0.000001,DRIVE_LANE,2,NONE,-4.9956,-4.9956,-X
123.6960,-4.258687,-8.900175,-0.000001,DRIVE_LANE,2,NONE,-4.9956,-4.9956,-X
123.7120,-4.266680,-8.900175,-0.000001,DRIVE_LANE,2,NONE,-4.9956,-4.9956,-X
123.7280,-4.274673,-8.900175,-0.000001,DRIVE_LANE,2,NONE,-4.9956,-4.9956,-X
123.7440,-4.282666,-8.900175,-0.000001,DRIVE_LANE,2,NONE,-4.9956,-4.9956,-X
123.7600,-4.290659,-8.900175,-0.000001,DRIVE_LANE,2,NONE,-4.9956,-4.9956,-X
123.7760,-4.298652,-8.900175,-0.000001,DRIVE_LANE,2,NONE,-4.9956,-4.9956,-X
123.7920,-4.306645,-8.900175,-0.000001,DRIVE_LANE,2,NONE,-4.9956,-4.9956,-X
123.8080,-4.314638,-8.900175,-0.000001,DRIVE_LANE,2,NONE,-4.9956,-4.9956,-X
123.8240,-4.322631,-8.900175,-0.000001,DRIVE_LANE,2,NONE,-4.9956,-4.9956,-X
123.8400,-4.330624,-8.900175,-0.000001,DRIVE_LANE,2,NONE,-4.9956,-4.9956,-X
123.8560,-4.338617,-8.900175,-0.000001,DRIVE_LANE,2,NONE,-4.9956,-4.9956,-X
123.8720,-4.346610,-8.900175,-0.000001,DRIVE_LANE,2,NONE,-4.9956,-4.9956,-X
123.8880,-4.354603,-8.900175,-0.000001,DRIVE_LANE,2,NONE,-4.9956,-4.9956,-X
123.9040,-4.362596,-8.900175,-0.000001,DRIVE_LANE,2,NONE,-4.9956,-4.9956,-X
123.9200,-4.370589,-8.900175,-0.000001,DRIVE_LANE,2,NONE,-4.9956,-4.9956,-X
123.9360,-4.378582,-8.900175,-0.000001,DRIVE_LANE,2,NONE,-4.9956,-4.9956,-X
123.9520,-4.386575,-8.900175,-0.000001,DRIVE_LANE,2,NONE,-4.9956,-4.9956,-X
123.9680,-4.394568,-8.900175,-0.000001,DRIVE_LANE,2,NONE,-4.9956,-4.9956,-X
123.9840,-4.402561,-8.900175,-0.000001,DRIVE_LANE,2,NONE,-4.9956,-4.9956,-X
124.0000,-4.410554,-8.900175,-0.000001,DRIVE_LANE,2,NONE,-4.9956,-4.9956,-X
124.0160,-4.418547,-8.900175,-0.000001,DRIVE_LANE,2,NONE,-4.9956,-4.9956,-X
124.0320,-4.426540,-8.900175,-0.000001,DRIVE_LANE,2,NONE,-4.9956,-4.9956,-X
124.0480,-4.434533,-8.900175,-0.000001,DRIVE_LANE,2,NONE,-4.9956,-4.9956,-X
124.0640,-4.442526,-8.900175,-0.000001,DRIVE_LANE,2,NONE,-4.9956,-4.9956,-X
124.0800,-4.450519,-8.900175,-0.000001,DRIVE_LANE,2,NONE,-4.9956,-4.9956,-X
124.0960,-4.458512,-8.900175,-0.000001,DRIVE_LANE,2,NONE,-4.9956,-4.9956,-X
124.1120,-4.466505,-8.900175,-0.000001,DRIVE_LANE,2,NONE,-4.9956,-4.9956,-X
124.1280,-4.474498,-8.900175,-0.000001,DRIVE_LANE,2,NONE,-4.9956,-4.9956,-X
124.1440,-4.482491,-8.900175,-0.000001,DRIVE_LANE,2,NONE,-4.9956,-4.9956,-X
124.1600,-4.490484,-8.900175,-0.000001,DRIVE_LANE,2,NONE,-4.9956,-4.9956,-X
124.1760,-4.498477,-8.900175,-0.000001,DRIVE_LANE,2,NONE,-4.9956,-4.9956,-X
124.1920,-4.506470,-8.900175,-0.000001,DRIVE_LANE,2,NONE,-4.9956,-4.9956,-X
124.2080,-4.514463,-8.900175,-0.000001,DRIVE_LANE,2,NONE,-4.9956,-4.9956,-X
124.2240,-4.522456,-8.900175,-0.000001,DRIVE_LANE,2,NONE,-4.9956,-4.9956,-X
124.2400,-4.530449,-8.900175,-0.000001,DRIVE_LANE,2,NONE,-4.9956,-4.9956,-X
124.2560,-4.538442,-8.900175,-0.000001,DRIVE_LANE,2,NONE,-4.9956,-4.9956,-X
124.2720,-4.546435,-8.900175,-0.000001,DRIVE_LANE,2,NONE,-4.9956,-4.9956,-X
124.2880,-4.554428,-8.900175,-0.000001,DRIVE_LANE,2,NONE,-4.9956,-4.9956,-X
124.3040,-4.562421,-8.900175,-0.000001,DRIVE_LANE,2,NONE,-4.9956,-4.9956,-X
124.3200,-4.570414,-8.900175,-0.000001,DRIVE_LANE,2,NONE,-4.9956,-4.9956,-X
124.3360,-4.578407,-8.900175,-0.000001,DRIVE_LANE,2,NONE,-4.9956,-4.9956,-X
124.3520,-4.586400,-8.900175,-0.000001,DRIVE_LANE,2,NONE,-4.9956,-4.9956,-X
124.3680,-4.594393,-8.900175,-0.000001,DRIVE_LANE,2,NONE,-4.9956,-4.9956,-X
124.3840,-4.602386,-8.900175,-0.000001,DRIVE_LANE,2,NONE,-4.9956,-4.9956,-X
124.4000,-4.610379,-8.900175,-0.000001,DRIVE_LANE,2,NONE,-4.9956,-4.9956,-X
124.4160,-4.618372,-8.900175,-0.000001,DRIVE_LANE,2,NONE,-4.9956,-4.9956,-X
124.4320,-4.626365,-8.900175,-0.000001,DRIVE_LANE,2,NONE,-4.9956,-4.9956,-X
124.4480,-4.634358,-8.900175,-0.000001,DRIVE_LANE,2,NONE,-4.9956,-4.9956,-X
124.4640,-4.642351,-8.900175,-0.000001,DRIVE_LANE,2,NONE,-4.9956,-4.9956,-X
124.4800,-4.650344,-8.900175,-0.000001,DRIVE_LANE,2,NONE,-4.9956,-4.9956,-X
124.4960,-4.658337,-8.900175,-0.000001,DRIVE_LANE,2,NONE,-4.9956,-4.9956,-X
124.5120,-4.666330,-8.900175,-0.000001,DRIVE_LANE,2,NONE,-4.9956,-4.9956,-X
124.5280,-4.674323,-8.900175,-0.000001,DRIVE_LANE,2,NONE,-4.9956,-4.9956,-X
124.5440,-4.682316,-8.900175,-0.000001,DRIVE_LANE,2,NONE,-4.9956,-4.9956,-X
124.5600,-4.690309,-8.900175,-0.000001,DRIVE_LANE,2,NONE,-4.9956,-4.9956,-X
124.5760,-4.698302,-8.900175,-0.000001,DRIVE_LANE,2,NONE,-4.9956,-4.9956,-X
124.5920,-4.706295,-8.900175,-0.000001,DRIVE_LANE,2,NONE,-4.9956,-4.9956,-X
124.6080,-4.714288,-8.900175,-0.000001,DRIVE_LANE,2,NONE,-4.9956,-4.9956,-X
124.6240,-4.722281,-8.900175,-0.000001,DRIVE_LANE,2,NONE,-4.9956,-4.9956,-X
124.6400,-4.730274,-8.900175,-0.000001,DRIVE_LANE,2,NONE,-4.9956,-4.9956,-X
124.6560,-4.738267,-8.900175,-0.000001,DRIVE_LANE,2,NONE,-4.9956,-4.9956,-X
124.6720,-4.746260,-8.900175,-0.000001,DRIVE_LANE,2,NONE,-4.9956,-4.9956,-X
124.6880,-4.754253,-8.900175,-0.000001,DRIVE_LANE,2,NONE,-4.9956,-4.9956,-X
124.7040,-4.762246,-8.900175,-0.000001,DRIVE_LANE,2,NONE,-4.9956,-4.9956,-X
124.7200,-4.770239,-8.900175,-0.000001,DRIVE_LANE,2,NONE,-4.9956,-4.9956,-X
124.7360,-4.778232,-8.900175,-0.000001,DRIVE_LANE,2,NONE,-4.9956,-4.9956,-X
124.7520,-4.786225,-8.900175,-0.000001,DRIVE_LANE,2,NONE,-4.9956,-4.9956,-X
124.7680,-4.794218,-8.900175,-0.000001,DRIVE_LANE,2,NONE,-4.9956,-4.9956,-X
124.7840,-4.802211,-8.900175,-0.000001,DRIVE_LANE,2,NONE,-4.9956,-4.9956,-X
124.8000,-4.810204,-8.900175,-0.000001,DRIVE_LANE,2,NONE,-4.9956,-4.9956,-X
124.8160,-4.818197,-8.900175,-0.000001,DRIVE_LANE,2,NONE,-4.9956,-4.9956,-X
124.8320,-4.826190,-8.900175,-0.000001,DRIVE_LANE,2,NONE,-4.9956,-4.9956,-X
124.8480,-4.834183,-8.900175,-0.000001,DRIVE_LANE,2,NONE,-4.9956,-4.9956,-X
124.8640,-4.842176,-8.900175,-0.000001,DRIVE_LANE,2,NONE,-4.9956,-4.9956,-X
124.8800,-4.850169,-8.900175,-0.000001,DRIVE_LANE,2,NONE,-4.9956,-4.9956,-X
124.8960,-4.858162,-8.900175,-0.000001,DRIVE_LANE,2,NONE,-4.9956,-4.9956,-X
124.9120,-4.866155,-8.900175,-0.000001,DRIVE_LANE,2,NONE,-4.9956,-4.9956,-X
124.9280,-4.874148,-8.900175,-0.000001,DRIVE_LANE,2,NONE,-4.9956,-4.9956,-X
124.9440,-4.882141,-8.900175,-0.000001,DRIVE_LANE,2,NONE,-4.9956,-4.9956,-X
124.9600,-4.890134,-8.900175,-0.000001,DRIVE_LANE,2,NONE,-4.9956,-4.9956,-X
124.9760,-4.898127,-8.900175,-0.000001,DRIVE_LANE,2,NONE,-4.9956,-4.9956,-X
124.9920,-4.906120,-8.900175,-0.000001,DRIVE_LANE,2,NONE,-4.9956,-4.9956,-X
125.0080,-4.914113,-8.900175,-0.000001,DRIVE_LANE,2,NONE,-4.9956,-4.9956,-X
125.0240,-4.922106,-8.900175,-0.000001,DRIVE_LANE,2,NONE,-4.9956,-4.9956,-X
125.0400,-4.930099,-8.900175,-0.000001,DRIVE_LANE,2,NONE,-4.9956,-4.9956,-X
125.0560,-4.938092,-8.900175,-0.000001,DRIVE_LANE,2,NONE,-4.9956,-4.9956,-X
125.0720,-4.946085,-8.900175,-0.000001,DRIVE_LANE,2,NONE,-4.9956,-4.9956,-X
125.0880,-4.954078,-8.900175,-0.000001,DRIVE_LANE,2,NONE,-4.9956,-4.9956,-X
125.1040,-4.962071,-8.900175,-0.000001,DRIVE_LANE,2,NONE,-4.9956,-4.9956,-X
125.1200,-4.970064,-8.900175,-0.000001,DRIVE_LANE,2,NONE,-4.9956,-4.9956,-X
125.1360,-4.978057,-8.900175,-0.000001,DRIVE_LANE,2,NONE,-4.9956,-4.9956,-X
125.1520,-4.986050,-8.900175,-0.000001,DRIVE_LANE,2,NONE,-4.9956,-4.9956,-X
125.1680,-4.994043,-8.900175,-0.000001,DRIVE_LANE,2,NONE,-4.9956,-4.9956,-X
125.1840,-5.002036,-8.900175,-0.000001,DRIVE_LANE,2,NONE,-4.9956,-4.9956,-X
125.2000,-5.010029,-8.900175,-0.000001,DRIVE_LANE,2,NONE,-4.9956,-4.9956,-X
125.2160,-5.018022,-8.900175,-0.000001,DRIVE_LANE,2,NONE,-4.9956,-4.9956,-X
125.2320,-5.026015,-8.900174,-0.000001,DRIVE_LANE,2,NONE,-4.9956,-4.9956,-X
125.2480,-5.034008,-8.900174,-0.000001,DRIVE_LANE,2,NONE,-4.9956,-4.9956,-X
125.2640,-5.042001,-8.900174,-0.000001,DRIVE_LANE,2,NONE,-4.9956,-4.9956,-X
125.2800,-5.049994,-8.900174,-0.000001,DRIVE_LANE,2,NONE,-4.9956,-4.9956,-X
125.2960,-5.057987,-8.900174,-0.000001,DRIVE_LANE,2,NONE,-4.9956,-4.9956,-X
125.3120,-5.065980,-8.900174,-0.000001,DRIVE_LANE,2,NONE,-4.9956,-4.9956,-X
125.3280,-5.073973,-8.900174,-0.000001,DRIVE_LANE,2,NONE,-4.9956,-4.9956,-X
125.3440,-5.081967,-8.900174,-0.000001,DRIVE_LANE,2,NONE,-4.9956,-4.9956,-X
125.3600,-5.089960,-8.900174,-0.000001,DRIVE_LANE,2,NONE,-4.9956,-4.9956,-X
125.3760,-5.097953,-8.900174,-0.000001,DRIVE_LANE,2,NONE,-4.9956,-4.9956,-X
125.3920,-5.105946,-8.900174,-0.000001,DRIVE_LANE,2,NONE,-4.9956,-4.9956,-X
125.4080,-5.113939,-8.900174,-0.000001,DRIVE_LANE,2,NONE,-4.9956,-4.9956,-X
125.4240,-5.121932,-8.900174,-0.000001,DRIVE_LANE,2,NONE,-4.9956,-4.9956,-X
125.4400,-5.129925,-8.900174,-0.000001,DRIVE_LANE,2,NONE,-4.9956,-4.9956,-X
125.4560,-5.137918,-8.900174,-0.000001,DRIVE_LANE,2,NONE,-4.9956,-4.9956,-X
125.4720,-5.145911,-8.900174,-0.000001,DRIVE_LANE,2,NONE,-4.9956,-4.9956,-X
125.4880,-5.153904,-8.900174,-0.000001,DRIVE_LANE,2,NONE,-4.9956,-4.9956,-X
125.5040,-5.161897,-8.900174,-0.000001,DRIVE_LANE,2,NONE,-4.9956,-4.9956,-X
125.5200,-5.169890,-8.900174,-0.000001,DRIVE_LANE,2,NONE,-4.9956,-4.9956,-X
125.5360,-5.177883,-8.900174,-0.000001,DRIVE_LANE,2,NONE,-4.9956,-4.9956,-X
125.5520,-5.185876,-8.900174,-0.000001,DRIVE_LANE,2,NONE,-4.9956,-4.9956,-X
125.5680,-5.193869,-8.900174,-0.000001,DRIVE_LANE,2,NONE,-4.9956,-4.9956,-X
125.5840,-5.201862,-8.900174,-0.000001,DRIVE_LANE,2,NONE,-4.9956,-4.9956,-X
125.6000,-5.209855,-8.900174,-0.000001,DRIVE_LANE,2,NONE,-4.9956,-4.9956,-X
125.6160,-5.217848,-8.900174,-0.000001,DRIVE_LANE,2,NONE,-4.9956,-4.9956,-X
125.6320,-5.225841,-8.900174,-0.000001,DRIVE_LANE,2,NONE,-4.9956,-4.9956,-X
125.6480,-5.233834,-8.900174,-0.000001,DRIVE_LANE,2,NONE,-4.9956,-4.9956,-X
125.6640,-5.241827,-8.900174,-0.000001,DRIVE_LANE,2,NONE,-4.9956,-4.9956,-X
125.6800,-5.249820,-8.900174,-0.000001,DRIVE_LANE,2,NONE,-4.9956,-4.9956,-X
125.6960,-5.257813,-8.900174,-0.000001,DRIVE_LANE,2,NONE,-4.9956,-4.9956,-X
125.7120,-5.265806,-8.900174,-0.000001,DRIVE_LANE,2,NONE,-4.9956,-4.9956,-X
125.7280,-5.273799,-8.900174,-0.000001,DRIVE_LANE,2,NONE,-4.9956,-4.9956,-X
125.7440,-5.281792,-8.900174,-0.000001,DRIVE_LANE,2,NONE,-4.9956,-4.9956,-X
125.7600,-5.289785,-8.900174,-0.000001,DRIVE_LANE,2,NONE,-4.9956,-4.9956,-X
125.7760,-5.297778,-8.900174,-0.000001,DRIVE_LANE,2,NONE,-4.9956,-4.9956,-X
125.7920,-5.305771,-8.900174,-0.000001,DRIVE_LANE,2,NONE,-4.9956,-4.9956,-X
125.8080,-5.313764,-8.900174,-0.000001,DRIVE_LANE,2,NONE,-4.9956,-4.9956,-X
125.8240,-5.321757,-8.900174,-0.000001,DRIVE_LANE,2,NONE,-4.9956,-4.9956,-X
125.8400,-5.329750,-8.900174,-0.000001,DRIVE_LANE,2,NONE,-4.9956,-4.9956,-X
125.8560,-5.337743,-8.900174,-0.000001,DRIVE_LANE,2,NONE,-4.9956,-4.9956,-X
125.8720,-5.345736,-8.900174,-0.000001,DRIVE_LANE,2,NONE,-4.9956,-4.9956,-X
125.8880,-5.353729,-8.900174,-0.000001,DRIVE_LANE,2,NONE,-4.9956,-4.9956,-X
125.9040,-5.361722,-8.900174,-0.000001,DRIVE_LANE,2,NONE,-4.9956,-4.9956,-X
125.9200,-5.369715,-8.900174,-0.000001,DRIVE_LANE,2,NONE,-4.9956,-4.9956,-X
125.9360,-5.377708,-8.900174,-0.000001,DRIVE_LANE,2,NONE,-4.9956,-4.9956,-X
125.9520,-5.385701,-8.900174,-0.000001,DRIVE_LANE,2,NONE,-4.9956,-4.9956,-X
125.9680,-5.393694,-8.900174,-0.000001,DRIVE_LANE,2,NONE,-4.9956,-4.9956,-X
125.9840,-5.401687,-8.900174,-0.000001,DRIVE_LANE,2,NONE,-4.9956,-4.9956,-X
126.0000,-5.409680,-8.900174,-0.000001,DRIVE_LANE,2,NONE,-4.9956,-4.9956,-X
126.0160,-5.417673,-8.900174,-0.000001,DRIVE_LANE,2,NONE,-4.9956,-4.9956,-X
126.0320,-5.425666,-8.900174,-0.000001,DRIVE_LANE,2,NONE,-4.9956,-4.9956,-X
126.0480,-5.433659,-8.900174,-0.000001,DRIVE_LANE,2,NONE,-4.9956,-4.9956,-X
126.0640,-5.441652,-8.900174,-0.000001,DRIVE_LANE,2,NONE,-4.9956,-4.9956,-X
126.0800,-5.449645,-8.900174,-0.000001,DRIVE_LANE,2,NONE,-4.9956,-4.9956,-X
126.0960,-5.457638,-8.900174,-0.000001,DRIVE_LANE,2,NONE,-4.9956,-4.9956,-X
126.1120,-5.465632,-8.900174,-0.000001,DRIVE_LANE,2,NONE,-4.9956,-4.9956,-X
126.1280,-5.473625,-8.900174,-0.000001,DRIVE_LANE,2,NONE,-4.9956,-4.9956,-X
126.1440,-5.481618,-8.900174,-0.000001,DRIVE_LANE,2,NONE,-4.9956,-4.9956,-X
126.1600,-5.489611,-8.900174,-0.000001,DRIVE_LANE,2,NONE,-4.9956,-4.9956,-X
126.1760,-5.497604,-8.900174,-0.000001,DRIVE_LANE,2,NONE,-4.9956,-4.9956,-X
126.1920,-5.505597,-8.900174,-0.000001,DRIVE_LANE,2,NONE,-4.9956,-4.9956,-X
126.2080,-5.513590,-8.900174,-0.000001,DRIVE_LANE,2,NONE,-4.9956,-4.9956,-X
126.2240,-5.521583,-8.900174,-0.000001,DRIVE_LANE,2,NONE,-4.9956,-4.9956,-X
126.2400,-5.529576,-8.900174,-0.000001,DRIVE_LANE,2,NONE,-4.9956,-4.9956,-X
126.2560,-5.537569,-8.900174,-0.000001,DRIVE_LANE,2,NONE,-4.9956,-4.9956,-X
126.2720,-5.545562,-8.900174,-0.000001,DRIVE_LANE,2,NONE,-4.9956,-4.9956,-X
126.2880,-5.553555,-8.900174,-0.000001,DRIVE_LANE,2,NONE,-4.9956,-4.9956,-X
126.3040,-5.561548,-8.900174,-0.000001,DRIVE_LANE,2,NONE,-4.9956,-4.9956,-X
126.3200,-5.569541,-8.900174,-0.000001,DRIVE_LANE,2,NONE,-4.9956,-4.9956,-X
126.3360,-5.577534,-8.900174,-0.000001,DRIVE_LANE,2,NONE,-4.9956,-4.9956,-X
126.3520,-5.585527,-8.900174,-0.000001,DRIVE_LANE,2,NONE,-4.9956,-4.9956,-X
126.3680,-5.593520,-8.900174,-0.000001,DRIVE_LANE,2,NONE,-4.9956,-4.9956,-X
126.3840,-5.601513,-8.900174,-0.000001,DRIVE_LANE,2,NONE,-4.9956,-4.9956,-X
126.4000,-5.609506,-8.900174,-0.000001,DRIVE_LANE,2,NONE,-4.9956,-4.9956,-X
126.4160,-5.617499,-8.900174,-0.000001,DRIVE_LANE,2,NONE,-4.9956,-4.9956,-X
126.4320,-5.625492,-8.900174,-0.000001,DRIVE_LANE,2,NONE,-4.9956,-4.9956,-X
126.4480,-5.633485,-8.900174,-0.000001,DRIVE_LANE,2,NONE,-4.9956,-4.9956,-X
126.4640,-5.641478,-8.900174,-0.000001,DRIVE_LANE,2,NONE,-4.9956,-4.9956,-X
126.4800,-5.649471,-8.900174,-0.000001,DRIVE_LANE,2,NONE,-4.9956,-4.9956,-X
126.4960,-5.657464,-8.900174,-0.000001,DRIVE_LANE,2,NONE,-4.9956,-4.9956,-X
126.5120,-5.665457,-8.900174,-0.000001,DRIVE_LANE,2,NONE,-4.9956,-4.9956,-X
126.5280,-5.673450,-8.900174,-0.000001,DRIVE_LANE,2,NONE,-4.9956,-4.9956,-X
126.5440,-5.681443,-8.900174,-0.000001,DRIVE_LANE,2,NONE,-4.9956,-4.9956,-X
126.5600,-5.689436,-8.900174,-0.000001,DRIVE_LANE,2,NONE,-4.9956,-4.9956,-X
126.5760,-5.697429,-8.900174,-0.000001,DRIVE_LANE,2,NONE,-4.9956,-4.9956,-X
126.5920,-5.705422,-8.900174,-0.000001,DRIVE_LANE,2,NONE,-4.9956,-4.9956,-X
126.6080,-5.713415,-8.900174,-0.000001,DRIVE_LANE,2,NONE,-4.9956,-4.9956,-X
126.6240,-5.721408,-8.900174,-0.000001,DRIVE_LANE,2,NONE,-4.9956,-4.9956,-X
126.6400,-5.729402,-8.900174,-0.000001,DRIVE_LANE,2,NONE,-4.9956,-4.9956,-X
126.6560,-5.737395,-8.900174,-0.000001,DRIVE_LANE,2,NONE,-4.9956,-4.9956,-X
126.6720,-5.745388,-8.900174,-0.000001,DRIVE_LANE,2,NONE,-4.9956,-4.9956,-X
126.6880,-5.753381,-8.900174,-0.000001,DRIVE_LANE,2,NONE,-4.9956,-4.9956,-X
126.7040,-5.761374,-8.900174,-0.000001,DRIVE_LANE,2,NONE,-4.9956,-4.9956,-X
126.7200,-5.769367,-8.900174,-0.000001,DRIVE_LANE,2,NONE,-4.9956,-4.9956,-X
126.7360,-5.777360,-8.900174,-0.000001,DRIVE_LANE,2,NONE,-4.9956,-4.9956,-X
126.7520,-5.785353,-8.900174,-0.000001,DRIVE_LANE,2,NONE,-4.9956,-4.9956,-X
126.7680,-5.793346,-8.900174,-0.000001,DRIVE_LANE,2,NONE,-4.9956,-4.9956,-X
126.7840,-5.801339,-8.900174,-0.000001,DRIVE_LANE,2,NONE,-4.9956,-4.9956,-X
126.8000,-5.809332,-8.900174,-0.000001,DRIVE_LANE,2,NONE,-4.9956,-4.9956,-X
126.8160,-5.817325,-8.900174,-0.000001,DRIVE_LANE,2,NONE,-4.9956,-4.9956,-X
126.8320,-5.825318,-8.900174,-0.000001,DRIVE_LANE,2,NONE,-4.9956,-4.9956,-X
126.8480,-5.833311,-8.900174,-0.000001,DRIVE_LANE,2,NONE,-4.9956,-4.9956,-X
126.8640,-5.841304,-8.900174,-0.000001,DRIVE_LANE,2,NONE,-4.9956,-4.9956,-X
126.8800,-5.849297,-8.900174,-0.000001,DRIVE_LANE,2,NONE,-4.9956,-4.9956,-X
126.8960,-5.857290,-8.900174,-0.000001,DRIVE_LANE,2,NONE,-4.9956,-4.9956,-X
126.9120,-5.865283,-8.900174,-0.000001,DRIVE_LANE,2,NONE,-4.9956,-4.9956,-X
126.9280,-5.873276,-8.900174,-0.000001,DRIVE_LANE,2,NONE,-4.9956,-4.9956,-X
126.9440,-5.881269,-8.900174,-0.000001,DRIVE_LANE,2,NONE,-4.9956,-4.9956,-X
126.9600,-5.889262,-8.900174,-0.000001,DRIVE_LANE,2,NONE,-4.9956,-4.9956,-X
126.9760,-5.897255,-8.900174,-0.000001,DRIVE_LANE,2,NONE,-4.9956,-4.9956,-X
126.9920,-5.905248,-8.900174,-0.000001,DRIVE_LANE,2,NONE,-4.9956,-4.9956,-X
127.0080,-5.913241,-8.900174,-0.000001,DRIVE_LANE,2,NONE,-4.9956,-4.9956,-X
127.0240,-5.921234,-8.900174,-0.000001,DRIVE_LANE,2,NONE,-4.9956,-4.9956,-X
127.0400,-5.929227,-8.900174,-0.000001,DRIVE_LANE,2,NONE,-4.9956,-4.9956,-X
127.0560,-5.937220,-8.900174,-0.000001,DRIVE_LANE,2,NONE,-4.9956,-4.9956,-X
127.0720,-5.945213,-8.900174,-0.000001,DRIVE_LANE,2,NONE,-4.9956,-4.9956,-X
127.0880,-5.953207,-8.900174,-0.000001,DRIVE_LANE,2,NONE,-4.9956,-4.9956,-X
127.1040,-5.961200,-8.900174,-0.000001,DRIVE_LANE,2,NONE,-4.9956,-4.9956,-X
127.1200,-5.969193,-8.900174,-0.000001,DRIVE_LANE,2,NONE,-4.9956,-4.9956,-X
127.1360,-5.977186,-8.900174,-0.000001,DRIVE_LANE,2,NONE,-4.9957,-4.9957,-X
127.1520,-5.985179,-8.900174,-0.000001,DRIVE_LANE,2,NONE,-4.9957,-4.9957,-X
127.1680,-5.993172,-8.900174,-0.000001,DRIVE_LANE,2,NONE,-4.9957,-4.9957,-X
127.1840,-6.001165,-8.900174,-0.000001,DRIVE_LANE,2,NONE,-4.9957,-4.9957,-X
127.2000,-6.009158,-8.900174,-0.000001,DRIVE_LANE,2,NONE,-4.9957,-4.9957,-X
127.2160,-6.017151,-8.900174,-0.000001,DRIVE_LANE,2,NONE,-4.9957,-4.9957,-X
127.2320,-6.025144,-8.900174,-0.000001,DRIVE_LANE,2,NONE,-4.9957,-4.9957,-X
127.2480,-6.033137,-8.900174,-0.000001,DRIVE_LANE,2,NONE,-4.9957,-4.9957,-X
127.2640,-6.041130,-8.900174,-0.000001,DRIVE_LANE,2,NONE,-4.9957,-4.9957,-X
127.2800,-6.049123,-8.900174,-0.000001,DRIVE_LANE,2,NONE,-4.9957,-4.9957,-X
127.2960,-6.057116,-8.900174,-0.000001,DRIVE_LANE,2,NONE,-4.9957,-4.9957,-X
127.3120,-6.065109,-8.900174,-0.000001,DRIVE_LANE,2,NONE,-4.9957,-4.9957,-X
127.3280,-6.073102,-8.900174,-0.000001,DRIVE_LANE,2,NONE,-4.9957,-4.9957,-X
127.3440,-6.081095,-8.900174,-0.000001,DRIVE_LANE,2,NONE,-4.9957,-4.9957,-X
127.3600,-6.089088,-8.900174,-0.000001,DRIVE_LANE,2,NONE,-4.9957,-4.9957,-X
127.3760,-6.097081,-8.900174,-0.000001,DRIVE_LANE,2,NONE,-4.9957,-4.9957,-X
127.3920,-6.105074,-8.900174,-0.000001,DRIVE_LANE,2,NONE,-4.9957,-4.9957,-X
127.4080,-6.113067,-8.900174,-0.000001,DRIVE_LANE,2,NONE,-4.9957,-4.9957,-X
127.4240,-6.121060,-8.900174,-0.000001,DRIVE_LANE,2,NONE,-4.9957,-4.9957,-X
127.4400,-6.129053,-8.900174,-0.000001,DRIVE_LANE,2,NONE,-4.9957,-4.9957,-X
127.4560,-6.137046,-8.900174,-0.000001,DRIVE_LANE,2,NONE,-4.9957,-4.9957,-X
127.4720,-6.145040,-8.900174,-0.000001,DRIVE_LANE,2,NONE,-4.9957,-4.9957,-X
127.4880,-6.153033,-8.900174,-0.000001,DRIVE_LANE,2,NONE,-4.9957,-4.9957,-X
127.5040,-6.161026,-8.900174,-0.000001,DRIVE_LANE,2,NONE,-4.9957,-4.9957,-X
127.5200,-6.169019,-8.900174,-0.000001,DRIVE_LANE,2,NONE,-4.9957,-4.9957,-X
127.5360,-6.177012,-8.900174,-0.000001,DRIVE_LANE,2,NONE,-4.9957,-4.9957,-X
127.5520,-6.185005,-8.900174,-0.000001,DRIVE_LANE,2,NONE,-4.9957,-4.9957,-X
127.5680,-6.192998,-8.900174,-0.000001,DRIVE_LANE,2,NONE,-4.9957,-4.9957,-X
127.5840,-6.200991,-8.900174,-0.000001,DRIVE_LANE,2,NONE,-4.9957,-4.9957,-X
127.6000,-6.208984,-8.900174,-0.000001,DRIVE_LANE,2,NONE,-4.9957,-4.9957,-X
127.6160,-6.216977,-8.900174,-0.000001,DRIVE_LANE,2,NONE,-4.9957,-4.9957,-X
127.6320,-6.224970,-8.900173,-0.000001,DRIVE_LANE,2,NONE,-4.9957,-4.9957,-X
127.6480,-6.232963,-8.900173,-0.000001,DRIVE_LANE,2,NONE,-4.9957,-4.9957,-X
127.6640,-6.240956,-8.900173,-0.000001,DRIVE_LANE,2,NONE,-4.9957,-4.9957,-X
127.6800,-6.248949,-8.900173,-0.000001,DRIVE_LANE,2,NONE,-4.9957,-4.9957,-X
127.6960,-6.256942,-8.900173,-0.000001,DRIVE_LANE,2,NONE,-4.9957,-4.9957,-X
127.7120,-6.264935,-8.900173,-0.000001,DRIVE_LANE,2,NONE,-4.9957,-4.9957,-X
127.7280,-6.272928,-8.900173,-0.000001,DRIVE_LANE,2,NONE,-4.9957,-4.9957,-X
127.7440,-6.280921,-8.900173,-0.000001,DRIVE_LANE,2,NONE,-4.9957,-4.9957,-X
127.7600,-6.288914,-8.900173,-0.000001,DRIVE_LANE,2,NONE,-4.9957,-4.9957,-X
127.7760,-6.296907,-8.900173,-0.000001,DRIVE_LANE,2,NONE,-4.9957,-4.9957,-X
127.7920,-6.304900,-8.900173,-0.000001,DRIVE_LANE,2,NONE,-4.9957,-4.9957,-X
127.8080,-6.312894,-8.900173,-0.000001,DRIVE_LANE,2,NONE,-4.9957,-4.9957,-X
127.8240,-6.320887,-8.900173,-0.000001,DRIVE_LANE,2,NONE,-4.9957,-4.9957,-X
127.8400,-6.328880,-8.900173,-0.000001,DRIVE_LANE,2,NONE,-4.9957,-4.9957,-X
127.8560,-6.336873,-8.900173,-0.000001,DRIVE_LANE,2,NONE,-4.9957,-4.9957,-X
127.8720,-6.344866,-8.900173,-0.000001,DRIVE_LANE,2,NONE,-4.9957,-4.9957,-X
127.8880,-6.352859,-8.900173,-0.000001,DRIVE_LANE,2,NONE,-4.9957,-4.9957,-X
127.9040,-6.360852,-8.900173,-0.000001,DRIVE_LANE,2,NONE,-4.9957,-4.9957,-X
127.9200,-6.368845,-8.900173,-0.000001,DRIVE_LANE,2,NONE,-4.9957,-4.9957,-X
127.9360,-6.376838,-8.900173,-0.000001,DRIVE_LANE,2,NONE,-4.9957,-4.9957,-X
127.9520,-6.384831,-8.900173,-0.000001,DRIVE_LANE,2,NONE,-4.9957,-4.9957,-X
127.9680,-6.392824,-8.900173,-0.000001,DRIVE_LANE,2,NONE,-4.9957,-4.9957,-X
127.9840,-6.400817,-8.900173,-0.000001,DRIVE_LANE,2,NONE,-4.9957,-4.9957,-X
128.0000,-6.408810,-8.900173,-0.000001,DRIVE_LANE,2,NONE,-4.9957,-4.9957,-X
128.0160,-6.416803,-8.900173,-0.000001,DRIVE_LANE,2,NONE,-4.9957,-4.9957,-X
128.0320,-6.424796,-8.900173,-0.000001,DRIVE_LANE,2,NONE,-4.9957,-4.9957,-X
128.0480,-6.432789,-8.900173,-0.000001,DRIVE_LANE,2,NONE,-4.9957,-4.9957,-X
128.0640,-6.440782,-8.900173,-0.000001,DRIVE_LANE,2,NONE,-4.9957,-4.9957,-X
128.0800,-6.448775,-8.900173,-0.000001,DRIVE_LANE,2,NONE,-4.9957,-4.9957,-X
128.0960,-6.456768,-8.900173,-0.000001,DRIVE_LANE,2,NONE,-4.9957,-4.9957,-X
128.1120,-6.464762,-8.900173,-0.000001,DRIVE_LANE,2,NONE,-4.9957,-4.9957,-X
128.1280,-6.472755,-8.900173,-0.000001,DRIVE_LANE,2,NONE,-4.9957,-4.9957,-X
128.1440,-6.480748,-8.900173,-0.000001,DRIVE_LANE,2,NONE,-4.9957,-4.9957,-X
128.1600,-6.488741,-8.900173,-0.000001,DRIVE_LANE,2,NONE,-4.9957,-4.9957,-X
128.1760,-6.496734,-8.900173,-0.000001,DRIVE_LANE,2,NONE,-4.9957,-4.9957,-X
128.1920,-6.504727,-8.900173,-0.000001,DRIVE_LANE,2,NONE,-4.9957,-4.9957,-X
128.2080,-6.512720,-8.900173,-0.000001,DRIVE_LANE,2,NONE,-4.9957,-4.9957,-X
128.2240,-6.520713,-8.900173,-0.000001,DRIVE_LANE,2,NONE,-4.9957,-4.9957,-X
128.2400,-6.528706,-8.900173,-0.000001,DRIVE_LANE,2,NONE,-4.9957,-4.9957,-X
128.2560,-6.536699,-8.900173,-0.000001,DRIVE_LANE,2,NONE,-4.9957,-4.9957,-X
128.2720,-6.544692,-8.900173,-0.000001,DRIVE_LANE,2,NONE,-4.9957,-4.9957,-X
128.2880,-6.552685,-8.900173,-0.000001,DRIVE_LANE,2,NONE,-4.9957,-4.9957,-X
128.3040,-6.560678,-8.900173,-0.000001,DRIVE_LANE,2,NONE,-4.9957,-4.9957,-X
128.3200,-6.568671,-8.900173,-0.000001,DRIVE_LANE,2,NONE,-4.9957,-4.9957,-X
128.3360,-6.576664,-8.900173,-0.000001,DRIVE_LANE,2,NONE,-4.9957,-4.9957,-X
128.3520,-6.584657,-8.900173,-0.000001,DRIVE_LANE,2,NONE,-4.9957,-4.9957,-X
128.3680,-6.592650,-8.900173,-0.000001,DRIVE_LANE,2,NONE,-4.9957,-4.9957,-X
128.3840,-6.600643,-8.900173,-0.000001,DRIVE_LANE,2,NONE,-4.9957,-4.9957,-X
128.4000,-6.608637,-8.900173,-0.000001,DRIVE_LANE,2,NONE,-4.9957,-4.9957,-X
128.4160,-6.616630,-8.900173,-0.000001,DRIVE_LANE,2,NONE,-4.9957,-4.9957,-X
128.4320,-6.624623,-8.900173,-0.000001,DRIVE_LANE,2,NONE,-4.9957,-4.9957,-X
128.4480,-6.632616,-8.900173,-0.000001,DRIVE_LANE,2,NONE,-4.9957,-4.9957,-X
128.4640,-6.640609,-8.900173,-0.000001,DRIVE_LANE,2,NONE,-4.9957,-4.9957,-X
128.4800,-6.648602,-8.900173,-0.000001,DRIVE_LANE,2,NONE,-4.9957,-4.9957,-X
128.4960,-6.656595,-8.900173,-0.000001,DRIVE_LANE,2,NONE,-4.9957,-4.9957,-X
128.5120,-6.664588,-8.900173,-0.000001,DRIVE_LANE,2,NONE,-4.9957,-4.9957,-X
128.5280,-6.672581,-8.900173,-0.000001,DRIVE_LANE,2,NONE,-4.9957,-4.9957,-X
128.5440,-6.680574,-8.900173,-0.000001,DRIVE_LANE,2,NONE,-4.9957,-4.9957,-X
128.5600,-6.688567,-8.900173,-0.000001,DRIVE_LANE,2,NONE,-4.9957,-4.9957,-X
128.5760,-6.696560,-8.900173,-0.000001,DRIVE_LANE,2,NONE,-4.9957,-4.9957,-X
128.5920,-6.704553,-8.900173,-0.000001,DRIVE_LANE,2,NONE,-4.9957,-4.9957,-X
128.6080,-6.712546,-8.900173,-0.000001,DRIVE_LANE,2,NONE,-4.9957,-4.9957,-X
128.6240,-6.720539,-8.900173,-0.000001,DRIVE_LANE,2,NONE,-4.9957,-4.9957,-X
128.6400,-6.728532,-8.900173,-0.000001,DRIVE_LANE,2,NONE,-4.9957,-4.9957,-X
128.6560,-6.736525,-8.900173,-0.000001,DRIVE_LANE,2,NONE,-4.9957,-4.9957,-X
128.6720,-6.744519,-8.900173,-0.000001,DRIVE_LANE,2,NONE,-4.9957,-4.9957,-X
128.6880,-6.752512,-8.900173,-0.000001,DRIVE_LANE,2,NONE,-4.9957,-4.9957,-X
128.7040,-6.760505,-8.900173,-0.000001,DRIVE_LANE,2,NONE,-4.9957,-4.9957,-X
128.7200,-6.768498,-8.900173,-0.000001,DRIVE_LANE,2,NONE,-4.9957,-4.9957,-X
128.7360,-6.776491,-8.900173,-0.000001,DRIVE_LANE,2,NONE,-4.9957,-4.9957,-X
128.7520,-6.784484,-8.900173,-0.000001,DRIVE_LANE,2,NONE,-4.9957,-4.9957,-X
128.7680,-6.792477,-8.900173,-0.000001,DRIVE_LANE,2,NONE,-4.9957,-4.9957,-X
128.7840,-6.800470,-8.900173,-0.000001,DRIVE_LANE,2,NONE,-4.9957,-4.9957,-X
128.8000,-6.808463,-8.900173,-0.000001,DRIVE_LANE,2,NONE,-4.9957,-4.9957,-X
128.8160,-6.816456,-8.900173,-0.000001,DRIVE_LANE,2,NONE,-4.9957,-4.9957,-X
128.8320,-6.824449,-8.900173,-0.000001,DRIVE_LANE,2,NONE,-4.9957,-4.9957,-X
128.8480,-6.832442,-8.900173,-0.000001,DRIVE_LANE,2,NONE,-4.9957,-4.9957,-X
128.8640,-6.840435,-8.900173,-0.000001,DRIVE_LANE,2,NONE,-4.9957,-4.9957,-X
128.8800,-6.848428,-8.900173,-0.000001,DRIVE_LANE,2,NONE,-4.9957,-4.9957,-X
128.8960,-6.856421,-8.900173,-0.000001,DRIVE_LANE,2,NONE,-4.9957,-4.9957,-X
128.9120,-6.864414,-8.900173,-0.000001,DRIVE_LANE,2,NONE,-4.9957,-4.9957,-X
128.9280,-6.872408,-8.900173,-0.000001,DRIVE_LANE,2,NONE,-4.9957,-4.9957,-X
128.9440,-6.880401,-8.900173,-0.000001,DRIVE_LANE,2,NONE,-4.9957,-4.9957,-X
128.9600,-6.888394,-8.900173,-0.000001,DRIVE_LANE,2,NONE,-4.9957,-4.9957,-X
128.9760,-6.896387,-8.900173,-0.000001,DRIVE_LANE,2,NONE,-4.9957,-4.9957,-X
128.9920,-6.904380,-8.900173,-0.000001,DRIVE_LANE,2,NONE,-4.9957,-4.9957,-X
129.0080,-6.912373,-8.900173,-0.000001,DRIVE_LANE,2,NONE,-4.9957,-4.9957,-X
129.0240,-6.920366,-8.900173,-0.000001,DRIVE_LANE,2,NONE,-4.9957,-4.9957,-X
129.0400,-6.928359,-8.900173,-0.000001,DRIVE_LANE,2,NONE,-4.9957,-4.9957,-X
129.0560,-6.936352,-8.900173,-0.000001,DRIVE_LANE,2,NONE,-4.9957,-4.9957,-X
129.0720,-6.944345,-8.900173,-0.000001,DRIVE_LANE,2,NONE,-4.9957,-4.9957,-X
129.0880,-6.952338,-8.900173,-0.000001,DRIVE_LANE,2,NONE,-4.9957,-4.9957,-X
129.1040,-6.960331,-8.900173,-0.000001,DRIVE_LANE,2,NONE,-4.9957,-4.9957,-X
129.1200,-6.968324,-8.900173,-0.000001,DRIVE_LANE,2,NONE,-4.9957,-4.9957,-X
129.1360,-6.976317,-8.900173,-0.000001,DRIVE_LANE,2,NONE,-4.9957,-4.9957,-X
129.1520,-6.984310,-8.900173,-0.000001,DRIVE_LANE,2,NONE,-4.9957,-4.9957,-X
129.1680,-6.992304,-8.900173,-0.000001,DRIVE_LANE,2,NONE,-4.9957,-4.9957,-X
129.1840,-7.000297,-8.900173,-0.000001,DRIVE_LANE,2,NONE,-4.9957,-4.9957,-X
129.2000,-7.008290,-8.900173,-0.000001,DRIVE_LANE,2,NONE,-4.9957,-4.9957,-X
129.2160,-7.016283,-8.900173,-0.000001,DRIVE_LANE,2,NONE,-4.9957,-4.9957,-X
129.2320,-7.024276,-8.900173,-0.000001,DRIVE_LANE,2,NONE,-4.9957,-4.9957,-X
129.2480,-7.032269,-8.900173,-0.000001,DRIVE_LANE,2,NONE,-4.9957,-4.9957,-X
129.2640,-7.040262,-8.900173,-0.000001,DRIVE_LANE,2,NONE,-4.9957,-4.9957,-X
129.2800,-7.048255,-8.900173,-0.000001,DRIVE_LANE,2,NONE,-4.9957,-4.9957,-X
129.2960,-7.056248,-8.900173,-0.000001,DRIVE_LANE,2,NONE,-4.9957,-4.9957,-X
129.3120,-7.064241,-8.900173,-0.000001,DRIVE_LANE,2,NONE,-4.9957,-4.9957,-X
129.3280,-7.072234,-8.900173,-0.000001,DRIVE_LANE,2,NONE,-4.9957,-4.9957,-X
129.3440,-7.080227,-8.900173,-0.000001,DRIVE_LANE,2,NONE,-4.9957,-4.9957,-X
129.3600,-7.088220,-8.900173,-0.000001,DRIVE_LANE,2,NONE,-4.9957,-4.9957,-X
129.3760,-7.096213,-8.900173,-0.000001,DRIVE_LANE,2,NONE,-4.9957,-4.9957,-X
129.3920,-7.104207,-8.900173,-0.000001,DRIVE_LANE,2,NONE,-4.9957,-4.9957,-X
129.4080,-7.112200,-8.900173,-0.000001,DRIVE_LANE,2,NONE,-4.9957,-4.9957,-X
129.4240,-7.120193,-8.900173,-0.000001,DRIVE_LANE,2,NONE,-4.9957,-4.9957,-X
129.4400,-7.128186,-8.900173,-0.000001,DRIVE_LANE,2,NONE,-4.9957,-4.9957,-X
129.4560,-7.136179,-8.900173,-0.000001,DRIVE_LANE,2,NONE,-4.9957,-4.9957,-X
129.4720,-7.144172,-8.900173,-0.000001,DRIVE_LANE,2,NONE,-4.9957,-4.9957,-X
129.4880,-7.152165,-8.900173,-0.000001,DRIVE_LANE,2,NONE,-4.9957,-4.9957,-X
129.5040,-7.160158,-8.900173,-0.000001,DRIVE_LANE,2,NONE,-4.9957,-4.9957,-X
129.5200,-7.168151,-8.900173,-0.000001,DRIVE_LANE,2,NONE,-4.9957,-4.9957,-X
129.5360,-7.176144,-8.900173,-0.000001,DRIVE_LANE,2,NONE,-4.9957,-4.9957,-X
129.5520,-7.184137,-8.900173,-0.000001,DRIVE_LANE,2,NONE,-4.9957,-4.9957,-X
129.5680,-7.192130,-8.900173,-0.000001,DRIVE_LANE,2,NONE,-4.9957,-4.9957,-X
129.5840,-7.200123,-8.900173,-0.000001,DRIVE_LANE,2,NONE,-4.9957,-4.9957,-X
129.6000,-7.208116,-8.900173,-0.000001,DRIVE_LANE,2,NONE,-4.9957,-4.9957,-X
129.6160,-7.216110,-8.900173,-0.000001,DRIVE_LANE,2,NONE,-4.9957,-4.9957,-X
129.6320,-7.224103,-8.900173,-0.000001,DRIVE_LANE,2,NONE,-4.9957,-4.9957,-X
129.6480,-7.232096,-8.900173,-0.000001,DRIVE_LANE,2,NONE,-4.9957,-4.9957,-X
129.6640,-7.240089,-8.900173,-0.000001,DRIVE_LANE,2,NONE,-4.9957,-4.9957,-X
129.6800,-7.248082,-8.900173,-0.000001,DRIVE_LANE,2,NONE,-4.9957,-4.9957,-X
129.6960,-7.256075,-8.900173,-0.000001,DRIVE_LANE,2,NONE,-4.9957,-4.9957,-X
129.7120,-7.264068,-8.900173,-0.000001,DRIVE_LANE,2,NONE,-4.9957,-4.9957,-X
129.7280,-7.272061,-8.900173,-0.000001,DRIVE_LANE,2,NONE,-4.9957,-4.9957,-X
129.7440,-7.280054,-8.900173,-0.000001,DRIVE_LANE,2,NONE,-4.9957,-4.9957,-X
129.7600,-7.288047,-8.900173,-0.000001,DRIVE_LANE,2,NONE,-4.9957,-4.9957,-X
129.7760,-7.296040,-8.900173,-0.000001,DRIVE_LANE,2,NONE,-4.9957,-4.9957,-X
129.7920,-7.304033,-8.900173,-0.000001,DRIVE_LANE,2,NONE,-4.9957,-4.9957,-X
129.8080,-7.312026,-8.900173,-0.000001,DRIVE_LANE,2,NONE,-4.9957,-4.9957,-X
129.8240,-7.320020,-8.900173,-0.000001,DRIVE_LANE,2,NONE,-4.9957,-4.9957,-X
129.8400,-7.328013,-8.900173,-0.000001,DRIVE_LANE,2,NONE,-4.9957,-4.9957,-X
129.8560,-7.336006,-8.900173,-0.000001,DRIVE_LANE,2,NONE,-4.9957,-4.9957,-X
129.8720,-7.343999,-8.900173,-0.000001,DRIVE_LANE,2,NONE,-4.9957,-4.9957,-X
129.8880,-7.351992,-8.900173,-0.000001,DRIVE_LANE,2,NONE,-4.9957,-4.9957,-X
129.9040,-7.359985,-8.900173,-0.000001,DRIVE_LANE,2,NONE,-4.9957,-4.9957,-X
129.9200,-7.367978,-8.900173,-0.000001,DRIVE_LANE,2,NONE,-4.9957,-4.9957,-X
129.9360,-7.375971,-8.900173,-0.000001,DRIVE_LANE,2,NONE,-4.9957,-4.9957,-X
129.9520,-7.383964,-8.900173,-0.000001,DRIVE_LANE,2,NONE,-4.9957,-4.9957,-X
129.9680,-7.391957,-8.900173,-0.000001,DRIVE_LANE,2,NONE,-4.9957,-4.9957,-X
129.9840,-7.399950,-8.900173,-0.000001,DRIVE_LANE,2,NONE,-4.9957,-4.9957,-X
130.0000,-7.407943,-8.900173,-0.000001,DRIVE_LANE,2,NONE,-4.9957,-4.9957,-X
130.0160,-7.415936,-8.900173,-0.000001,DRIVE_LANE,2,NONE,-4.9957,-4.9957,-X
130.0320,-7.423930,-8.900172,-0.000001,DRIVE_LANE,2,NONE,-4.9957,-4.9957,-X
130.0480,-7.431923,-8.900172,-0.000001,DRIVE_LANE,2,NONE,-4.9957,-4.9957,-X
130.0640,-7.439916,-8.900172,-0.000001,DRIVE_LANE,2,NONE,-4.9957,-4.9957,-X
130.0800,-7.447909,-8.900172,-0.000001,DRIVE_LANE,2,NONE,-4.9957,-4.9957,-X
130.0960,-7.455902,-8.900172,-0.000001,DRIVE_LANE,2,NONE,-4.9957,-4.9957,-X
130.1120,-7.463895,-8.900172,-0.000001,DRIVE_LANE,2,NONE,-4.9957,-4.9957,-X
130.1280,-7.471888,-8.900172,-0.000001,DRIVE_LANE,2,NONE,-4.9957,-4.9957,-X
130.1440,-7.479881,-8.900172,-0.000001,DRIVE_LANE,2,NONE,-4.9957,-4.9957,-X
130.1600,-7.487874,-8.900172,-0.000001,DRIVE_LANE,2,NONE,-4.9957,-4.9957,-X
130.1760,-7.495867,-8.900172,-0.000001,DRIVE_LANE,2,NONE,-4.9957,-4.9957,-X
130.1920,-7.503860,-8.900172,-0.000001,DRIVE_LANE,2,NONE,-4.9957,-4.9957,-X
130.2080,-7.511853,-8.900172,-0.000001,DRIVE_LANE,2,NONE,-4.9957,-4.9957,-X
130.2240,-7.519847,-8.900172,-0.000001,DRIVE_LANE,2,NONE,-4.9957,-4.9957,-X
130.2400,-7.527840,-8.900172,-0.000001,DRIVE_LANE,2,NONE,-4.9957,-4.9957,-X
130.2560,-7.535833,-8.900172,-0.000001,DRIVE_LANE,2,NONE,-4.9957,-4.9957,-X
130.2720,-7.543826,-8.900172,-0.000001,DRIVE_LANE,2,NONE,-4.9957,-4.9957,-X
130.2880,-7.551819,-8.900172,-0.000001,DRIVE_LANE,2,NONE,-4.9957,-4.9957,-X
130.3040,-7.559812,-8.900172,-0.000001,DRIVE_LANE,2,NONE,-4.9957,-4.9957,-X
130.3200,-7.567805,-8.900172,-0.000001,DRIVE_LANE,2,NONE,-4.9957,-4.9957,-X
130.3360,-7.575798,-8.900172,-0.000001,DRIVE_LANE,2,NONE,-4.9957,-4.9957,-X
130.3520,-7.583791,-8.900172,-0.000001,DRIVE_LANE,2,NONE,-4.9957,-4.9957,-X
130.3680,-7.591784,-8.900172,-0.000001,DRIVE_LANE,2,NONE,-4.9957,-4.9957,-X
130.3840,-7.599777,-8.900172,-0.000001,DRIVE_LANE,2,NONE,-4.9957,-4.9957,-X
130.4000,-7.607770,-8.900172,-0.000001,DRIVE_LANE,2,NONE,-4.9957,-4.9957,-X
130.4160,-7.615764,-8.900172,-0.000001,DRIVE_LANE,2,NONE,-4.9957,-4.9957,-X
130.4320,-7.623757,-8.900172,-0.000001,DRIVE_LANE,2,NONE,-4.9957,-4.9957,-X
130.4480,-7.631750,-8.900172,-0.000001,DRIVE_LANE,2,NONE,-4.9957,-4.9957,-X
130.4640,-7.639743,-8.900172,-0.000001,DRIVE_LANE,2,NONE,-4.9957,-4.9957,-X
130.4800,-7.647736,-8.900172,-0.000001,DRIVE_LANE,2,NONE,-4.9957,-4.9957,-X
130.4960,-7.655729,-8.900172,-0.000001,DRIVE_LANE,2,NONE,-4.9957,-4.9957,-X
130.5120,-7.663722,-8.900172,-0.000001,DRIVE_LANE,2,NONE,-4.9957,-4.9957,-X
130.5280,-7.671715,-8.900172,-0.000001,DRIVE_LANE,2,NONE,-4.9957,-4.9957,-X
130.5440,-7.679708,-8.900172,-0.000001,DRIVE_LANE,2,NONE,-4.9957,-4.9957,-X
130.5600,-7.687701,-8.900172,-0.000001,DRIVE_LANE,2,NONE,-4.9957,-4.9957,-X
130.5760,-7.695694,-8.900172,-0.000001,DRIVE_LANE,2,NONE,-4.9957,-4.9957,-X
130.5920,-7.703687,-8.900172,-0.000001,DRIVE_LANE,2,NONE,-4.9957,-4.9957,-X
130.6080,-7.711681,-8.900172,-0.000001,DRIVE_LANE,2,NONE,-4.9957,-4.9957,-X
130.6240,-7.719674,-8.900172,-0.000001,DRIVE_LANE,2,NONE,-4.9957,-4.9957,-X
130.6400,-7.727667,-8.900172,-0.000001,DRIVE_LANE,2,NONE,-4.9957,-4.9957,-X
130.6560,-7.735660,-8.900172,-0.000001,DRIVE_LANE,2,NONE,-4.9957,-4.9957,-X
130.6720,-7.743653,-8.900172,-0.000001,DRIVE_LANE,2,NONE,-4.9957,-4.9957,-X
130.6880,-7.751646,-8.900172,-0.000001,DRIVE_LANE,2,NONE,-4.9957,-4.9957,-X
130.7040,-7.759639,-8.900172,-0.000001,DRIVE_LANE,2,NONE,-4.9957,-4.9957,-X
130.7200,-7.767632,-8.900172,-0.000001,DRIVE_LANE,2,NONE,-4.9957,-4.9957,-X
130.7360,-7.775625,-8.900172,-0.000001,DRIVE_LANE,2,NONE,-4.9957,-4.9957,-X
130.7520,-7.783618,-8.900172,-0.000001,DRIVE_LANE,2,NONE,-4.9957,-4.9957,-X
130.7680,-7.791611,-8.900172,-0.000001,DRIVE_LANE,2,NONE,-4.9957,-4.9957,-X
130.7840,-7.799605,-8.900172,-0.000001,DRIVE_LANE,2,NONE,-4.9957,-4.9957,-X
130.8000,-7.807598,-8.900172,-0.000001,DRIVE_LANE,2,NONE,-4.9957,-4.9957,-X
130.8160,-7.815591,-8.900172,-0.000001,DRIVE_LANE,2,NONE,-4.9957,-4.9957,-X
130.8320,-7.823584,-8.900172,-0.000001,DRIVE_LANE,2,NONE,-4.9957,-4.9957,-X
130.8480,-7.831577,-8.900172,-0.000001,DRIVE_LANE,2,NONE,-4.9957,-4.9957,-X
130.8640,-7.839570,-8.900172,-0.000001,DRIVE_LANE,2,NONE,-4.9957,-4.9957,-X
130.8800,-7.847563,-8.900172,-0.000001,DRIVE_LANE,2,NONE,-4.9957,-4.9957,-X
130.8960,-7.855556,-8.900172,-0.000001,DRIVE_LANE,2,NONE,-4.9957,-4.9957,-X
130.9120,-7.863549,-8.900172,-0.000001,DRIVE_LANE,2,NONE,-4.9957,-4.9957,-X
130.9280,-7.871542,-8.900172,-0.000001,DRIVE_LANE,2,NONE,-4.9957,-4.9957,-X
130.9440,-7.879535,-8.900172,-0.000001,DRIVE_LANE,2,NONE,-4.9957,-4.9957,-X
130.9600,-7.887529,-8.900172,-0.000001,DRIVE_LANE,2,NONE,-4.9957,-4.9957,-X
130.9760,-7.895522,-8.900172,-0.000001,DRIVE_LANE,2,NONE,-4.9957,-4.9957,-X
130.9920,-7.903515,-8.900172,-0.000001,DRIVE_LANE,2,NONE,-4.9957,-4.9957,-X
131.0080,-7.911508,-8.900172,-0.000001,DRIVE_LANE,2,NONE,-4.9957,-4.9957,-X
131.0240,-7.919501,-8.900172,-0.000001,DRIVE_LANE,2,NONE,-4.9957,-4.9957,-X
131.0400,-7.927494,-8.900172,-0.000001,DRIVE_LANE,2,NONE,-4.9957,-4.9957,-X
131.0560,-7.935487,-8.900172,-0.000001,DRIVE_LANE,2,NONE,-4.9957,-4.9957,-X
131.0720,-7.943480,-8.900172,-0.000001,DRIVE_LANE,2,NONE,-4.9957,-4.9957,-X
131.0880,-7.951473,-8.900172,-0.000001,DRIVE_LANE,2,NONE,-4.9957,-4.9957,-X
131.1040,-7.959466,-8.900172,-0.000001,DRIVE_LANE,2,NONE,-4.9957,-4.9957,-X
131.1200,-7.967459,-8.900172,-0.000001,DRIVE_LANE,2,NONE,-4.9957,-4.9957,-X
131.1360,-7.975453,-8.900172,-0.000001,DRIVE_LANE,2,NONE,-4.9957,-4.9957,-X
131.1520,-7.983446,-8.900172,-0.000001,DRIVE_LANE,2,NONE,-4.9957,-4.9957,-X
131.1680,-7.991439,-8.900172,-0.000001,DRIVE_LANE,2,NONE,-4.9957,-4.9957,-X
131.1840,-7.999432,-8.900172,-0.000001,DRIVE_LANE,2,NONE,-4.9957,-4.9957,-X
131.2000,-8.007425,-8.900172,-0.000001,DRIVE_LANE,2,NONE,-4.9957,-4.9957,-X
131.2160,-8.015418,-8.900172,-0.000001,DRIVE_LANE,2,NONE,-4.9957,-4.9957,-X
131.2320,-8.023411,-8.900172,-0.000001,DRIVE_LANE,2,NONE,-4.9957,-4.9957,-X
131.2480,-8.031404,-8.900172,-0.000001,DRIVE_LANE,2,NONE,-4.9957,-4.9957,-X
131.2640,-8.039397,-8.900172,-0.000001,DRIVE_LANE,2,NONE,-4.9957,-4.9957,-X
131.2800,-8.047390,-8.900172,-0.000001,DRIVE_LANE,2,NONE,-4.9957,-4.9957,-X
131.2960,-8.055384,-8.900172,-0.000001,DRIVE_LANE,2,NONE,-4.9957,-4.9957,-X
131.3120,-8.063377,-8.900172,-0.000001,DRIVE_LANE,2,NONE,-4.9957,-4.9957,-X
131.3280,-8.071370,-8.900172,-0.000001,DRIVE_LANE,2,NONE,-4.9957,-4.9957,-X
131.3440,-8.079363,-8.900172,-0.000001,DRIVE_LANE,2,NONE,-4.9957,-4.9957,-X
131.3600,-8.087356,-8.900172,-0.000001,DRIVE_LANE,2,NONE,-4.9957,-4.9957,-X
131.3760,-8.095349,-8.900172,-0.000001,DRIVE_LANE,2,NONE,-4.9957,-4.9957,-X
131.3920,-8.103342,-8.900172,-0.000001,DRIVE_LANE,2,NONE,-4.9957,-4.9957,-X
131.4080,-8.111335,-8.900172,-0.000001,DRIVE_LANE,2,NONE,-4.9957,-4.9957,-X
131.4240,-8.119328,-8.900172,-0.000001,DRIVE_LANE,2,NONE,-4.9957,-4.9957,-X
131.4400,-8.127321,-8.900172,-0.000001,DRIVE_LANE,2,NONE,-4.9957,-4.9957,-X
131.4560,-8.135315,-8.900172,-0.000001,DRIVE_LANE,2,NONE,-4.9957,-4.9957,-X
131.4720,-8.143308,-8.900172,-0.000001,DRIVE_LANE,2,NONE,-4.9957,-4.9957,-X
131.4880,-8.151301,-8.900172,-0.000001,DRIVE_LANE,2,NONE,-4.9957,-4.9957,-X
131.5040,-8.159294,-8.900172,-0.000001,DRIVE_LANE,2,NONE,-4.9957,-4.9957,-X
131.5200,-8.167287,-8.900172,-0.000001,DRIVE_LANE,2,NONE,-4.9957,-4.9957,-X
131.5360,-8.175280,-8.900172,-0.000001,DRIVE_LANE,2,NONE,-4.9957,-4.9957,-X
131.5520,-8.183273,-8.900172,-0.000001,DRIVE_LANE,2,NONE,-4.9957,-4.9957,-X
131.5680,-8.191266,-8.900172,-0.000001,DRIVE_LANE,2,NONE,-4.9957,-4.9957,-X
131.5840,-8.199259,-8.900172,-0.000001,DRIVE_LANE,2,NONE,-4.9957,-4.9957,-X
131.6000,-8.207252,-8.900172,-0.000001,DRIVE_LANE,2,NONE,-4.9957,-4.9957,-X
131.6160,-8.215246,-8.900172,-0.000001,DRIVE_LANE,2,NONE,-4.9957,-4.9957,-X
131.6320,-8.223239,-8.900172,-0.000001,DRIVE_LANE,2,NONE,-4.9957,-4.9957,-X
131.6480,-8.231232,-8.900172,-0.000001,DRIVE_LANE,2,NONE,-4.9957,-4.9957,-X
131.6640,-8.239225,-8.900172,-0.000001,DRIVE_LANE,2,NONE,-4.9957,-4.9957,-X
131.6800,-8.247218,-8.900172,-0.000001,DRIVE_LANE,2,NONE,-4.9957,-4.9957,-X
131.6960,-8.255211,-8.900172,-0.000001,DRIVE_LANE,2,NONE,-4.9957,-4.9957,-X
131.7120,-8.263204,-8.900172,-0.000001,DRIVE_LANE,2,NONE,-4.9957,-4.9957,-X
131.7280,-8.271197,-8.900172,-0.000001,DRIVE_LANE,2,NONE,-4.9957,-4.9957,-X
131.7440,-8.279190,-8.900172,-0.000001,DRIVE_LANE,2,NONE,-4.9957,-4.9957,-X
131.7600,-8.287183,-8.900172,-0.000001,DRIVE_LANE,2,NONE,-4.9957,-4.9957,-X
131.7760,-8.295177,-8.900172,-0.000001,DRIVE_LANE,2,NONE,-4.9957,-4.9957,-X
131.7920,-8.303170,-8.900172,-0.000001,DRIVE_LANE,2,NONE,-4.9957,-4.9957,-X
131.8080,-8.311163,-8.900172,-0.000001,DRIVE_LANE,2,NONE,-4.9957,-4.9957,-X
131.8240,-8.319156,-8.900172,-0.000001,DRIVE_LANE,2,NONE,-4.9957,-4.9957,-X
131.8400,-8.327149,-8.900172,-0.000001,DRIVE_LANE,2,NONE,-4.9957,-4.9957,-X
131.8560,-8.335142,-8.900172,-0.000001,DRIVE_LANE,2,NONE,-4.9957,-4.9957,-X
131.8720,-8.343135,-8.900172,-0.000001,DRIVE_LANE,2,NONE,-4.9957,-4.9957,-X
131.8880,-8.351128,-8.900172,-0.000001,DRIVE_LANE,2,NONE,-4.9957,-4.9957,-X
131.9040,-8.359121,-8.900172,-0.000001,DRIVE_LANE,2,NONE,-4.9957,-4.9957,-X
131.9200,-8.367115,-8.900172,-0.000001,DRIVE_LANE,2,NONE,-4.9957,-4.9957,-X
131.9360,-8.375108,-8.900172,-0.000001,DRIVE_LANE,2,NONE,-4.9957,-4.9957,-X
131.9520,-8.383101,-8.900172,-0.000001,DRIVE_LANE,2,NONE,-4.9957,-4.9957,-X
131.9680,-8.391094,-8.900172,-0.000001,DRIVE_LANE,2,NONE,-4.9957,-4.9957,-X
131.9840,-8.399087,-8.900172,-0.000001,DRIVE_LANE,2,NONE,-4.9957,-4.9957,-X
132.0000,-8.407080,-8.900172,-0.000001,DRIVE_LANE,2,NONE,-4.9957,-4.9957,-X
132.0160,-8.415073,-8.900172,-0.000001,DRIVE_LANE,2,NONE,-4.9957,-4.9957,-X
132.0320,-8.423066,-8.900172,-0.000001,DRIVE_LANE,2,NONE,-4.9957,-4.9957,-X
132.0480,-8.431059,-8.900172,-0.000001,DRIVE_LANE,2,NONE,-4.9957,-4.9957,-X
132.0640,-8.439052,-8.900172,-0.000001,DRIVE_LANE,2,NONE,-4.9957,-4.9957,-X
132.0800,-8.447046,-8.900172,-0.000001,DRIVE_LANE,2,NONE,-4.9957,-4.9957,-X
132.0960,-8.455039,-8.900172,-0.000001,DRIVE_LANE,2,NONE,-4.9957,-4.9957,-X
132.1120,-8.463032,-8.900172,-0.000001,DRIVE_LANE,2,NONE,-4.9957,-4.9957,-X
132.1280,-8.471025,-8.900172,-0.000001,DRIVE_LANE,2,NONE,-4.9957,-4.9957,-X
132.1440,-8.479018,-8.900172,-0.000001,DRIVE_LANE,2,NONE,-4.9957,-4.9957,-X
132.1600,-8.487011,-8.900172,-0.000001,DRIVE_LANE,2,NONE,-4.9957,-4.9957,-X
132.1760,-8.495004,-8.900172,-0.000001,DRIVE_LANE,2,NONE,-4.9957,-4.9957,-X
132.1920,-8.502997,-8.900172,-0.000001,DRIVE_LANE,2,NONE,-4.9957,-4.9957,-X
132.2080,-8.510990,-8.900172,-0.000001,DRIVE_LANE,2,NONE,-4.9957,-4.9957,-X
132.2240,-8.518984,-8.900172,-0.000001,DRIVE_LANE,2,NONE,-4.9957,-4.9957,-X
132.2400,-8.526977,-8.900172,-0.000001,DRIVE_LANE,2,NONE,-4.9957,-4.9957,-X
132.2560,-8.534970,-8.900172,-0.000001,DRIVE_LANE,2,NONE,-4.9957,-4.9957,-X
132.2720,-8.542963,-8.900172,-0.000001,DRIVE_LANE,2,NONE,-4.9957,-4.9957,-X
132.2880,-8.550956,-8.900172,-0.000001,DRIVE_LANE,2,NONE,-4.9957,-4.9957,-X
132.3040,-8.558949,-8.900172,-0.000001,DRIVE_LANE,2,NONE,-4.9957,-4.9957,-X
132.3200,-8.566942,-8.900172,-0.000001,DRIVE_LANE,2,NONE,-4.9957,-4.9957,-X
132.3360,-8.574935,-8.900172,-0.000001,DRIVE_LANE,2,NONE,-4.9957,-4.9957,-X
132.3520,-8.582928,-8.900172,-0.000001,DRIVE_LANE,2,NONE,-4.9957,-4.9957,-X
132.3680,-8.590922,-8.900172,-0.000001,DRIVE_LANE,2,NONE,-4.9957,-4.9957,-X
132.3840,-8.598915,-8.900172,-0.000001,DRIVE_LANE,2,NONE,-4.9957,-4.9957,-X
132.4000,-8.606908,-8.900172,-0.000001,DRIVE_LANE,2,NONE,-4.9957,-4.9957,-X
132.4160,-8.614901,-8.900172,-0.000001,DRIVE_LANE,2,NONE,-4.9957,-4.9957,-X
132.4320,-8.622894,-8.900172,-0.000001,DRIVE_LANE,2,NONE,-4.9957,-4.9957,-X
132.4480,-8.630887,-8.900171,-0.000001,DRIVE_LANE,2,NONE,-4.9957,-4.9957,-X
132.4640,-8.638880,-8.900171,-0.000001,DRIVE_LANE,2,NONE,-4.9957,-4.9957,-X
132.4800,-8.646873,-8.900171,-0.000001,DRIVE_LANE,2,NONE,-4.9957,-4.9957,-X
132.4960,-8.654866,-8.900171,-0.000001,DRIVE_LANE,2,NONE,-4.9957,-4.9957,-X
132.5120,-8.662860,-8.900171,-0.000001,DRIVE_LANE,2,NONE,-4.9957,-4.9957,-X
132.5280,-8.670853,-8.900171,-0.000001,DRIVE_LANE,2,NONE,-4.9957,-4.9957,-X
132.5440,-8.678846,-8.900171,-0.000001,DRIVE_LANE,2,NONE,-4.9957,-4.9957,-X
132.5600,-8.686839,-8.900171,-0.000001,DRIVE_LANE,2,NONE,-4.9957,-4.9957,-X
132.5760,-8.694832,-8.900171,-0.000001,DRIVE_LANE,2,NONE,-4.9957,-4.9957,-X
132.5920,-8.702825,-8.900171,-0.000001,DRIVE_LANE,2,NONE,-4.9957,-4.9957,-X
132.6080,-8.710818,-8.900171,-0.000001,DRIVE_LANE,2,NONE,-4.9957,-4.9957,-X
132.6240,-8.718811,-8.900171,-0.000001,DRIVE_LANE,2,NONE,-4.9957,-4.9957,-X
132.6400,-8.726805,-8.900171,-0.000001,DRIVE_LANE,2,NONE,-4.9957,-4.9957,-X
132.6560,-8.734798,-8.900171,-0.000001,DRIVE_LANE,2,NONE,-4.9957,-4.9957,-X
132.6720,-8.742791,-8.900171,-0.000001,DRIVE_LANE,2,NONE,-4.9957,-4.9957,-X
132.6880,-8.750784,-8.900171,-0.000001,DRIVE_LANE,2,NONE,-4.9957,-4.9957,-X
132.7040,-8.758777,-8.900171,-0.000001,DRIVE_LANE,2,NONE,-4.9957,-4.9957,-X
132.7200,-8.766770,-8.900171,-0.000001,DRIVE_LANE,2,NONE,-4.9957,-4.9957,-X
132.7360,-8.774763,-8.900171,-0.000001,DRIVE_LANE,2,NONE,-4.9957,-4.9957,-X
132.7520,-8.782756,-8.900171,-0.000001,DRIVE_LANE,2,NONE,-4.9957,-4.9957,-X
132.7680,-8.790749,-8.900171,-0.000001,DRIVE_LANE,2,NONE,-4.9957,-4.9957,-X
132.7840,-8.798743,-8.900171,-0.000001,DRIVE_LANE,2,NONE,-4.9957,-4.9957,-X
132.8000,-8.806736,-8.900171,-0.000001,DRIVE_LANE,2,NONE,-4.9957,-4.9957,-X
132.8160,-8.814729,-8.900171,-0.000001,DRIVE_LANE,2,NONE,-4.9957,-4.9957,-X
132.8320,-8.822722,-8.900171,-0.000001,DRIVE_LANE,2,NONE,-4.9957,-4.9957,-X
132.8480,-8.830715,-8.900171,-0.000001,APPROACH_BOUNDARY,2,NONE,-4.9957,-4.9957,-X
132.8640,-8.838708,-8.900171,-0.000001,APPROACH_BOUNDARY,2,NONE,-4.9367,-4.9367,-X
132.8800,-8.846610,-8.900171,-0.000001,APPROACH_BOUNDARY,2,NONE,-4.8840,-4.8840,-X
132.8960,-8.854427,-8.900171,-0.000001,APPROACH_BOUNDARY,2,NONE,-4.8320,-4.8320,-X
132.9120,-8.862160,-8.900171,-0.000001,APPROACH_BOUNDARY,2,NONE,-4.7804,-4.7804,-X
132.9280,-8.869810,-8.900171,-0.000001,APPROACH_BOUNDARY,2,NONE,-4.7295,-4.7295,-X
132.9440,-8.877378,-8.900171,-0.000001,APPROACH_BOUNDARY,2,NONE,-4.6791,-4.6791,-X
132.9600,-8.884866,-8.900171,-0.000001,APPROACH_BOUNDARY,2,NONE,-4.6292,-4.6292,-X
132.9760,-8.892273,-8.900171,-0.000001,APPROACH_BOUNDARY,2,NONE,-4.5799,-4.5799,-X
132.9920,-8.899602,-8.900171,-0.000001,APPROACH_BOUNDARY,2,NONE,-4.5310,-4.5310,-X
133.0080,-8.906852,-8.900171,-0.000001,APPROACH_BOUNDARY,2,NONE,-4.4828,-4.4828,-X
133.0240,-8.914025,-8.900171,-0.000001,APPROACH_BOUNDARY,2,NONE,-4.4350,-4.4350,-X
133.0400,-8.921121,-8.900171,-0.000001,APPROACH_BOUNDARY,2,NONE,-4.3877,-4.3877,-X
133.0560,-8.928141,-8.900171,-0.000001,APPROACH_BOUNDARY,2,NONE,-4.3409,-4.3409,-X
133.0720,-8.935087,-8.900171,-0.000001,APPROACH_BOUNDARY,2,NONE,-4.2947,-4.2947,-X
133.0880,-8.941958,-8.900171,-0.000001,APPROACH_BOUNDARY,2,NONE,-4.2489,-4.2489,-X
133.1040,-8.948757,-8.900171,-0.000001,APPROACH_BOUNDARY,2,NONE,-4.2036,-4.2036,-X
133.1200,-8.955483,-8.900171,-0.000001,APPROACH_BOUNDARY,2,NONE,-4.1588,-4.1588,-X
133.1360,-8.962137,-8.900171,-0.000001,APPROACH_BOUNDARY,2,NONE,-4.1145,-4.1145,-X
133.1520,-8.968720,-8.900171,-0.000001,APPROACH_BOUNDARY,2,NONE,-4.0707,-4.0707,-X
133.1680,-8.975233,-8.900171,-0.000001,APPROACH_BOUNDARY,2,NONE,-4.0273,-4.0273,-X
133.1840,-8.981676,-8.900171,-0.000001,APPROACH_BOUNDARY,2,NONE,-3.9844,-3.9844,-X
133.2000,-8.988051,-8.900171,-0.000001,APPROACH_BOUNDARY,2,NONE,-3.9419,-3.9419,-X
133.2160,-8.994358,-8.900171,-0.000001,APPROACH_BOUNDARY,2,NONE,-3.8998,-3.8998,-X
133.2320,-9.000598,-8.900171,-0.000001,APPROACH_BOUNDARY,2,NONE,-3.8582,-3.8582,-X
133.2480,-9.006771,-8.900171,-0.000001,APPROACH_BOUNDARY,2,NONE,-3.8169,-3.8169,-X
133.2640,-9.012878,-8.900171,-0.000001,APPROACH_BOUNDARY,2,NONE,-3.7762,-3.7762,-X
133.2800,-9.018920,-8.900171,-0.000001,APPROACH_BOUNDARY,2,NONE,-3.7358,-3.7358,-X
133.2960,-9.024897,-8.900171,-0.000001,APPROACH_BOUNDARY,2,NONE,-3.6959,-3.6959,-X
133.3120,-9.030810,-8.900171,-0.000001,APPROACH_BOUNDARY,2,NONE,-3.6564,-3.6564,-X
133.3280,-9.036661,-8.900171,-0.000001,APPROACH_BOUNDARY,2,NONE,-3.6173,-3.6173,-X
133.3440,-9.042448,-8.900171,-0.000001,APPROACH_BOUNDARY,2,NONE,-3.5787,-3.5787,-X
133.3600,-9.048174,-8.900171,-0.000001,APPROACH_BOUNDARY,2,NONE,-3.5404,-3.5404,-X
133.3760,-9.053839,-8.900171,-0.000001,APPROACH_BOUNDARY,2,NONE,-3.5026,-3.5026,-X
133.3920,-9.059443,-8.900171,-0.000001,APPROACH_BOUNDARY,2,NONE,-3.4651,-3.4651,-X
133.4080,-9.064987,-8.900171,-0.000001,APPROACH_BOUNDARY,2,NONE,-3.4281,-3.4281,-X
133.4240,-9.070472,-8.900171,-0.000001,APPROACH_BOUNDARY,2,NONE,-3.3914,-3.3914,-X
133.4400,-9.075898,-8.900171,-0.000001,APPROACH_BOUNDARY,2,NONE,-3.3552,-3.3552,-X
133.4560,-9.081266,-8.900171,-0.000001,APPROACH_BOUNDARY,2,NONE,-3.3193,-3.3193,-X
133.4720,-9.086577,-8.900171,-0.000001,APPROACH_BOUNDARY,2,NONE,-3.2838,-3.2838,-X
133.4880,-9.091831,-8.900171,-0.000001,APPROACH_BOUNDARY,2,NONE,-3.2487,-3.2487,-X
133.5040,-9.097029,-8.900171,-0.000001,APPROACH_BOUNDARY,2,NONE,-3.2139,-3.2139,-X
133.5200,-9.102171,-8.900171,-0.000001,APPROACH_BOUNDARY,2,NONE,-3.1795,-3.1795,-X
133.5360,-9.107258,-8.900171,-0.000001,APPROACH_BOUNDARY,2,NONE,-3.1455,-3.1455,-X
133.5520,-9.112291,-8.900171,-0.000001,APPROACH_BOUNDARY,2,NONE,-3.1119,-3.1119,-X
133.5680,-9.117270,-8.900171,-0.000001,APPROACH_BOUNDARY,2,NONE,-3.0786,-3.0786,-X
133.5840,-9.122196,-8.900171,-0.000001,APPROACH_BOUNDARY,2,NONE,-3.0456,-3.0456,-X
133.6000,-9.127069,-8.900171,-0.000001,APPROACH_BOUNDARY,2,NONE,-3.0130,-3.0130,-X
133.6160,-9.131889,-8.900171,-0.000001,APPROACH_BOUNDARY,2,NONE,-2.9808,-2.9808,-X
133.6320,-9.136658,-8.900171,-0.000001,APPROACH_BOUNDARY,2,NONE,-2.9488,-2.9488,-X
133.6480,-9.141377,-8.900171,-0.000001,APPROACH_BOUNDARY,2,NONE,-2.9173,-2.9173,-X
133.6640,-9.146044,-8.900171,-0.000001,APPROACH_BOUNDARY,2,NONE,-2.8860,-2.8860,-X
133.6800,-9.150662,-8.900171,-0.000001,APPROACH_BOUNDARY,2,NONE,-2.8551,-2.8551,-X
133.6960,-9.155230,-8.900171,-0.000001,APPROACH_BOUNDARY,2,NONE,-2.8245,-2.8245,-X
133.7120,-9.159749,-8.900171,-0.000001,APPROACH_BOUNDARY,2,NONE,-2.7942,-2.7942,-X
133.7280,-9.164220,-8.900171,-0.000001,APPROACH_BOUNDARY,2,NONE,-2.7643,-2.7643,-X
133.7440,-9.168643,-8.900171,-0.000001,APPROACH_BOUNDARY,2,NONE,-2.7347,-2.7347,-X
133.7600,-9.173018,-8.900171,-0.000001,APPROACH_BOUNDARY,2,NONE,-2.7053,-2.7053,-X
133.7760,-9.177346,-8.900171,-0.000001,APPROACH_BOUNDARY,2,NONE,-2.6763,-2.6763,-X
133.7920,-9.181628,-8.900171,-0.000001,APPROACH_BOUNDARY,2,NONE,-2.6476,-2.6476,-X
133.8080,-9.185865,-8.900171,-0.000001,APPROACH_BOUNDARY,2,NONE,-2.6192,-2.6192,-X
133.8240,-9.190055,-8.900171,-0.000001,APPROACH_BOUNDARY,2,NONE,-2.5911,-2.5911,-X
133.8400,-9.194201,-8.900171,-0.000001,APPROACH_BOUNDARY,2,NONE,-2.5632,-2.5632,-X
133.8560,-9.198302,-8.900171,-0.000001,APPROACH_BOUNDARY,2,NONE,-2.5357,-2.5357,-X
133.8720,-9.202359,-8.900171,-0.000001,APPROACH_BOUNDARY,2,NONE,-2.5085,-2.5085,-X
133.8880,-9.206373,-8.900171,-0.000001,APPROACH_BOUNDARY,2,NONE,-2.4815,-2.4815,-X
133.9040,-9.210343,-8.900171,-0.000001,APPROACH_BOUNDARY,2,NONE,-2.4548,-2.4548,-X
133.9200,-9.214271,-8.900171,-0.000001,APPROACH_BOUNDARY,2,NONE,-2.4284,-2.4284,-X
133.9360,-9.218156,-8.900171,-0.000001,APPROACH_BOUNDARY,2,NONE,-2.4023,-2.4023,-X
133.9520,-9.222000,-8.900171,-0.000001,APPROACH_BOUNDARY,2,NONE,-2.3764,-2.3764,-X
133.9680,-9.225802,-8.900171,-0.000001,APPROACH_BOUNDARY,2,NONE,-2.3508,-2.3508,-X
133.9840,-9.229563,-8.900171,-0.000001,APPROACH_BOUNDARY,2,NONE,-2.3255,-2.3255,-X
134.0000,-9.233284,-8.900171,-0.000001,APPROACH_BOUNDARY,2,NONE,-2.3004,-2.3004,-X
134.0160,-9.236965,-8.900171,-0.000001,APPROACH_BOUNDARY,2,NONE,-2.2756,-2.2756,-X
134.0320,-9.240606,-8.900171,-0.000001,APPROACH_BOUNDARY,2,NONE,-2.2511,-2.2511,-X
134.0480,-9.244207,-8.900171,-0.000001,APPROACH_BOUNDARY,2,NONE,-2.2268,-2.2268,-X
134.0640,-9.247770,-8.900171,-0.000001,APPROACH_BOUNDARY,2,NONE,-2.2027,-2.2027,-X
134.0800,-9.251294,-8.900171,-0.000001,APPROACH_BOUNDARY,2,NONE,-2.1789,-2.1789,-X
134.0960,-9.254781,-8.900171,-0.000001,APPROACH_BOUNDARY,2,NONE,-2.1553,-2.1553,-X
134.1120,-9.258229,-8.900171,-0.000001,APPROACH_BOUNDARY,2,NONE,-2.1320,-2.1320,-X
134.1280,-9.261640,-8.900171,-0.000001,APPROACH_BOUNDARY,2,NONE,-2.1089,-2.1089,-X
134.1440,-9.265014,-8.900171,-0.000001,APPROACH_BOUNDARY,2,NONE,-2.0860,-2.0860,-X
134.1600,-9.268352,-8.900171,-0.000001,APPROACH_BOUNDARY,2,NONE,-2.0634,-2.0634,-X
134.1760,-9.271653,-8.900171,-0.000001,APPROACH_BOUNDARY,2,NONE,-2.0409,-2.0409,-X
134.1920,-9.274919,-8.900171,-0.000001,APPROACH_BOUNDARY,2,NONE,-2.0187,-2.0187,-X
134.2080,-9.278149,-8.900171,-0.000001,APPROACH_BOUNDARY,2,NONE,-1.9968,-1.9968,-X
134.2240,-9.281343,-8.900171,-0.000001,APPROACH_BOUNDARY,2,NONE,-1.9750,-1.9750,-X
134.2400,-9.284503,-8.900171,-0.000001,APPROACH_BOUNDARY,2,NONE,-1.9534,-1.9534,-X
134.2560,-9.287629,-8.900171,-0.000001,APPROACH_BOUNDARY,2,NONE,-1.9321,-1.9321,-X
134.2720,-9.290720,-8.900171,-0.000001,APPROACH_BOUNDARY,2,NONE,-1.9109,-1.9109,-X
134.2880,-9.293778,-8.900171,-0.000001,APPROACH_BOUNDARY,2,NONE,-1.8900,-1.8900,-X
134.3040,-9.296801,-8.900171,-0.000001,APPROACH_BOUNDARY,2,NONE,-1.8692,-1.8692,-X
134.3200,-9.299792,-8.900171,-0.000001,APPROACH_BOUNDARY,2,NONE,-1.8486,-1.8486,-X
134.3360,-9.302750,-8.900171,-0.000001,APPROACH_BOUNDARY,2,NONE,-1.8283,-1.8283,-X
134.3520,-9.305675,-8.900171,-0.000001,APPROACH_BOUNDARY,2,NONE,-1.8081,-1.8081,-X
134.3680,-9.308568,-8.900171,-0.000001,APPROACH_BOUNDARY,2,NONE,-1.7880,-1.7880,-X
134.3840,-9.311429,-8.900171,-0.000001,APPROACH_BOUNDARY,2,NONE,-1.7682,-1.7682,-X
134.4000,-9.314258,-8.900171,-0.000001,APPROACH_BOUNDARY,2,NONE,-1.7485,-1.7485,-X
134.4160,-9.317056,-8.900171,-0.000001,APPROACH_BOUNDARY,2,NONE,-1.7290,-1.7290,-X
134.4320,-9.319822,-8.900171,-0.000001,APPROACH_BOUNDARY,2,NONE,-1.7096,-1.7096,-X
134.4480,-9.322557,-8.900171,-0.000001,APPROACH_BOUNDARY,2,NONE,-1.6904,-1.6904,-X
134.4640,-9.325262,-8.900171,-0.000001,APPROACH_BOUNDARY,2,NONE,-1.6714,-1.6714,-X
134.4800,-9.327936,-8.900171,-0.000001,APPROACH_BOUNDARY,2,NONE,-1.6525,-1.6525,-X
134.4960,-9.330580,-8.900171,-0.000001,APPROACH_BOUNDARY,2,NONE,-1.6337,-1.6337,-X
134.5120,-9.333194,-8.900171,-0.000001,APPROACH_BOUNDARY,2,NONE,-1.6150,-1.6150,-X
134.5280,-9.335778,-8.900171,-0.000001,APPROACH_BOUNDARY,2,NONE,-1.5965,-1.5965,-X
134.5440,-9.338332,-8.900171,-0.000001,APPROACH_BOUNDARY,2,NONE,-1.5781,-1.5781,-X
134.5600,-9.340857,-8.900171,-0.000001,APPROACH_BOUNDARY,2,NONE,-1.5598,-1.5598,-X
134.5760,-9.343353,-8.900171,-0.000001,APPROACH_BOUNDARY,2,NONE,-1.5415,-1.5415,-X
134.5920,-9.345819,-8.900171,-0.000001,APPROACH_BOUNDARY,2,NONE,-1.5234,-1.5234,-X
134.6080,-9.348257,-8.900171,-0.000001,APPROACH_BOUNDARY,2,NONE,-1.5053,-1.5053,-X
134.6240,-9.350665,-8.900171,-0.000001,APPROACH_BOUNDARY,2,NONE,-1.4873,-1.4873,-X
134.6400,-9.353045,-8.900171,-0.000001,APPROACH_BOUNDARY,2,NONE,-1.4693,-1.4693,-X
134.6560,-9.355396,-8.900171,-0.000001,APPROACH_BOUNDARY,2,NONE,-1.4514,-1.4514,-X
134.6720,-9.357718,-8.900171,-0.000001,APPROACH_BOUNDARY,2,NONE,-1.4335,-1.4335,-X
134.6880,-9.360012,-8.900171,-0.000001,APPROACH_BOUNDARY,2,NONE,-1.4155,-1.4155,-X
134.7040,-9.362277,-8.900171,-0.000001,APPROACH_BOUNDARY,2,NONE,-1.3976,-1.3976,-X
134.7200,-9.364513,-8.900171,-0.000001,APPROACH_BOUNDARY,2,NONE,-1.3796,-1.3796,-X
134.7360,-9.366720,-8.900171,-0.000001,APPROACH_BOUNDARY,2,NONE,-1.3615,-1.3615,-X
134.7520,-9.368898,-8.900171,-0.000001,APPROACH_BOUNDARY,2,NONE,-1.3433,-1.3433,-X
134.7680,-9.371048,-8.900171,-0.000001,APPROACH_BOUNDARY,2,NONE,-1.3250,-1.3250,-X
134.7840,-9.373168,-8.900171,-0.000001,APPROACH_BOUNDARY,2,NONE,-1.3065,-1.3065,-X
134.8000,-9.375258,-8.900171,-0.000001,APPROACH_BOUNDARY,2,NONE,-1.2877,-1.2877,-X
134.8160,-9.377319,-8.900171,-0.000001,APPROACH_BOUNDARY,2,NONE,-1.2687,-1.2687,-X
134.8320,-9.379349,-8.900171,-0.000001,APPROACH_BOUNDARY,2,NONE,-1.2494,-1.2494,-X
134.8480,-9.381348,-8.900171,-0.000001,APPROACH_BOUNDARY,2,NONE,-1.2297,-1.2297,-X
134.8640,-9.383315,-8.900171,-0.000001,APPROACH_BOUNDARY,2,NONE,-1.2095,-1.2095,-X
134.8800,-9.385251,-8.900171,-0.000001,APPROACH_BOUNDARY,2,NONE,-1.1887,-1.1887,-X
134.8960,-9.387153,-8.900171,-0.000001,APPROACH_BOUNDARY,2,NONE,-1.1673,-1.1673,-X
134.9120,-9.389021,-8.900171,-0.000001,APPROACH_BOUNDARY,2,NONE,-1.1451,-1.1451,-X
134.9280,-9.390853,-8.900171,-0.000001,APPROACH_BOUNDARY,2,NONE,-1.1220,-1.1220,-X
134.9440,-9.392648,-8.900171,-0.000001,APPROACH_BOUNDARY,2,NONE,-1.0979,-1.0979,-X
134.9600,-9.394405,-8.900171,-0.000001,APPROACH_BOUNDARY,2,NONE,-1.0725,-1.0725,-X
134.9760,-9.396121,-8.900171,-0.000001,APPROACH_BOUNDARY,2,NONE,-1.0456,-1.0456,-X
134.9920,-9.397795,-8.900171,-0.000001,APPROACH_BOUNDARY,2,NONE,-1.0170,-1.0170,-X
135.0080,-9.399422,-8.900171,-0.000001,APPROACH_BOUNDARY,2,NONE,-1.0000,-1.0000,-X
135.0240,-9.401022,-8.900171,-0.000001,APPROACH_BOUNDARY,2,NONE,-1.0000,-1.0000,-X
135.0400,-9.402621,-8.900171,-0.000001,APPROACH_BOUNDARY,2,NONE,-1.0000,-1.0000,-X
135.0560,-9.404220,-8.900171,-0.000001,APPROACH_BOUNDARY,2,NONE,-1.0000,-1.0000,-X
135.0720,-9.405819,-8.900171,-0.000001,APPROACH_BOUNDARY,2,NONE,-1.0000,-1.0000,-X
135.0880,-9.407418,-8.900171,-0.000001,APPROACH_BOUNDARY,2,NONE,-1.0000,-1.0000,-X
135.1040,-9.409018,-8.900171,-0.000001,APPROACH_BOUNDARY,2,NONE,-1.0000,-1.0000,-X
135.1200,-9.410617,-8.900171,-0.000001,APPROACH_BOUNDARY,2,NONE,-1.0000,-1.0000,-X
135.1360,-9.412217,-8.900171,-0.000001,APPROACH_BOUNDARY,2,NONE,-1.0000,-1.0000,-X
135.1520,-9.413816,-8.900171,-0.000001,APPROACH_BOUNDARY,2,NONE,-1.0000,-1.0000,-X
135.1680,-9.415416,-8.900171,-0.000001,APPROACH_BOUNDARY,2,NONE,-1.0000,-1.0000,-X
135.1840,-9.417016,-8.900171,-0.000001,APPROACH_BOUNDARY,2,NONE,-1.0000,-1.0000,-X
135.2000,-9.418616,-8.900171,-0.000001,APPROACH_BOUNDARY,2,NONE,-1.0000,-1.0000,-X
135.2160,-9.420216,-8.900171,-0.000001,STOP_AT_BOUNDARY,2,NONE,-0.0000,-0.0000,-X
135.2320,-9.420271,-8.900171,-0.000001,STOP_AT_BOUNDARY,2,NONE,-0.0000,-0.0000,-X
135.2480,-9.420263,-8.900171,-0.000001,STOP_AT_BOUNDARY,2,NONE,-0.0000,-0.0000,-X
135.2640,-9.420253,-8.900171,-0.000001,STOP_AT_BOUNDARY,2,NONE,-0.0000,-0.0000,-X
135.2800,-9.420246,-8.900171,-0.000001,STOP_AT_BOUNDARY,2,NONE,-0.0000,-0.0000,-X
135.2960,-9.420240,-8.900171,-0.000001,TURN_TO_SHIFT,2,TURN_TO_SHIFT,-0.0000,-0.0000,-X
135.3120,-9.420235,-8.900171,-0.000001,TURN_TO_SHIFT,2,TURN_TO_SHIFT,1.7600,-1.7600,-X
135.3280,-9.420231,-8.899605,-0.002615,TURN_TO_SHIFT,2,TURN_TO_SHIFT,1.7600,-1.7600,-X
135.3440,-9.420231,-8.898463,-0.007855,TURN_TO_SHIFT,2,TURN_TO_SHIFT,1.7600,-1.7600,-X
135.3600,-9.420229,-8.896742,-0.015741,TURN_TO_SHIFT,2,TURN_TO_SHIFT,1.7600,-1.7600,-X
135.3760,-9.420226,-8.894432,-0.026294,TURN_TO_SHIFT,2,TURN_TO_SHIFT,1.7600,-1.7600,-X
135.3920,-9.420155,-8.891906,-0.037784,TURN_TO_SHIFT,2,TURN_TO_SHIFT,1.7600,-1.7600,-X
135.4080,-9.420053,-8.889378,-0.049278,TURN_TO_SHIFT,2,TURN_TO_SHIFT,1.7600,-1.7600,-X
135.4240,-9.419920,-8.886852,-0.060773,TURN_TO_SHIFT,2,TURN_TO_SHIFT,1.7600,-1.7600,-X
135.4400,-9.419757,-8.884328,-0.072267,TURN_TO_SHIFT,2,TURN_TO_SHIFT,1.7600,-1.7600,-X
135.4560,-9.419564,-8.881806,-0.083762,TURN_TO_SHIFT,2,TURN_TO_SHIFT,1.7600,-1.7600,-X
135.4720,-9.419341,-8.879288,-0.095257,TURN_TO_SHIFT,2,TURN_TO_SHIFT,1.7600,-1.7600,-X
135.4880,-9.419088,-8.876772,-0.106752,TURN_TO_SHIFT,2,TURN_TO_SHIFT,1.7600,-1.7600,-X
135.5040,-9.418807,-8.874261,-0.118247,TURN_TO_SHIFT,2,TURN_TO_SHIFT,1.7600,-1.7600,-X
135.5200,-9.418496,-8.871752,-0.129741,TURN_TO_SHIFT,2,TURN_TO_SHIFT,1.7600,-1.7600,-X
135.5360,-9.418155,-8.869248,-0.141236,TURN_TO_SHIFT,2,TURN_TO_SHIFT,1.7600,-1.7600,-X
135.5520,-9.417786,-8.866748,-0.152730,TURN_TO_SHIFT,2,TURN_TO_SHIFT,1.7600,-1.7600,-X
135.5680,-9.417388,-8.864253,-0.164225,TURN_TO_SHIFT,2,TURN_TO_SHIFT,1.7600,-1.7600,-X
135.5840,-9.416961,-8.861762,-0.175719,TURN_TO_SHIFT,2,TURN_TO_SHIFT,1.7600,-1.7600,-X
135.6000,-9.416506,-8.859277,-0.187213,TURN_TO_SHIFT,2,TURN_TO_SHIFT,1.7600,-1.7600,-X
135.6160,-9.416022,-8.856797,-0.198707,TURN_TO_SHIFT,2,TURN_TO_SHIFT,1.7600,-1.7600,-X
135.6320,-9.415509,-8.854322,-0.210201,TURN_TO_SHIFT,2,TURN_TO_SHIFT,1.7600,-1.7600,-X
135.6480,-9.414968,-8.851854,-0.221695,TURN_TO_SHIFT,2,TURN_TO_SHIFT,1.7600,-1.7600,-X
135.6640,-9.414398,-8.849393,-0.233189,TURN_TO_SHIFT,2,TURN_TO_SHIFT,1.7600,-1.7600,-X
135.6800,-9.413800,-8.846938,-0.244683,TURN_TO_SHIFT,2,TURN_TO_SHIFT,1.7600,-1.7600,-X
135.6960,-9.413174,-8.844490,-0.256177,TURN_TO_SHIFT,2,TURN_TO_SHIFT,1.7600,-1.7600,-X
135.7120,-9.412520,-8.842049,-0.267671,TURN_TO_SHIFT,2,TURN_TO_SHIFT,1.7600,-1.7600,-X
135.7280,-9.411838,-8.839617,-0.279165,TURN_TO_SHIFT,2,TURN_TO_SHIFT,1.7600,-1.7600,-X
135.7440,-9.411128,-8.837192,-0.290658,TURN_TO_SHIFT,2,TURN_TO_SHIFT,1.7600,-1.7600,-X
135.7600,-9.410390,-8.834775,-0.302152,TURN_TO_SHIFT,2,TURN_TO_SHIFT,1.7600,-1.7600,-X
135.7760,-9.409624,-8.832368,-0.313646,TURN_TO_SHIFT,2,TURN_TO_SHIFT,1.7600,-1.7600,-X
135.7920,-9.408830,-8.829969,-0.325139,TURN_TO_SHIFT,2,TURN_TO_SHIFT,1.7600,-1.7600,-X
135.8080,-9.408009,-8.827579,-0.336633,TURN_TO_SHIFT,2,TURN_TO_SHIFT,1.7600,-1.7600,-X
135.8240,-9.407161,-8.825199,-0.348126,TURN_TO_SHIFT,2,TURN_TO_SHIFT,1.7600,-1.7600,-X
135.8400,-9.406285,-8.822829,-0.359620,TURN_TO_SHIFT,2,TURN_TO_SHIFT,1.7600,-1.7600,-X
135.8560,-9.405383,-8.820470,-0.371113,TURN_TO_SHIFT,2,TURN_TO_SHIFT,1.7600,-1.7600,-X
135.8720,-9.404453,-8.818120,-0.382607,TURN_TO_SHIFT,2,TURN_TO_SHIFT,1.7600,-1.7600,-X
135.8880,-9.403496,-8.815782,-0.394100,TURN_TO_SHIFT,2,TURN_TO_SHIFT,1.7600,-1.7600,-X
135.9040,-9.402512,-8.813455,-0.405594,TURN_TO_SHIFT,2,TURN_TO_SHIFT,1.7600,-1.7600,-X
135.9200,-9.401502,-8.811139,-0.417087,TURN_TO_SHIFT,2,TURN_TO_SHIFT,1.7600,-1.7600,-X
135.9360,-9.400465,-8.808835,-0.428580,TURN_TO_SHIFT,2,TURN_TO_SHIFT,1.7600,-1.7600,-X
135.9520,-9.399402,-8.806543,-0.440074,TURN_TO_SHIFT,2,TURN_TO_SHIFT,1.7600,-1.7600,-X
135.9680,-9.398312,-8.804264,-0.451567,TURN_TO_SHIFT,2,TURN_TO_SHIFT,1.7600,-1.7600,-X
135.9840,-9.397196,-8.801997,-0.463060,TURN_TO_SHIFT,2,TURN_TO_SHIFT,1.7600,-1.7600,-X
136.0000,-9.396055,-8.799743,-0.474553,TURN_TO_SHIFT,2,TURN_TO_SHIFT,1.7600,-1.7600,-X
136.0160,-9.394887,-8.797502,-0.486046,TURN_TO_SHIFT,2,TURN_TO_SHIFT,1.7600,-1.7600,-X
136.0320,-9.393694,-8.795276,-0.497539,TURN_TO_SHIFT,2,TURN_TO_SHIFT,1.7600,-1.7600,-X
136.0480,-9.392475,-8.793062,-0.509032,TURN_TO_SHIFT,2,TURN_TO_SHIFT,1.7600,-1.7600,-X
136.0640,-9.391231,-8.790864,-0.520525,TURN_TO_SHIFT,2,TURN_TO_SHIFT,1.7600,-1.7600,-X
136.0800,-9.389962,-8.788679,-0.532018,TURN_TO_SHIFT,2,TURN_TO_SHIFT,1.7600,-1.7600,-X
136.0960,-9.388668,-8.786509,-0.543511,TURN_TO_SHIFT,2,TURN_TO_SHIFT,1.7600,-1.7600,-X
136.1120,-9.387349,-8.784355,-0.555003,TURN_TO_SHIFT,2,TURN_TO_SHIFT,1.7600,-1.7600,-X
136.1280,-9.386005,-8.782215,-0.566496,TURN_TO_SHIFT,2,TURN_TO_SHIFT,1.7600,-1.7600,-X
136.1440,-9.384636,-8.780092,-0.577989,TURN_TO_SHIFT,2,TURN_TO_SHIFT,1.7600,-1.7600,-X
136.1600,-9.383244,-8.777984,-0.589481,TURN_TO_SHIFT,2,TURN_TO_SHIFT,1.7600,-1.7600,-X
136.1760,-9.381827,-8.775892,-0.600974,TURN_TO_SHIFT,2,TURN_TO_SHIFT,1.7600,-1.7600,-X
136.1920,-9.380387,-8.773817,-0.612466,TURN_TO_SHIFT,2,TURN_TO_SHIFT,1.7600,-1.7600,-X
136.2080,-9.378922,-8.771759,-0.623958,TURN_TO_SHIFT,2,TURN_TO_SHIFT,1.7600,-1.7600,-X
136.2240,-9.377434,-8.769717,-0.635450,TURN_TO_SHIFT,2,TURN_TO_SHIFT,1.7600,-1.7600,-X
136.2400,-9.375923,-8.767693,-0.646942,TURN_TO_SHIFT,2,TURN_TO_SHIFT,1.7600,-1.7600,-X
136.2560,-9.374389,-8.765686,-0.658434,TURN_TO_SHIFT,2,TURN_TO_SHIFT,1.7600,-1.7600,-X
136.2720,-9.372831,-8.763697,-0.669926,TURN_TO_SHIFT,2,TURN_TO_SHIFT,1.7600,-1.7600,-X
136.2880,-9.371251,-8.761727,-0.681417,TURN_TO_SHIFT,2,TURN_TO_SHIFT,1.7600,-1.7600,-X
136.3040,-9.369648,-8.759774,-0.692909,TURN_TO_SHIFT,2,TURN_TO_SHIFT,1.7600,-1.7600,-X
136.3200,-9.368023,-8.757840,-0.704400,TURN_TO_SHIFT,2,TURN_TO_SHIFT,1.7600,-1.7600,-X
136.3360,-9.366376,-8.755925,-0.715891,TURN_TO_SHIFT,2,TURN_TO_SHIFT,1.7600,-1.7600,-X
136.3520,-9.364707,-8.754030,-0.727382,TURN_TO_SHIFT,2,TURN_TO_SHIFT,1.7600,-1.7600,-X
136.3680,-9.363017,-8.752153,-0.738873,TURN_TO_SHIFT,2,TURN_TO_SHIFT,1.7600,-1.7600,-X
136.3840,-9.361305,-8.750296,-0.750363,TURN_TO_SHIFT,2,TURN_TO_SHIFT,1.7600,-1.7600,-X
136.4000,-9.359572,-8.748459,-0.761853,TURN_TO_SHIFT,2,TURN_TO_SHIFT,1.7600,-1.7600,-X
136.4160,-9.357818,-8.746642,-0.773343,TURN_TO_SHIFT,2,TURN_TO_SHIFT,1.7600,-1.7600,-X
136.4320,-9.356043,-8.744846,-0.784833,TURN_TO_SHIFT,2,TURN_TO_SHIFT,1.7600,-1.7600,-X
136.4480,-9.354247,-8.743070,-0.796323,TURN_TO_SHIFT,2,TURN_TO_SHIFT,1.7600,-1.7600,-X
136.4640,-9.352431,-8.741315,-0.807813,TURN_TO_SHIFT,2,TURN_TO_SHIFT,1.7600,-1.7600,-X
136.4800,-9.350595,-8.739581,-0.819303,TURN_TO_SHIFT,2,TURN_TO_SHIFT,1.7600,-1.7600,-X
136.4960,-9.348740,-8.737868,-0.830792,TURN_TO_SHIFT,2,TURN_TO_SHIFT,1.7600,-1.7600,-X
136.5120,-9.346864,-8.736177,-0.842282,TURN_TO_SHIFT,2,TURN_TO_SHIFT,1.7600,-1.7600,-X
136.5280,-9.344969,-8.734507,-0.853772,TURN_TO_SHIFT,2,TURN_TO_SHIFT,1.7600,-1.7600,-X
136.5440,-9.343055,-8.732859,-0.865262,TURN_TO_SHIFT,2,TURN_TO_SHIFT,1.7600,-1.7600,-X
136.5600,-9.341123,-8.731234,-0.876752,TURN_TO_SHIFT,2,TURN_TO_SHIFT,1.7600,-1.7600,-X
136.5760,-9.339171,-8.729631,-0.888242,TURN_TO_SHIFT,2,TURN_TO_SHIFT,1.7600,-1.7600,-X
136.5920,-9.337202,-8.728050,-0.899732,TURN_TO_SHIFT,2,TURN_TO_SHIFT,1.7600,-1.7600,-X
136.6080,-9.335214,-8.726492,-0.911222,TURN_TO_SHIFT,2,TURN_TO_SHIFT,1.7600,-1.7600,-X
136.6240,-9.333208,-8.724954,-0.922717,TURN_TO_SHIFT,2,TURN_TO_SHIFT,1.7600,-1.7600,-X
136.6400,-9.331186,-8.723439,-0.934212,TURN_TO_SHIFT,2,TURN_TO_SHIFT,1.7600,-1.7600,-X
136.6560,-9.329145,-8.721948,-0.945708,TURN_TO_SHIFT,2,TURN_TO_SHIFT,1.7600,-1.7600,-X
136.6720,-9.327088,-8.720480,-0.957204,TURN_TO_SHIFT,2,TURN_TO_SHIFT,1.7600,-1.7600,-X
136.6880,-9.325014,-8.719036,-0.968699,TURN_TO_SHIFT,2,TURN_TO_SHIFT,1.7600,-1.7600,-X
136.7040,-9.322923,-8.717616,-0.980195,TURN_TO_SHIFT,2,TURN_TO_SHIFT,1.7600,-1.7600,-X
136.7200,-9.320817,-8.716220,-0.991691,TURN_TO_SHIFT,2,TURN_TO_SHIFT,1.7600,-1.7600,-X
136.7360,-9.318694,-8.714849,-1.003187,TURN_TO_SHIFT,2,TURN_TO_SHIFT,1.7600,-1.7600,-X
136.7520,-9.316556,-8.713502,-1.014683,TURN_TO_SHIFT,2,TURN_TO_SHIFT,1.7600,-1.7600,-X
136.7680,-9.314402,-8.712180,-1.026178,TURN_TO_SHIFT,2,TURN_TO_SHIFT,1.7600,-1.7600,-X
136.7840,-9.312233,-8.710883,-1.037674,TURN_TO_SHIFT,2,TURN_TO_SHIFT,1.7593,-1.7593,-X
136.8000,-9.310050,-8.709611,-1.049166,TURN_TO_SHIFT,2,TURN_TO_SHIFT,1.7214,-1.7214,-X
136.8160,-9.307900,-8.708391,-1.060410,TURN_TO_SHIFT,2,TURN_TO_SHIFT,1.6843,-1.6843,-X
136.8320,-9.305782,-8.707221,-1.071412,TURN_TO_SHIFT,2,TURN_TO_SHIFT,1.6480,-1.6480,-X
136.8480,-9.303698,-8.706100,-1.082176,TURN_TO_SHIFT,2,TURN_TO_SHIFT,1.6124,-1.6124,-X
136.8640,-9.301647,-8.705025,-1.092709,TURN_TO_SHIFT,2,TURN_TO_SHIFT,1.5777,-1.5777,-X
136.8800,-9.299629,-8.703994,-1.103013,TURN_TO_SHIFT,2,TURN_TO_SHIFT,1.5437,-1.5437,-X
136.8960,-9.297645,-8.703006,-1.113096,TURN_TO_SHIFT,2,TURN_TO_SHIFT,1.5104,-1.5104,-X
136.9120,-9.295694,-8.702059,-1.122961,TURN_TO_SHIFT,2,TURN_TO_SHIFT,1.4779,-1.4779,-X
136.9280,-9.293776,-8.701151,-1.132613,TURN_TO_SHIFT,2,TURN_TO_SHIFT,1.4460,-1.4460,-X
136.9440,-9.291891,-8.700281,-1.142057,TURN_TO_SHIFT,2,TURN_TO_SHIFT,1.4148,-1.4148,-X
136.9600,-9.290039,-8.699447,-1.151297,TURN_TO_SHIFT,2,TURN_TO_SHIFT,1.3843,-1.3843,-X
136.9760,-9.288219,-8.698647,-1.160338,TURN_TO_SHIFT,2,TURN_TO_SHIFT,1.3545,-1.3545,-X
136.9920,-9.286432,-8.697881,-1.169185,TURN_TO_SHIFT,2,TURN_TO_SHIFT,1.3253,-1.3253,-X
137.0080,-9.284677,-8.697146,-1.177840,TURN_TO_SHIFT,2,TURN_TO_SHIFT,1.2968,-1.2968,-X
137.0240,-9.282953,-8.696443,-1.186308,TURN_TO_SHIFT,2,TURN_TO_SHIFT,1.2688,-1.2688,-X
137.0400,-9.281261,-8.695768,-1.194595,TURN_TO_SHIFT,2,TURN_TO_SHIFT,1.2415,-1.2415,-X
137.0560,-9.279600,-8.695122,-1.202702,TURN_TO_SHIFT,2,TURN_TO_SHIFT,1.2147,-1.2147,-X
137.0720,-9.277970,-8.694502,-1.210635,TURN_TO_SHIFT,2,TURN_TO_SHIFT,1.1885,-1.1885,-X
137.0880,-9.276371,-8.693909,-1.218396,TURN_TO_SHIFT,2,TURN_TO_SHIFT,1.1629,-1.1629,-X
137.1040,-9.274801,-8.693340,-1.225990,TURN_TO_SHIFT,2,TURN_TO_SHIFT,1.1379,-1.1379,-X
137.1200,-9.273261,-8.692795,-1.233421,TURN_TO_SHIFT,2,TURN_TO_SHIFT,1.1133,-1.1133,-X
137.1360,-9.271751,-8.692273,-1.240692,TURN_TO_SHIFT,2,TURN_TO_SHIFT,1.0893,-1.0893,-X
137.1520,-9.270269,-8.691773,-1.247805,TURN_TO_SHIFT,2,TURN_TO_SHIFT,1.0659,-1.0659,-X
137.1680,-9.268816,-8.691294,-1.254766,TURN_TO_SHIFT,2,TURN_TO_SHIFT,1.0429,-1.0429,-X
137.1840,-9.267391,-8.690835,-1.261576,TURN_TO_SHIFT,2,TURN_TO_SHIFT,1.0204,-1.0204,-X
137.2000,-9.265994,-8.690395,-1.268240,TURN_TO_SHIFT,2,TURN_TO_SHIFT,0.9984,-0.9984,-X
137.2160,-9.264624,-8.689973,-1.274760,TURN_TO_SHIFT,2,TURN_TO_SHIFT,0.9769,-0.9769,-X
137.2320,-9.263281,-8.689570,-1.281139,TURN_TO_SHIFT,2,TURN_TO_SHIFT,0.9559,-0.9559,-X
137.2480,-9.261965,-8.689183,-1.287382,TURN_TO_SHIFT,2,TURN_TO_SHIFT,0.9353,-0.9353,-X
137.2640,-9.260675,-8.688813,-1.293489,TURN_TO_SHIFT,2,TURN_TO_SHIFT,0.9151,-0.9151,-X
137.2800,-9.259410,-8.688458,-1.299465,TURN_TO_SHIFT,2,TURN_TO_SHIFT,0.8954,-0.8954,-X
137.2960,-9.258171,-8.688118,-1.305312,TURN_TO_SHIFT,2,TURN_TO_SHIFT,0.8761,-0.8761,-X
137.3120,-9.256956,-8.687793,-1.311033,TURN_TO_SHIFT,2,TURN_TO_SHIFT,0.8572,-0.8572,-X
137.3280,-9.255766,-8.687481,-1.316631,TURN_TO_SHIFT,2,TURN_TO_SHIFT,0.8387,-0.8387,-X
137.3440,-9.254600,-8.687182,-1.322108,TURN_TO_SHIFT,2,TURN_TO_SHIFT,0.8207,-0.8207,-X
137.3600,-9.253458,-8.686896,-1.327467,TURN_TO_SHIFT,2,TURN_TO_SHIFT,0.8030,-0.8030,-X
137.3760,-9.252339,-8.686622,-1.332711,TURN_TO_SHIFT,2,TURN_TO_SHIFT,0.7857,-0.7857,-X
137.3920,-9.251242,-8.686360,-1.337841,TURN_TO_SHIFT,2,TURN_TO_SHIFT,0.7688,-0.7688,-X
137.4080,-9.250168,-8.686109,-1.342861,TURN_TO_SHIFT,2,TURN_TO_SHIFT,0.7522,-0.7522,-X
137.4240,-9.249116,-8.685868,-1.347773,TURN_TO_SHIFT,2,TURN_TO_SHIFT,0.7360,-0.7360,-X
137.4400,-9.248085,-8.685638,-1.352579,TURN_TO_SHIFT,2,TURN_TO_SHIFT,0.7201,-0.7201,-X
137.4560,-9.247076,-8.685417,-1.357282,TURN_TO_SHIFT,2,TURN_TO_SHIFT,0.7046,-0.7046,-X
137.4720,-9.246087,-8.685206,-1.361883,TURN_TO_SHIFT,2,TURN_TO_SHIFT,0.6894,-0.6894,-X
137.4880,-9.245119,-8.685003,-1.366384,TURN_TO_SHIFT,2,TURN_TO_SHIFT,0.6746,-0.6746,-X
137.5040,-9.244170,-8.684810,-1.370789,TURN_TO_SHIFT,2,TURN_TO_SHIFT,0.6600,-0.6600,-X
137.5200,-9.243242,-8.684624,-1.375099,TURN_TO_SHIFT,2,TURN_TO_SHIFT,0.6458,-0.6458,-X
137.5360,-9.242332,-8.684446,-1.379316,TURN_TO_SHIFT,2,TURN_TO_SHIFT,0.6319,-0.6319,-X
137.5520,-9.241442,-8.684276,-1.383442,TURN_TO_SHIFT,2,TURN_TO_SHIFT,0.6183,-0.6183,-X
137.5680,-9.240570,-8.684113,-1.387479,TURN_TO_SHIFT,2,TURN_TO_SHIFT,0.6049,-0.6049,-X
137.5840,-9.239716,-8.683957,-1.391430,TURN_TO_SHIFT,2,TURN_TO_SHIFT,0.5919,-0.5919,-X
137.6000,-9.238880,-8.683808,-1.395295,TURN_TO_SHIFT,2,TURN_TO_SHIFT,0.5792,-0.5792,-X
137.6160,-9.238062,-8.683665,-1.399076,TURN_TO_SHIFT,2,TURN_TO_SHIFT,0.5667,-0.5667,-X
137.6320,-9.237261,-8.683527,-1.402776,TURN_TO_SHIFT,2,TURN_TO_SHIFT,0.5545,-0.5545,-X
137.6480,-9.236476,-8.683396,-1.406397,TURN_TO_SHIFT,2,TURN_TO_SHIFT,0.5425,-0.5425,-X
137.6640,-9.235708,-8.683271,-1.409939,TURN_TO_SHIFT,2,TURN_TO_SHIFT,0.5308,-0.5308,-X
137.6800,-9.234957,-8.683150,-1.413405,TURN_TO_SHIFT,2,TURN_TO_SHIFT,0.5194,-0.5194,-X
137.6960,-9.234221,-8.683035,-1.416797,TURN_TO_SHIFT,2,TURN_TO_SHIFT,0.5082,-0.5082,-X
137.7120,-9.233500,-8.682925,-1.420115,TURN_TO_SHIFT,2,TURN_TO_SHIFT,0.4972,-0.4972,-X
137.7280,-9.232795,-8.682819,-1.423362,TURN_TO_SHIFT,2,TURN_TO_SHIFT,0.4865,-0.4865,-X
137.7440,-9.232104,-8.682718,-1.426538,TURN_TO_SHIFT,2,TURN_TO_SHIFT,0.4761,-0.4761,-X
137.7600,-9.231428,-8.682621,-1.429647,TURN_TO_SHIFT,2,TURN_TO_SHIFT,0.4658,-0.4658,-X
137.7760,-9.230767,-8.682529,-1.432688,TURN_TO_SHIFT,2,TURN_TO_SHIFT,0.4558,-0.4558,-X
137.7920,-9.230119,-8.682440,-1.435664,TURN_TO_SHIFT,2,TURN_TO_SHIFT,0.4459,-0.4459,-X
137.8080,-9.229486,-8.682355,-1.438575,TURN_TO_SHIFT,2,TURN_TO_SHIFT,0.4363,-0.4363,-X
137.8240,-9.228865,-8.682274,-1.441424,TURN_TO_SHIFT,2,TURN_TO_SHIFT,0.4269,-0.4269,-X
137.8400,-9.228258,-8.682196,-1.444211,TURN_TO_SHIFT,2,TURN_TO_SHIFT,0.4177,-0.4177,-X
137.8560,-9.227664,-8.682121,-1.446939,TURN_TO_SHIFT,2,TURN_TO_SHIFT,0.4087,-0.4087,-X
137.8720,-9.227082,-8.682050,-1.449607,TURN_TO_SHIFT,2,TURN_TO_SHIFT,0.3999,-0.3999,-X
137.8880,-9.226513,-8.681981,-1.452218,TURN_TO_SHIFT,2,TURN_TO_SHIFT,0.3913,-0.3913,-X
137.9040,-9.225956,-8.681916,-1.454773,TURN_TO_SHIFT,2,TURN_TO_SHIFT,0.3829,-0.3829,-X
137.9200,-9.225410,-8.681853,-1.457273,TURN_TO_SHIFT,2,TURN_TO_SHIFT,0.3746,-0.3746,-X
137.9360,-9.224877,-8.681793,-1.459718,TURN_TO_SHIFT,2,TURN_TO_SHIFT,0.3666,-0.3666,-X
137.9520,-9.224354,-8.681736,-1.462111,TURN_TO_SHIFT,2,TURN_TO_SHIFT,0.3587,-0.3587,-X
137.9680,-9.223843,-8.681681,-1.464453,TURN_TO_SHIFT,2,TURN_TO_SHIFT,0.3509,-0.3509,-X
137.9840,-9.223343,-8.681628,-1.466744,TURN_TO_SHIFT,2,TURN_TO_SHIFT,0.3434,-0.3434,-X
138.0000,-9.222853,-8.681578,-1.468986,TURN_TO_SHIFT,2,TURN_TO_SHIFT,0.3360,-0.3360,-X
138.0160,-9.222374,-8.681529,-1.471179,TURN_TO_SHIFT,2,TURN_TO_SHIFT,0.3287,-0.3287,-X
138.0320,-9.221905,-8.681483,-1.473325,TURN_TO_SHIFT,2,TURN_TO_SHIFT,0.3217,-0.3217,-X
138.0480,-9.221447,-8.681439,-1.475425,TURN_TO_SHIFT,2,TURN_TO_SHIFT,0.3147,-0.3147,-X
138.0640,-9.220998,-8.681396,-1.477479,TURN_TO_SHIFT,2,TURN_TO_SHIFT,0.3079,-0.3079,-X
138.0800,-9.220558,-8.681356,-1.479489,TURN_TO_SHIFT,2,TURN_TO_SHIFT,0.3013,-0.3013,-X
138.0960,-9.220128,-8.681317,-1.481456,TURN_TO_SHIFT,2,TURN_TO_SHIFT,0.2948,-0.2948,-X
138.1120,-9.219707,-8.681280,-1.483381,TURN_TO_SHIFT,2,TURN_TO_SHIFT,0.2885,-0.2885,-X
138.1280,-9.219296,-8.681244,-1.485264,TURN_TO_SHIFT,2,TURN_TO_SHIFT,0.2823,-0.2823,-X
138.1440,-9.218893,-8.681210,-1.487106,TURN_TO_SHIFT,2,TURN_TO_SHIFT,0.2762,-0.2762,-X
138.1600,-9.218498,-8.681178,-1.488909,TURN_TO_SHIFT,2,TURN_TO_SHIFT,0.2702,-0.2702,-X
138.1760,-9.218112,-8.681146,-1.490673,TURN_TO_SHIFT,2,TURN_TO_SHIFT,0.2644,-0.2644,-X
138.1920,-9.217735,-8.681116,-1.492399,TURN_TO_SHIFT,2,TURN_TO_SHIFT,0.2587,-0.2587,-X
138.2080,-9.217365,-8.681088,-1.494087,TURN_TO_SHIFT,2,TURN_TO_SHIFT,0.2531,-0.2531,-X
138.2240,-9.217004,-8.681060,-1.495740,TURN_TO_SHIFT,2,TURN_TO_SHIFT,0.2477,-0.2477,-X
138.2400,-9.216650,-8.681034,-1.497356,TURN_TO_SHIFT,2,TURN_TO_SHIFT,0.2424,-0.2424,-X
138.2560,-9.216304,-8.681009,-1.498938,TURN_TO_SHIFT,2,TURN_TO_SHIFT,0.2371,-0.2371,-X
138.2720,-9.215965,-8.680985,-1.500486,TURN_TO_SHIFT,2,TURN_TO_SHIFT,0.2320,-0.2320,-X
138.2880,-9.215634,-8.680962,-1.502000,TURN_TO_SHIFT,2,TURN_TO_SHIFT,0.2270,-0.2270,-X
138.3040,-9.215310,-8.680940,-1.503482,TURN_TO_SHIFT,2,TURN_TO_SHIFT,0.2221,-0.2221,-X
138.3200,-9.214992,-8.680919,-1.504931,TURN_TO_SHIFT,2,TURN_TO_SHIFT,0.2174,-0.2174,-X
138.3360,-9.214682,-8.680899,-1.506350,TURN_TO_SHIFT,2,TURN_TO_SHIFT,0.2127,-0.2127,-X
138.3520,-9.214378,-8.680879,-1.507738,TURN_TO_SHIFT,2,TURN_TO_SHIFT,0.2081,-0.2081,-X
138.3680,-9.214081,-8.680861,-1.509096,TURN_TO_SHIFT,2,TURN_TO_SHIFT,0.2036,-0.2036,-X
138.3840,-9.213790,-8.680843,-1.510425,TURN_TO_SHIFT,2,TURN_TO_SHIFT,0.1992,-0.1992,-X
138.4000,-9.213505,-8.680826,-1.511725,TURN_TO_SHIFT,2,TURN_TO_SHIFT,0.1949,-0.1949,-X
138.4160,-9.213227,-8.680810,-1.512997,TURN_TO_SHIFT,2,TURN_TO_SHIFT,0.1907,-0.1907,-X
138.4320,-9.212954,-8.680794,-1.514241,TURN_TO_SHIFT,2,TURN_TO_SHIFT,0.1866,-0.1866,-X
138.4480,-9.212687,-8.680779,-1.515459,TURN_TO_SHIFT,2,TURN_TO_SHIFT,0.1826,-0.1826,-X
138.4640,-9.212427,-8.680765,-1.516651,TURN_TO_SHIFT,2,TURN_TO_SHIFT,0.1787,-0.1787,-X
138.4800,-9.212171,-8.680751,-1.517817,TURN_TO_SHIFT,2,TURN_TO_SHIFT,0.1748,-0.1748,-X
138.4960,-9.211922,-8.680738,-1.518957,TURN_TO_SHIFT,2,TURN_TO_SHIFT,0.1711,-0.1711,-X
138.5120,-9.211677,-8.680726,-1.520073,TURN_TO_SHIFT,2,TURN_TO_SHIFT,0.1674,-0.1674,-X
138.5280,-9.211438,-8.680714,-1.521166,TURN_TO_SHIFT,2,TURN_TO_SHIFT,0.1638,-0.1638,-X
138.5440,-9.211204,-8.680702,-1.522234,TURN_TO_SHIFT,2,TURN_TO_SHIFT,0.1603,-0.1603,-X
138.5600,-9.210975,-8.680691,-1.523280,TURN_TO_SHIFT,2,TURN_TO_SHIFT,0.1568,-0.1568,-X
138.5760,-9.210751,-8.680681,-1.524303,TURN_TO_SHIFT,2,TURN_TO_SHIFT,0.1534,-0.1534,-X
138.5920,-9.210532,-8.680671,-1.525304,TURN_TO_SHIFT,2,TURN_TO_SHIFT,0.1501,-0.1501,-X
138.6080,-9.210318,-8.680661,-1.526283,TURN_TO_SHIFT,2,TURN_TO_SHIFT,0.1469,-0.1469,-X
138.6240,-9.210108,-8.680652,-1.527241,TURN_TO_SHIFT,2,TURN_TO_SHIFT,0.1437,-0.1437,-X
138.6400,-9.209903,-8.680643,-1.528179,TURN_TO_SHIFT,2,TURN_TO_SHIFT,0.1406,-0.1406,-X
138.6560,-9.209702,-8.680635,-1.529096,TURN_TO_SHIFT,2,TURN_TO_SHIFT,0.1376,-0.1376,-X
138.6720,-9.209505,-8.680627,-1.529994,TURN_TO_SHIFT,2,TURN_TO_SHIFT,0.1346,-0.1346,-X
138.6880,-9.209313,-8.680619,-1.530872,TURN_TO_SHIFT,2,TURN_TO_SHIFT,0.1320,-0.1320,-X
138.7040,-9.209124,-8.680612,-1.531733,TURN_TO_SHIFT,2,TURN_TO_SHIFT,0.1320,-0.1320,-X
138.7200,-9.208936,-8.680604,-1.532594,TURN_TO_SHIFT,2,TURN_TO_SHIFT,0.1320,-0.1320,-X
138.7360,-9.208747,-8.680597,-1.533455,TURN_TO_SHIFT,2,TURN_TO_SHIFT,0.1320,-0.1320,-X
138.7520,-9.208559,-8.680590,-1.534316,TURN_TO_SHIFT,2,TURN_TO_SHIFT,0.1320,-0.1320,-X
138.7680,-9.208370,-8.680583,-1.535176,TURN_TO_SHIFT,2,TURN_TO_SHIFT,0.1320,-0.1320,-X
138.7840,-9.208182,-8.680577,-1.536037,TURN_TO_SHIFT,2,TURN_TO_SHIFT,0.1320,-0.1320,-X
138.8000,-9.207993,-8.680570,-1.536898,TURN_TO_SHIFT,2,TURN_TO_SHIFT,0.1320,-0.1320,-X
138.8160,-9.207804,-8.680564,-1.537759,TURN_TO_SHIFT,2,TURN_TO_SHIFT,0.1320,-0.1320,-X
138.8320,-9.207616,-8.680558,-1.538620,TURN_TO_SHIFT,2,TURN_TO_SHIFT,0.1320,-0.1320,-X
138.8480,-9.207427,-8.680552,-1.539481,TURN_TO_SHIFT,2,TURN_TO_SHIFT,0.1320,-0.1320,-X
138.8640,-9.207238,-8.680546,-1.540342,TURN_TO_SHIFT,2,TURN_TO_SHIFT,0.1320,-0.1320,-X
138.8800,-9.207049,-8.680540,-1.541202,TURN_TO_SHIFT,2,TURN_TO_SHIFT,0.1320,-0.1320,-X
138.8960,-9.206861,-8.680535,-1.542063,TURN_TO_SHIFT,2,TURN_TO_SHIFT,0.1320,-0.1320,-X
138.9120,-9.206672,-8.680530,-1.542924,TURN_TO_SHIFT,2,TURN_TO_SHIFT,0.1320,-0.1320,-X
138.9280,-9.206483,-8.680524,-1.543785,TURN_TO_SHIFT,2,TURN_TO_SHIFT,0.1320,-0.1320,-X
138.9440,-9.206294,-8.680519,-1.544646,TURN_TO_SHIFT,2,TURN_TO_SHIFT,0.1320,-0.1320,-X
138.9600,-9.206106,-8.680515,-1.545507,TURN_TO_SHIFT,2,TURN_TO_SHIFT,0.1320,-0.1320,-X
138.9760,-9.205917,-8.680510,-1.546368,TURN_TO_SHIFT,2,TURN_TO_SHIFT,0.1320,-0.1320,-X
138.9920,-9.205728,-8.680505,-1.547228,TURN_TO_SHIFT,2,TURN_TO_SHIFT,0.1320,-0.1320,-X
139.0080,-9.205539,-8.680501,-1.548089,TURN_TO_SHIFT,2,TURN_TO_SHIFT,0.1320,-0.1320,-X
139.0240,-9.205350,-8.680497,-1.548950,TURN_TO_SHIFT,2,TURN_TO_SHIFT,0.1320,-0.1320,-X
139.0400,-9.205161,-8.680493,-1.549811,TURN_TO_SHIFT,2,TURN_TO_SHIFT,0.1320,-0.1320,-X
139.0560,-9.204972,-8.680489,-1.550672,TURN_TO_SHIFT,2,TURN_TO_SHIFT,0.1320,-0.1320,-X
139.0720,-9.204783,-8.680485,-1.551532,TURN_TO_SHIFT,2,TURN_TO_SHIFT,0.1320,-0.1320,-X
139.0880,-9.204595,-8.680482,-1.552393,TURN_TO_SHIFT,2,TURN_TO_SHIFT,0.1320,-0.1320,-X
139.1040,-9.204406,-8.680478,-1.553254,TURN_TO_SHIFT,2,TURN_TO_SHIFT,0.1320,-0.1320,-X
139.1200,-9.204217,-8.680475,-1.554115,TURN_TO_SHIFT,2,TURN_TO_SHIFT,0.1320,-0.1320,-X
139.1360,-9.204028,-8.680472,-1.554976,TURN_TO_SHIFT,2,TURN_TO_SHIFT,0.1320,-0.1320,-X
139.1520,-9.203839,-8.680469,-1.555836,TURN_TO_SHIFT,2,TURN_TO_SHIFT,0.1320,-0.1320,-X
139.1680,-9.203650,-8.680466,-1.556697,TURN_TO_SHIFT,2,TURN_TO_SHIFT,0.1320,-0.1320,-X
139.1840,-9.203461,-8.680464,-1.557558,TURN_TO_SHIFT,2,TURN_TO_SHIFT,0.1320,-0.1320,-X
139.2000,-9.203272,-8.680461,-1.558419,TURN_TO_SHIFT,2,TURN_TO_SHIFT,0.1320,-0.1320,-X
139.2160,-9.203084,-8.680459,-1.559279,TURN_TO_SHIFT,2,TURN_TO_SHIFT,0.1320,-0.1320,-X
139.2320,-9.202895,-8.680457,-1.560140,TURN_TO_SHIFT,2,TURN_TO_SHIFT,0.1320,-0.1320,-X
139.2480,-9.202706,-8.680455,-1.561001,TURN_TO_SHIFT,2,TURN_TO_SHIFT,0.1320,-0.1320,-X
139.2640,-9.202517,-8.680453,-1.561862,TURN_TO_SHIFT,2,TURN_TO_SHIFT,0.1320,-0.1320,-X
139.2800,-9.202328,-8.680452,-1.562723,TURN_TO_SHIFT,2,TURN_TO_SHIFT,0.1320,-0.1320,-X
139.2960,-9.202139,-8.680450,-1.563583,SHIFT_LANE,2,SHIFT,-0.0000,-0.0000,-X
139.3120,-9.202137,-8.680450,-1.563584,SHIFT_LANE,2,SHIFT,-2.2396,-1.7604,-X
139.3280,-9.202153,-8.678685,-1.563593,SHIFT_LANE,2,SHIFT,-2.2077,-1.7284,-X
139.3440,-9.202553,-8.675273,-1.561863,SHIFT_LANE,2,SHIFT,-2.1167,-1.6488,-X
139.3600,-9.202968,-8.670662,-1.560168,SHIFT_LANE,2,SHIFT,-1.9958,-1.5391,-X
139.3760,-9.203001,-8.668172,-1.560145,SHIFT_LANE,2,SHIFT,-1.9335,-1.4769,-X
139.3920,-9.203351,-8.665592,-1.558663,SHIFT_LANE,2,SHIFT,-1.8641,-1.4173,-X
139.4080,-9.203702,-8.663078,-1.557211,SHIFT_LANE,2,SHIFT,-1.7965,-1.3593,-X
139.4240,-9.204049,-8.660644,-1.555789,SHIFT_LANE,2,SHIFT,-1.7309,-1.3031,-X
139.4400,-9.204392,-8.658290,-1.554397,SHIFT_LANE,2,SHIFT,-1.6675,-1.2489,-X
139.4560,-9.204730,-8.656017,-1.553034,SHIFT_LANE,2,SHIFT,-1.6062,-1.1965,-X
139.4720,-9.205063,-8.653824,-1.551700,SHIFT_LANE,2,SHIFT,-1.5470,-1.1461,-X
139.4880,-9.205392,-8.651711,-1.550395,SHIFT_LANE,2,SHIFT,-1.4898,-1.0976,-X
139.5040,-9.205716,-8.649675,-1.549117,SHIFT_LANE,2,SHIFT,-1.4347,-1.0509,-X
139.5200,-9.206035,-8.647716,-1.547866,SHIFT_LANE,2,SHIFT,-1.3816,-1.0061,-X
139.5360,-9.206348,-8.645830,-1.546642,SHIFT_LANE,2,SHIFT,-1.3304,-0.9630,-X
139.5520,-9.206656,-8.644017,-1.545444,SHIFT_LANE,2,SHIFT,-1.2811,-0.9216,-X
139.5680,-9.206959,-8.642274,-1.544272,SHIFT_LANE,2,SHIFT,-1.2337,-0.8819,-X
139.5840,-9.207257,-8.640598,-1.543125,SHIFT_LANE,2,SHIFT,-1.1880,-0.8438,-X
139.6000,-9.207549,-8.638988,-1.542002,SHIFT_LANE,2,SHIFT,-1.1441,-0.8072,-X
139.6160,-9.207836,-8.637441,-1.540904,SHIFT_LANE,2,SHIFT,-1.1017,-0.7722,-X
139.6320,-9.208117,-8.635955,-1.539829,SHIFT_LANE,2,SHIFT,-1.0610,-0.7385,-X
139.6480,-9.208393,-8.634527,-1.538778,SHIFT_LANE,2,SHIFT,-1.0219,-0.7063,-X
139.6640,-9.208664,-8.633156,-1.537749,SHIFT_LANE,2,SHIFT,-0.9842,-0.6754,-X
139.6800,-9.208929,-8.631839,-1.536742,SHIFT_LANE,2,SHIFT,-0.9480,-0.6458,-X
139.6960,-9.209190,-8.630574,-1.535757,SHIFT_LANE,2,SHIFT,-0.9131,-0.6175,-X
139.7120,-9.209445,-8.629360,-1.534793,SHIFT_LANE,2,SHIFT,-0.8796,-0.5903,-X
139.7280,-9.209694,-8.628194,-1.533849,SHIFT_LANE,2,SHIFT,-0.8473,-0.5643,-X
139.7440,-9.209939,-8.627074,-1.532926,SHIFT_LANE,2,SHIFT,-0.8163,-0.5393,-X
139.7600,-9.210179,-8.625999,-1.532023,SHIFT_LANE,2,SHIFT,-0.7864,-0.5154,-X
139.7760,-9.210413,-8.624967,-1.531140,SHIFT_LANE,2,SHIFT,-0.7577,-0.4925,-X
139.7920,-9.210643,-8.623976,-1.530275,SHIFT_LANE,2,SHIFT,-0.7301,-0.4706,-X
139.8080,-9.210868,-8.623025,-1.529429,SHIFT_LANE,2,SHIFT,-0.7035,-0.4496,-X
139.8240,-9.211088,-8.622111,-1.528601,SHIFT_LANE,2,SHIFT,-0.6779,-0.4295,-X
139.8400,-9.211303,-8.621234,-1.527791,SHIFT_LANE,2,SHIFT,-0.6533,-0.4103,-X
139.8560,-9.211513,-8.620392,-1.526999,SHIFT_LANE,2,SHIFT,-0.6296,-0.3918,-X
139.8720,-9.211719,-8.619584,-1.526223,SHIFT_LANE,2,SHIFT,-0.6069,-0.3742,-X
139.8880,-9.211921,-8.618807,-1.525465,SHIFT_LANE,2,SHIFT,-0.5850,-0.3573,-X
139.9040,-9.212118,-8.618062,-1.524722,SHIFT_LANE,2,SHIFT,-0.5639,-0.3411,-X
139.9200,-9.212311,-8.617347,-1.523996,SHIFT_LANE,2,SHIFT,-0.5436,-0.3256,-X
139.9360,-9.212499,-8.616660,-1.523285,SHIFT_LANE,2,SHIFT,-0.5241,-0.3108,-X
139.9520,-9.212683,-8.616000,-1.522590,SHIFT_LANE,2,SHIFT,-0.5053,-0.2966,-X
139.9680,-9.212863,-8.615367,-1.521909,SHIFT_LANE,2,SHIFT,-0.5021,-0.2979,-X
139.9840,-9.213041,-8.614736,-1.521244,SHIFT_LANE,2,SHIFT,-0.4999,-0.3001,-X
140.0000,-9.213215,-8.614105,-1.520592,SHIFT_LANE,2,SHIFT,-0.4978,-0.3022,-X
140.0160,-9.213387,-8.613473,-1.519955,SHIFT_LANE,2,SHIFT,-0.4957,-0.3043,-X
140.0320,-9.213556,-8.612842,-1.519331,SHIFT_LANE,2,SHIFT,-0.4936,-0.3064,-X
140.0480,-9.213723,-8.612210,-1.518721,SHIFT_LANE,2,SHIFT,-0.4916,-0.3084,-X
140.0640,-9.213887,-8.611578,-1.518124,SHIFT_LANE,2,SHIFT,-0.4896,-0.3104,-X
140.0800,-9.214048,-8.610946,-1.517539,SHIFT_LANE,2,SHIFT,-0.4877,-0.3123,-X
140.0960,-9.214208,-8.610314,-1.516968,SHIFT_LANE,2,SHIFT,-0.4858,-0.3142,-X
140.1120,-9.214365,-8.609682,-1.516408,SHIFT_LANE,2,SHIFT,-0.4840,-0.3160,-X
140.1280,-9.214519,-8.609049,-1.515861,SHIFT_LANE,2,SHIFT,-0.4822,-0.3178,-X
140.1440,-9.214672,-8.608417,-1.515326,SHIFT_LANE,2,SHIFT,-0.4804,-0.3196,-X
140.1600,-9.214822,-8.607784,-1.514802,SHIFT_LANE,2,SHIFT,-0.4787,-0.3213,-X
140.1760,-9.214970,-8.607152,-1.514289,SHIFT_LANE,2,SHIFT,-0.4770,-0.3230,-X
140.1920,-9.215116,-8.606519,-1.513787,SHIFT_LANE,2,SHIFT,-0.4753,-0.3247,-X
140.2080,-9.215260,-8.605886,-1.513297,SHIFT_LANE,2,SHIFT,-0.4737,-0.3263,-X
140.2240,-9.215402,-8.605254,-1.512817,SHIFT_LANE,2,SHIFT,-0.4721,-0.3279,-X
140.2400,-9.215542,-8.604621,-1.512347,SHIFT_LANE,2,SHIFT,-0.4706,-0.3294,-X
140.2560,-9.215680,-8.603988,-1.511887,SHIFT_LANE,2,SHIFT,-0.4690,-0.3310,-X
140.2720,-9.215816,-8.603355,-1.511437,SHIFT_LANE,2,SHIFT,-0.4676,-0.3324,-X
140.2880,-9.215950,-8.602721,-1.510997,SHIFT_LANE,2,SHIFT,-0.4661,-0.3339,-X
140.3040,-9.216082,-8.602088,-1.510566,SHIFT_LANE,2,SHIFT,-0.4647,-0.3353,-X
140.3200,-9.216213,-8.601455,-1.510145,SHIFT_LANE,2,SHIFT,-0.4633,-0.3367,-X
140.3360,-9.216342,-8.600822,-1.509733,STOP_AT_SHIFT,2,SHIFT,-0.0000,-0.0000,-X
140.3520,-9.216345,-8.600800,-1.509732,STOP_AT_SHIFT,2,SHIFT,-0.0000,-0.0000,-X
140.3680,-9.216345,-8.600803,-1.509732,STOP_AT_SHIFT,2,SHIFT,-0.0000,-0.0000,-X
140.3840,-9.216344,-8.600807,-1.509732,STOP_AT_SHIFT,2,SHIFT,-0.0000,-0.0000,-X
140.4000,-9.216344,-8.600810,-1.509732,STOP_AT_SHIFT,2,SHIFT,-0.0000,-0.0000,-X
140.4160,-9.216344,-8.600812,-1.509731,TURN_TO_LANE,3,TURN_TO_LANE,-0.0000,-0.0000,+X
140.4320,-9.216344,-8.600814,-1.509731,TURN_TO_LANE,3,TURN_TO_LANE,1.7600,-1.7600,+X
140.4480,-9.215817,-8.600822,-1.512723,TURN_TO_LANE,3,TURN_TO_LANE,1.7600,-1.7600,+X
140.4640,-9.214649,-8.600837,-1.518455,TURN_TO_LANE,3,TURN_TO_LANE,1.7600,-1.7600,+X
140.4800,-9.212838,-8.600856,-1.526909,TURN_TO_LANE,3,TURN_TO_LANE,1.7600,-1.7600,+X
140.4960,-9.210416,-8.600855,-1.537973,TURN_TO_LANE,3,TURN_TO_LANE,1.7600,-1.7600,+X
140.5120,-9.207890,-8.600780,-1.549463,TURN_TO_LANE,3,TURN_TO_LANE,1.7600,-1.7600,+X
140.5280,-9.205361,-8.600732,-1.560955,TURN_TO_LANE,3,TURN_TO_LANE,1.7600,-1.7600,+X
140.5440,-9.202832,-8.600715,-1.572448,TURN_TO_LANE,3,TURN_TO_LANE,1.7600,-1.7600,+X
140.5600,-9.200303,-8.600728,-1.583942,TURN_TO_LANE,3,TURN_TO_LANE,1.7600,-1.7600,+X
140.5760,-9.197774,-8.600772,-1.595435,TURN_TO_LANE,3,TURN_TO_LANE,1.7600,-1.7600,+X
140.5920,-9.195246,-8.600845,-1.606929,TURN_TO_LANE,3,TURN_TO_LANE,1.7600,-1.7600,+X
140.6080,-9.192720,-8.600949,-1.618423,TURN_TO_LANE,3,TURN_TO_LANE,1.7600,-1.7600,+X
140.6240,-9.190196,-8.601081,-1.629917,TURN_TO_LANE,3,TURN_TO_LANE,1.7600,-1.7600,+X
140.6400,-9.187673,-8.601243,-1.641412,TURN_TO_LANE,3,TURN_TO_LANE,1.7600,-1.7600,+X
140.6560,-9.185152,-8.601434,-1.652906,TURN_TO_LANE,3,TURN_TO_LANE,1.7600,-1.7600,+X
140.6720,-9.182634,-8.601655,-1.664400,TURN_TO_LANE,3,TURN_TO_LANE,1.7600,-1.7600,+X
140.6880,-9.180119,-8.601905,-1.675894,TURN_TO_LANE,3,TURN_TO_LANE,1.7600,-1.7600,+X
140.7040,-9.177607,-8.602184,-1.687388,TURN_TO_LANE,3,TURN_TO_LANE,1.7600,-1.7600,+X
140.7200,-9.175098,-8.602491,-1.698882,TURN_TO_LANE,3,TURN_TO_LANE,1.7600,-1.7600,+X
140.7360,-9.172594,-8.602828,-1.710377,TURN_TO_LANE,3,TURN_TO_LANE,1.7600,-1.7600,+X
140.7520,-9.170093,-8.603194,-1.721871,TURN_TO_LANE,3,TURN_TO_LANE,1.7600,-1.7600,+X
140.7680,-9.167597,-8.603588,-1.733365,TURN_TO_LANE,3,TURN_TO_LANE,1.7600,-1.7600,+X
140.7840,-9.165106,-8.604011,-1.744858,TURN_TO_LANE,3,TURN_TO_LANE,1.7600,-1.7600,+X
140.8000,-9.162620,-8.604463,-1.756352,TURN_TO_LANE,3,TURN_TO_LANE,1.7600,-1.7600,+X
140.8160,-9.160139,-8.604943,-1.767846,TURN_TO_LANE,3,TURN_TO_LANE,1.7600,-1.7600,+X
140.8320,-9.157664,-8.605452,-1.779340,TURN_TO_LANE,3,TURN_TO_LANE,1.7600,-1.7600,+X
140.8480,-9.155196,-8.605989,-1.790834,TURN_TO_LANE,3,TURN_TO_LANE,1.7600,-1.7600,+X
140.8640,-9.152733,-8.606555,-1.802328,TURN_TO_LANE,3,TURN_TO_LANE,1.7600,-1.7600,+X
140.8800,-9.150277,-8.607149,-1.813821,TURN_TO_LANE,3,TURN_TO_LANE,1.7600,-1.7600,+X
140.8960,-9.147828,-8.607771,-1.825315,TURN_TO_LANE,3,TURN_TO_LANE,1.7600,-1.7600,+X
140.9120,-9.145387,-8.608421,-1.836809,TURN_TO_LANE,3,TURN_TO_LANE,1.7600,-1.7600,+X
140.9280,-9.142953,-8.609099,-1.848303,TURN_TO_LANE,3,TURN_TO_LANE,1.7600,-1.7600,+X
140.9440,-9.140527,-8.609806,-1.859796,TURN_TO_LANE,3,TURN_TO_LANE,1.7600,-1.7600,+X
140.9600,-9.138109,-8.610540,-1.871290,TURN_TO_LANE,3,TURN_TO_LANE,1.7600,-1.7600,+X
140.9760,-9.135700,-8.611301,-1.882783,TURN_TO_LANE,3,TURN_TO_LANE,1.7600,-1.7600,+X
140.9920,-9.133300,-8.612091,-1.894277,TURN_TO_LANE,3,TURN_TO_LANE,1.7600,-1.7600,+X
141.0080,-9.130909,-8.612908,-1.905771,TURN_TO_LANE,3,TURN_TO_LANE,1.7600,-1.7600,+X
141.0240,-9.128528,-8.613752,-1.917264,TURN_TO_LANE,3,TURN_TO_LANE,1.7600,-1.7600,+X
141.0400,-9.126156,-8.614624,-1.928758,TURN_TO_LANE,3,TURN_TO_LANE,1.7600,-1.7600,+X
141.0560,-9.123795,-8.615523,-1.940251,TURN_TO_LANE,3,TURN_TO_LANE,1.7600,-1.7600,+X
141.0720,-9.121444,-8.616449,-1.951745,TURN_TO_LANE,3,TURN_TO_LANE,1.7600,-1.7600,+X
141.0880,-9.119104,-8.617402,-1.963238,TURN_TO_LANE,3,TURN_TO_LANE,1.7600,-1.7600,+X
141.1040,-9.116776,-8.618382,-1.974732,TURN_TO_LANE,3,TURN_TO_LANE,1.7600,-1.7600,+X
141.1200,-9.114458,-8.619388,-1.986225,TURN_TO_LANE,3,TURN_TO_LANE,1.7600,-1.7600,+X
141.1360,-9.112152,-8.620421,-1.997718,TURN_TO_LANE,3,TURN_TO_LANE,1.7600,-1.7600,+X
141.1520,-9.109859,-8.621481,-2.009211,TURN_TO_LANE,3,TURN_TO_LANE,1.7600,-1.7600,+X
141.1680,-9.107577,-8.622567,-2.020705,TURN_TO_LANE,3,TURN_TO_LANE,1.7600,-1.7600,+X
141.1840,-9.105309,-8.623679,-2.032198,TURN_TO_LANE,3,TURN_TO_LANE,1.7600,-1.7600,+X
141.2000,-9.103053,-8.624816,-2.043691,TURN_TO_LANE,3,TURN_TO_LANE,1.7600,-1.7600,+X
141.2160,-9.100811,-8.625980,-2.055184,TURN_TO_LANE,3,TURN_TO_LANE,1.7600,-1.7600,+X
141.2320,-9.098582,-8.627170,-2.066677,TURN_TO_LANE,3,TURN_TO_LANE,1.7600,-1.7600,+X
141.2480,-9.096367,-8.628385,-2.078170,TURN_TO_LANE,3,TURN_TO_LANE,1.7600,-1.7600,+X
141.2640,-9.094166,-8.629625,-2.089663,TURN_TO_LANE,3,TURN_TO_LANE,1.7600,-1.7600,+X
141.2800,-9.091979,-8.630891,-2.101156,TURN_TO_LANE,3,TURN_TO_LANE,1.7600,-1.7600,+X
141.2960,-9.089807,-8.632182,-2.112649,TURN_TO_LANE,3,TURN_TO_LANE,1.7600,-1.7600,+X
141.3120,-9.087650,-8.633497,-2.124142,TURN_TO_LANE,3,TURN_TO_LANE,1.7600,-1.7600,+X
141.3280,-9.085509,-8.634837,-2.135634,TURN_TO_LANE,3,TURN_TO_LANE,1.7600,-1.7600,+X
141.3440,-9.083383,-8.636202,-2.147127,TURN_TO_LANE,3,TURN_TO_LANE,1.7600,-1.7600,+X
141.3600,-9.081273,-8.637591,-2.158619,TURN_TO_LANE,3,TURN_TO_LANE,1.7600,-1.7600,+X
141.3760,-9.079179,-8.639004,-2.170112,TURN_TO_LANE,3,TURN_TO_LANE,1.7600,-1.7600,+X
141.3920,-9.077101,-8.640442,-2.181604,TURN_TO_LANE,3,TURN_TO_LANE,1.7600,-1.7600,+X
141.4080,-9.075040,-8.641903,-2.193096,TURN_TO_LANE,3,TURN_TO_LANE,1.7600,-1.7600,+X
141.4240,-9.072996,-8.643387,-2.204588,TURN_TO_LANE,3,TURN_TO_LANE,1.7600,-1.7600,+X
141.4400,-9.070970,-8.644895,-2.216080,TURN_TO_LANE,3,TURN_TO_LANE,1.7600,-1.7600,+X
141.4560,-9.068960,-8.646426,-2.227572,TURN_TO_LANE,3,TURN_TO_LANE,1.7600,-1.7600,+X
141.4720,-9.066969,-8.647980,-2.239064,TURN_TO_LANE,3,TURN_TO_LANE,1.7600,-1.7600,+X
141.4880,-9.064996,-8.649557,-2.250556,TURN_TO_LANE,3,TURN_TO_LANE,1.7600,-1.7600,+X
141.5040,-9.063040,-8.651156,-2.262047,TURN_TO_LANE,3,TURN_TO_LANE,1.7600,-1.7600,+X
141.5200,-9.061104,-8.652778,-2.273538,TURN_TO_LANE,3,TURN_TO_LANE,1.7600,-1.7600,+X
141.5360,-9.059186,-8.654422,-2.285029,TURN_TO_LANE,3,TURN_TO_LANE,1.7600,-1.7600,+X
141.5520,-9.057288,-8.656088,-2.296520,TURN_TO_LANE,3,TURN_TO_LANE,1.7600,-1.7600,+X
141.5680,-9.055408,-8.657775,-2.308011,TURN_TO_LANE,3,TURN_TO_LANE,1.7600,-1.7600,+X
141.5840,-9.053549,-8.659484,-2.319502,TURN_TO_LANE,3,TURN_TO_LANE,1.7600,-1.7600,+X
141.6000,-9.051709,-8.661214,-2.330992,TURN_TO_LANE,3,TURN_TO_LANE,1.7600,-1.7600,+X
141.6160,-9.049889,-8.662965,-2.342482,TURN_TO_LANE,3,TURN_TO_LANE,1.7600,-1.7600,+X
141.6320,-9.048090,-8.664737,-2.353972,TURN_TO_LANE,3,TURN_TO_LANE,1.7600,-1.7600,+X
141.6480,-9.046311,-8.666530,-2.365462,TURN_TO_LANE,3,TURN_TO_LANE,1.7600,-1.7600,+X
141.6640,-9.044552,-8.668343,-2.376951,TURN_TO_LANE,3,TURN_TO_LANE,1.7600,-1.7600,+X
141.6800,-9.042815,-8.670176,-2.388441,TURN_TO_LANE,3,TURN_TO_LANE,1.7600,-1.7600,+X
141.6960,-9.041099,-8.672029,-2.399931,TURN_TO_LANE,3,TURN_TO_LANE,1.7600,-1.7600,+X
141.7120,-9.039405,-8.673902,-2.411421,TURN_TO_LANE,3,TURN_TO_LANE,1.7600,-1.7600,+X
141.7280,-9.037732,-8.675794,-2.422911,TURN_TO_LANE,3,TURN_TO_LANE,1.7600,-1.7600,+X
141.7440,-9.036081,-8.677705,-2.434401,TURN_TO_LANE,3,TURN_TO_LANE,1.7600,-1.7600,+X
141.7600,-9.034453,-8.679635,-2.445891,TURN_TO_LANE,3,TURN_TO_LANE,1.7600,-1.7600,+X
141.7760,-9.032846,-8.681583,-2.457381,TURN_TO_LANE,3,TURN_TO_LANE,1.7600,-1.7600,+X
141.7920,-9.031262,-8.683550,-2.468871,TURN_TO_LANE,3,TURN_TO_LANE,1.7600,-1.7600,+X
141.8080,-9.029701,-8.685536,-2.480361,TURN_TO_LANE,3,TURN_TO_LANE,1.7600,-1.7600,+X
141.8240,-9.028160,-8.687539,-2.491855,TURN_TO_LANE,3,TURN_TO_LANE,1.7600,-1.7600,+X
141.8400,-9.026642,-8.689559,-2.503351,TURN_TO_LANE,3,TURN_TO_LANE,1.7600,-1.7600,+X
141.8560,-9.025147,-8.691597,-2.514846,TURN_TO_LANE,3,TURN_TO_LANE,1.7600,-1.7600,+X
141.8720,-9.023676,-8.693652,-2.526342,TURN_TO_LANE,3,TURN_TO_LANE,1.7600,-1.7600,+X
141.8880,-9.022228,-8.695723,-2.537837,TURN_TO_LANE,3,TURN_TO_LANE,1.7600,-1.7600,+X
141.9040,-9.020805,-8.697811,-2.549333,TURN_TO_LANE,3,TURN_TO_LANE,1.7600,-1.7600,+X
141.9200,-9.019406,-8.699916,-2.560829,TURN_TO_LANE,3,TURN_TO_LANE,1.7600,-1.7600,+X
141.9360,-9.018031,-8.702036,-2.572325,TURN_TO_LANE,3,TURN_TO_LANE,1.7600,-1.7600,+X
141.9520,-9.016680,-8.704172,-2.583821,TURN_TO_LANE,3,TURN_TO_LANE,1.7600,-1.7600,+X
141.9680,-9.015354,-8.706324,-2.595317,TURN_TO_LANE,3,TURN_TO_LANE,1.7600,-1.7600,+X
141.9840,-9.014054,-8.708490,-2.606813,TURN_TO_LANE,3,TURN_TO_LANE,1.7600,-1.7600,+X
142.0000,-9.012778,-8.710672,-2.618309,TURN_TO_LANE,3,TURN_TO_LANE,1.7268,-1.7268,+X
142.0160,-9.011550,-8.712827,-2.629588,TURN_TO_LANE,3,TURN_TO_LANE,1.6896,-1.6896,+X
142.0320,-9.010373,-8.714949,-2.640625,TURN_TO_LANE,3,TURN_TO_LANE,1.6532,-1.6532,+X
142.0480,-9.009245,-8.717039,-2.651424,TURN_TO_LANE,3,TURN_TO_LANE,1.6176,-1.6176,+X
142.0640,-9.008163,-8.719094,-2.661989,TURN_TO_LANE,3,TURN_TO_LANE,1.5827,-1.5827,+X
142.0800,-9.007126,-8.721117,-2.672327,TURN_TO_LANE,3,TURN_TO_LANE,1.5486,-1.5486,+X
142.0960,-9.006132,-8.723106,-2.682441,TURN_TO_LANE,3,TURN_TO_LANE,1.5152,-1.5152,+X
142.1120,-9.005179,-8.725062,-2.692338,TURN_TO_LANE,3,TURN_TO_LANE,1.4825,-1.4825,+X
142.1280,-9.004266,-8.726984,-2.702021,TURN_TO_LANE,3,TURN_TO_LANE,1.4506,-1.4506,+X
142.1440,-9.003390,-8.728874,-2.711494,TURN_TO_LANE,3,TURN_TO_LANE,1.4193,-1.4193,+X
142.1600,-9.002551,-8.730731,-2.720764,TURN_TO_LANE,3,TURN_TO_LANE,1.3887,-1.3887,+X
142.1760,-9.001746,-8.732555,-2.729834,TURN_TO_LANE,3,TURN_TO_LANE,1.3588,-1.3588,+X
142.1920,-9.000975,-8.734347,-2.738708,TURN_TO_LANE,3,TURN_TO_LANE,1.3295,-1.3295,+X
142.2080,-9.000236,-8.736107,-2.747391,TURN_TO_LANE,3,TURN_TO_LANE,1.3009,-1.3009,+X
142.2240,-8.999528,-8.737835,-2.755886,TURN_TO_LANE,3,TURN_TO_LANE,1.2728,-1.2728,+X
142.2400,-8.998850,-8.739532,-2.764198,TURN_TO_LANE,3,TURN_TO_LANE,1.2454,-1.2454,+X
142.2560,-8.998199,-8.741197,-2.772332,TURN_TO_LANE,3,TURN_TO_LANE,1.2186,-1.2186,+X
142.2720,-8.997576,-8.742832,-2.780289,TURN_TO_LANE,3,TURN_TO_LANE,1.1923,-1.1923,+X
142.2880,-8.996979,-8.744436,-2.788076,TURN_TO_LANE,3,TURN_TO_LANE,1.1666,-1.1666,+X
142.3040,-8.996406,-8.746010,-2.795694,TURN_TO_LANE,3,TURN_TO_LANE,1.1415,-1.1415,+X
142.3200,-8.995858,-8.747554,-2.803148,TURN_TO_LANE,3,TURN_TO_LANE,1.1169,-1.1169,+X
142.3360,-8.995333,-8.749069,-2.810442,TURN_TO_LANE,3,TURN_TO_LANE,1.0928,-1.0928,+X
142.3520,-8.994829,-8.750555,-2.817578,TURN_TO_LANE,3,TURN_TO_LANE,1.0692,-1.0692,+X
142.3680,-8.994347,-8.752012,-2.824560,TURN_TO_LANE,3,TURN_TO_LANE,1.0462,-1.0462,+X
142.3840,-8.993885,-8.753441,-2.831392,TURN_TO_LANE,3,TURN_TO_LANE,1.0237,-1.0237,+X
142.4000,-8.993443,-8.754842,-2.838077,TURN_TO_LANE,3,TURN_TO_LANE,1.0016,-1.0016,+X
142.4160,-8.993019,-8.756216,-2.844618,TURN_TO_LANE,3,TURN_TO_LANE,0.9800,-0.9800,+X
142.4320,-8.992613,-8.757562,-2.851018,TURN_TO_LANE,3,TURN_TO_LANE,0.9589,-0.9589,+X
142.4480,-8.992223,-8.758882,-2.857280,TURN_TO_LANE,3,TURN_TO_LANE,0.9382,-0.9382,+X
142.4640,-8.991851,-8.760176,-2.863406,TURN_TO_LANE,3,TURN_TO_LANE,0.9180,-0.9180,+X
142.4800,-8.991494,-8.761445,-2.869401,TURN_TO_LANE,3,TURN_TO_LANE,0.8982,-0.8982,+X
142.4960,-8.991152,-8.762688,-2.875267,TURN_TO_LANE,3,TURN_TO_LANE,0.8789,-0.8789,+X
142.5120,-8.990824,-8.763906,-2.881006,TURN_TO_LANE,3,TURN_TO_LANE,0.8599,-0.8599,+X
142.5280,-8.990511,-8.765099,-2.886622,TURN_TO_LANE,3,TURN_TO_LANE,0.8414,-0.8414,+X
142.5440,-8.990210,-8.766269,-2.892116,TURN_TO_LANE,3,TURN_TO_LANE,0.8233,-0.8233,+X
142.5600,-8.989922,-8.767415,-2.897492,TURN_TO_LANE,3,TURN_TO_LANE,0.8055,-0.8055,+X
142.5760,-8.989647,-8.768537,-2.902752,TURN_TO_LANE,3,TURN_TO_LANE,0.7882,-0.7882,+X
142.5920,-8.989383,-8.769637,-2.907899,TURN_TO_LANE,3,TURN_TO_LANE,0.7712,-0.7712,+X
142.6080,-8.989130,-8.770715,-2.912935,TURN_TO_LANE,3,TURN_TO_LANE,0.7546,-0.7546,+X
142.6240,-8.988888,-8.771770,-2.917863,TURN_TO_LANE,3,TURN_TO_LANE,0.7383,-0.7383,+X
142.6400,-8.988656,-8.772804,-2.922684,TURN_TO_LANE,3,TURN_TO_LANE,0.7224,-0.7224,+X
142.6560,-8.988434,-8.773816,-2.927401,TURN_TO_LANE,3,TURN_TO_LANE,0.7068,-0.7068,+X
142.6720,-8.988221,-8.774808,-2.932017,TURN_TO_LANE,3,TURN_TO_LANE,0.6916,-0.6916,+X
142.6880,-8.988017,-8.775779,-2.936533,TURN_TO_LANE,3,TURN_TO_LANE,0.6767,-0.6767,+X
142.7040,-8.987822,-8.776730,-2.940952,TURN_TO_LANE,3,TURN_TO_LANE,0.6621,-0.6621,+X
142.7200,-8.987636,-8.777662,-2.945275,TURN_TO_LANE,3,TURN_TO_LANE,0.6478,-0.6478,+X
142.7360,-8.987457,-8.778574,-2.949505,TURN_TO_LANE,3,TURN_TO_LANE,0.6339,-0.6339,+X
142.7520,-8.987285,-8.779467,-2.953645,TURN_TO_LANE,3,TURN_TO_LANE,0.6202,-0.6202,+X
142.7680,-8.987121,-8.780342,-2.957695,TURN_TO_LANE,3,TURN_TO_LANE,0.6069,-0.6069,+X
142.7840,-8.986964,-8.781198,-2.961657,TURN_TO_LANE,3,TURN_TO_LANE,0.5938,-0.5938,+X
142.8000,-8.986814,-8.782036,-2.965535,TURN_TO_LANE,3,TURN_TO_LANE,0.5810,-0.5810,+X
142.8160,-8.986670,-8.782857,-2.969328,TURN_TO_LANE,3,TURN_TO_LANE,0.5685,-0.5685,+X
142.8320,-8.986532,-8.783661,-2.973040,TURN_TO_LANE,3,TURN_TO_LANE,0.5562,-0.5562,+X
142.8480,-8.986400,-8.784448,-2.976672,TURN_TO_LANE,3,TURN_TO_LANE,0.5442,-0.5442,+X
142.8640,-8.986274,-8.785218,-2.980226,TURN_TO_LANE,3,TURN_TO_LANE,0.5325,-0.5325,+X
142.8800,-8.986153,-8.785972,-2.983703,TURN_TO_LANE,3,TURN_TO_LANE,0.5210,-0.5210,+X
142.8960,-8.986037,-8.786711,-2.987105,TURN_TO_LANE,3,TURN_TO_LANE,0.5098,-0.5098,+X
142.9120,-8.985926,-8.787433,-2.990434,TURN_TO_LANE,3,TURN_TO_LANE,0.4988,-0.4988,+X
142.9280,-8.985819,-8.788141,-2.993691,TURN_TO_LANE,3,TURN_TO_LANE,0.4881,-0.4881,+X
142.9440,-8.985718,-8.788833,-2.996877,TURN_TO_LANE,3,TURN_TO_LANE,0.4776,-0.4776,+X
142.9600,-8.985620,-8.789511,-2.999995,TURN_TO_LANE,3,TURN_TO_LANE,0.4673,-0.4673,+X
142.9760,-8.985527,-8.790175,-3.003046,TURN_TO_LANE,3,TURN_TO_LANE,0.4572,-0.4572,+X
142.9920,-8.985438,-8.790824,-3.006031,TURN_TO_LANE,3,TURN_TO_LANE,0.4474,-0.4474,+X
143.0080,-8.985352,-8.791460,-3.008952,TURN_TO_LANE,3,TURN_TO_LANE,0.4377,-0.4377,+X
143.0240,-8.985270,-8.792083,-3.011810,TURN_TO_LANE,3,TURN_TO_LANE,0.4283,-0.4283,+X
143.0400,-8.985192,-8.792692,-3.014606,TURN_TO_LANE,3,TURN_TO_LANE,0.4191,-0.4191,+X
143.0560,-8.985117,-8.793288,-3.017342,TURN_TO_LANE,3,TURN_TO_LANE,0.4100,-0.4100,+X
143.0720,-8.985045,-8.793871,-3.020019,TURN_TO_LANE,3,TURN_TO_LANE,0.4012,-0.4012,+X
143.0880,-8.984976,-8.794442,-3.022639,TURN_TO_LANE,3,TURN_TO_LANE,0.3925,-0.3925,+X
143.1040,-8.984910,-8.795001,-3.025201,TURN_TO_LANE,3,TURN_TO_LANE,0.3841,-0.3841,+X
143.1200,-8.984847,-8.795548,-3.027709,TURN_TO_LANE,3,TURN_TO_LANE,0.3758,-0.3758,+X
143.1360,-8.984787,-8.796084,-3.030163,TURN_TO_LANE,3,TURN_TO_LANE,0.3677,-0.3677,+X
143.1520,-8.984729,-8.796608,-3.032563,TURN_TO_LANE,3,TURN_TO_LANE,0.3598,-0.3598,+X
143.1680,-8.984674,-8.797120,-3.034912,TURN_TO_LANE,3,TURN_TO_LANE,0.3520,-0.3520,+X
143.1840,-8.984621,-8.797622,-3.037210,TURN_TO_LANE,3,TURN_TO_LANE,0.3445,-0.3445,+X
143.2000,-8.984570,-8.798113,-3.039459,TURN_TO_LANE,3,TURN_TO_LANE,0.3370,-0.3370,+X
143.2160,-8.984521,-8.798594,-3.041659,TURN_TO_LANE,3,TURN_TO_LANE,0.3298,-0.3298,+X
143.2320,-8.984475,-8.799064,-3.043812,TURN_TO_LANE,3,TURN_TO_LANE,0.3227,-0.3227,+X
143.2480,-8.984430,-8.799525,-3.045919,TURN_TO_LANE,3,TURN_TO_LANE,0.3157,-0.3157,+X
143.2640,-8.984388,-8.799975,-3.047980,TURN_TO_LANE,3,TURN_TO_LANE,0.3089,-0.3089,+X
143.2800,-8.984347,-8.800416,-3.049996,TURN_TO_LANE,3,TURN_TO_LANE,0.3023,-0.3023,+X
143.2960,-8.984308,-8.800847,-3.051970,TURN_TO_LANE,3,TURN_TO_LANE,0.2958,-0.2958,+X
143.3120,-8.984270,-8.801269,-3.053900,TURN_TO_LANE,3,TURN_TO_LANE,0.2894,-0.2894,+X
143.3280,-8.984234,-8.801682,-3.055789,TURN_TO_LANE,3,TURN_TO_LANE,0.2832,-0.2832,+X
143.3440,-8.984200,-8.802087,-3.057637,TURN_TO_LANE,3,TURN_TO_LANE,0.2771,-0.2771,+X
143.3600,-8.984167,-8.802482,-3.059446,TURN_TO_LANE,3,TURN_TO_LANE,0.2711,-0.2711,+X
143.3760,-8.984136,-8.802869,-3.061215,TURN_TO_LANE,3,TURN_TO_LANE,0.2652,-0.2652,+X
143.3920,-8.984106,-8.803248,-3.062947,TURN_TO_LANE,3,TURN_TO_LANE,0.2595,-0.2595,+X
143.4080,-8.984077,-8.803619,-3.064641,TURN_TO_LANE,3,TURN_TO_LANE,0.2539,-0.2539,+X
143.4240,-8.984049,-8.803981,-3.066298,TURN_TO_LANE,3,TURN_TO_LANE,0.2485,-0.2485,+X
143.4400,-8.984023,-8.804336,-3.067920,TURN_TO_LANE,3,TURN_TO_LANE,0.2431,-0.2431,+X
143.4560,-8.983998,-8.804683,-3.069507,TURN_TO_LANE,3,TURN_TO_LANE,0.2379,-0.2379,+X
143.4720,-8.983973,-8.805023,-3.071059,TURN_TO_LANE,3,TURN_TO_LANE,0.2328,-0.2328,+X
143.4880,-8.983950,-8.805356,-3.072578,TURN_TO_LANE,3,TURN_TO_LANE,0.2277,-0.2277,+X
143.5040,-8.983928,-8.805681,-3.074065,TURN_TO_LANE,3,TURN_TO_LANE,0.2228,-0.2228,+X
143.5200,-8.983907,-8.805999,-3.075519,TURN_TO_LANE,3,TURN_TO_LANE,0.2180,-0.2180,+X
143.5360,-8.983887,-8.806311,-3.076942,TURN_TO_LANE,3,TURN_TO_LANE,0.2133,-0.2133,+X
143.5520,-8.983867,-8.806616,-3.078334,TURN_TO_LANE,3,TURN_TO_LANE,0.2088,-0.2088,+X
143.5680,-8.983848,-8.806914,-3.079697,TURN_TO_LANE,3,TURN_TO_LANE,0.2043,-0.2043,+X
143.5840,-8.983831,-8.807206,-3.081030,TURN_TO_LANE,3,TURN_TO_LANE,0.1999,-0.1999,+X
143.6000,-8.983814,-8.807491,-3.082334,TURN_TO_LANE,3,TURN_TO_LANE,0.1956,-0.1956,+X
143.6160,-8.983797,-8.807771,-3.083610,TURN_TO_LANE,3,TURN_TO_LANE,0.1913,-0.1913,+X
143.6320,-8.983782,-8.808044,-3.084858,TURN_TO_LANE,3,TURN_TO_LANE,0.1872,-0.1872,+X
143.6480,-8.983767,-8.808311,-3.086080,TURN_TO_LANE,3,TURN_TO_LANE,0.1832,-0.1832,+X
143.6640,-8.983752,-8.808573,-3.087275,TURN_TO_LANE,3,TURN_TO_LANE,0.1792,-0.1792,+X
143.6800,-8.983738,-8.808829,-3.088445,TURN_TO_LANE,3,TURN_TO_LANE,0.1754,-0.1754,+X
143.6960,-8.983725,-8.809080,-3.089589,TURN_TO_LANE,3,TURN_TO_LANE,0.1716,-0.1716,+X
143.7120,-8.983713,-8.809325,-3.090709,TURN_TO_LANE,3,TURN_TO_LANE,0.1679,-0.1679,+X
143.7280,-8.983701,-8.809565,-3.091805,TURN_TO_LANE,3,TURN_TO_LANE,0.1643,-0.1643,+X
143.7440,-8.983689,-8.809799,-3.092877,TURN_TO_LANE,3,TURN_TO_LANE,0.1608,-0.1608,+X
143.7600,-8.983678,-8.810029,-3.093925,TURN_TO_LANE,3,TURN_TO_LANE,0.1573,-0.1573,+X
143.7760,-8.983667,-8.810254,-3.094952,TURN_TO_LANE,3,TURN_TO_LANE,0.1539,-0.1539,+X
143.7920,-8.983657,-8.810473,-3.095956,TURN_TO_LANE,3,TURN_TO_LANE,0.1506,-0.1506,+X
143.8080,-8.983648,-8.810689,-3.096938,TURN_TO_LANE,3,TURN_TO_LANE,0.1474,-0.1474,+X
143.8240,-8.983638,-8.810899,-3.097899,TURN_TO_LANE,3,TURN_TO_LANE,0.1442,-0.1442,+X
143.8400,-8.983630,-8.811105,-3.098840,TURN_TO_LANE,3,TURN_TO_LANE,0.1411,-0.1411,+X
143.8560,-8.983621,-8.811306,-3.099760,TURN_TO_LANE,3,TURN_TO_LANE,0.1380,-0.1380,+X
143.8720,-8.983613,-8.811504,-3.100661,TURN_TO_LANE,3,TURN_TO_LANE,0.1351,-0.1351,+X
143.8880,-8.983605,-8.811697,-3.101542,TURN_TO_LANE,3,TURN_TO_LANE,0.1322,-0.1322,+X
143.9040,-8.983598,-8.811885,-3.102404,TURN_TO_LANE,3,TURN_TO_LANE,0.1320,-0.1320,+X
143.9200,-8.983590,-8.812074,-3.103265,TURN_TO_LANE,3,TURN_TO_LANE,0.1320,-0.1320,+X
143.9360,-8.983583,-8.812262,-3.104126,TURN_TO_LANE,3,TURN_TO_LANE,0.1320,-0.1320,+X
143.9520,-8.983576,-8.812451,-3.104986,TURN_TO_LANE,3,TURN_TO_LANE,0.1320,-0.1320,+X
143.9680,-8.983569,-8.812640,-3.105847,TURN_TO_LANE,3,TURN_TO_LANE,0.1320,-0.1320,+X
143.9840,-8.983563,-8.812828,-3.106708,TURN_TO_LANE,3,TURN_TO_LANE,0.1320,-0.1320,+X
144.0000,-8.983556,-8.813017,-3.107569,TURN_TO_LANE,3,TURN_TO_LANE,0.1320,-0.1320,+X
144.0160,-8.983550,-8.813205,-3.108430,TURN_TO_LANE,3,TURN_TO_LANE,0.1320,-0.1320,+X
144.0320,-8.983544,-8.813394,-3.109291,TURN_TO_LANE,3,TURN_TO_LANE,0.1320,-0.1320,+X
144.0480,-8.983538,-8.813583,-3.110152,TURN_TO_LANE,3,TURN_TO_LANE,0.1320,-0.1320,+X
144.0640,-8.983532,-8.813771,-3.111013,TURN_TO_LANE,3,TURN_TO_LANE,0.1320,-0.1320,+X
144.0800,-8.983526,-8.813960,-3.111873,TURN_TO_LANE,3,TURN_TO_LANE,0.1320,-0.1320,+X
144.0960,-8.983521,-8.814149,-3.112734,TURN_TO_LANE,3,TURN_TO_LANE,0.1320,-0.1320,+X
144.1120,-8.983515,-8.814338,-3.113595,TURN_TO_LANE,3,TURN_TO_LANE,0.1320,-0.1320,+X
144.1280,-8.983510,-8.814527,-3.114456,TURN_TO_LANE,3,TURN_TO_LANE,0.1320,-0.1320,+X
144.1440,-8.983505,-8.814715,-3.115317,TURN_TO_LANE,3,TURN_TO_LANE,0.1320,-0.1320,+X
144.1600,-8.983500,-8.814904,-3.116178,TURN_TO_LANE,3,TURN_TO_LANE,0.1320,-0.1320,+X
144.1760,-8.983496,-8.815093,-3.117038,TURN_TO_LANE,3,TURN_TO_LANE,0.1320,-0.1320,+X
144.1920,-8.983491,-8.815282,-3.117899,TURN_TO_LANE,3,TURN_TO_LANE,0.1320,-0.1320,+X
144.2080,-8.983487,-8.815471,-3.118760,TURN_TO_LANE,3,TURN_TO_LANE,0.1320,-0.1320,+X
144.2240,-8.983482,-8.815660,-3.119621,TURN_TO_LANE,3,TURN_TO_LANE,0.1320,-0.1320,+X
144.2400,-8.983478,-8.815848,-3.120482,TURN_TO_LANE,3,TURN_TO_LANE,0.1320,-0.1320,+X
144.2560,-8.983474,-8.816037,-3.121343,TURN_TO_LANE,3,TURN_TO_LANE,0.1320,-0.1320,+X
144.2720,-8.983471,-8.816226,-3.122203,TURN_TO_LANE,3,TURN_TO_LANE,0.1320,-0.1320,+X
144.2880,-8.983467,-8.816415,-3.123064,TURN_TO_LANE,3,TURN_TO_LANE,0.1320,-0.1320,+X
144.3040,-8.983464,-8.816604,-3.123925,TURN_TO_LANE,3,TURN_TO_LANE,0.1320,-0.1320,+X
144.3200,-8.983460,-8.816793,-3.124786,TURN_TO_LANE,3,TURN_TO_LANE,0.1320,-0.1320,+X
144.3360,-8.983457,-8.816982,-3.125647,TURN_TO_LANE,3,TURN_TO_LANE,0.1320,-0.1320,+X
144.3520,-8.983454,-8.817171,-3.126507,TURN_TO_LANE,3,TURN_TO_LANE,0.1320,-0.1320,+X
144.3680,-8.983452,-8.817359,-3.127368,TURN_TO_LANE,3,TURN_TO_LANE,0.1320,-0.1320,+X
144.3840,-8.983449,-8.817548,-3.128229,TURN_TO_LANE,3,TURN_TO_LANE,0.1320,-0.1320,+X
144.4000,-8.983447,-8.817737,-3.129090,TURN_TO_LANE,3,TURN_TO_LANE,0.1320,-0.1320,+X
144.4160,-8.983444,-8.817926,-3.129950,TURN_TO_LANE,3,TURN_TO_LANE,0.1320,-0.1320,+X
144.4320,-8.983442,-8.818115,-3.130811,TURN_TO_LANE,3,TURN_TO_LANE,0.1320,-0.1320,+X
144.4480,-8.983440,-8.818304,-3.131672,TURN_TO_LANE,3,TURN_TO_LANE,0.1320,-0.1320,+X
144.4640,-8.983438,-8.818493,-3.132533,TURN_TO_LANE,3,TURN_TO_LANE,0.1320,-0.1320,+X
144.4800,-8.983437,-8.818682,-3.133393,TURN_TO_LANE,3,TURN_TO_LANE,0.1320,-0.1320,+X
144.4960,-8.983435,-8.818871,-3.134254,DRIVE_LANE,3,NONE,-0.0000,-0.0000,+X
144.5120,-8.983435,-8.818873,-3.134255,DRIVE_LANE,3,NONE,-1.9260,-1.5740,+X
144.5280,-8.981629,-8.818857,-3.134259,DRIVE_LANE,3,NONE,-2.1020,-1.3980,+X
144.5440,-8.978306,-8.818336,-3.131968,DRIVE_LANE,3,NONE,-2.2780,-1.2220,+X
144.5600,-8.975595,-8.817663,-3.129007,DRIVE_LANE,3,NONE,-2.4540,-1.0460,+X
144.5760,-8.972788,-8.816623,-3.124421,DRIVE_LANE,3,NONE,-2.6300,-0.8700,+X
144.5920,-8.969989,-8.815315,-3.118684,DRIVE_LANE,3,NONE,-2.8060,-0.6940,+X
144.6080,-8.967208,-8.813737,-3.111796,DRIVE_LANE,3,NONE,-2.9820,-0.5180,+X
144.6240,-8.964449,-8.811884,-3.103758,DRIVE_LANE,3,NONE,-3.1064,-0.3936,+X
144.6400,-8.961716,-8.809829,-3.094905,DRIVE_LANE,3,NONE,-3.0646,-0.4354,+X
144.6560,-8.959003,-8.807804,-3.086321,DRIVE_LANE,3,NONE,-3.0239,-0.4761,+X
144.6720,-8.956306,-8.805813,-3.078002,DRIVE_LANE,3,NONE,-2.9842,-0.5158,+X
144.6880,-8.953624,-8.803856,-3.069942,DRIVE_LANE,3,NONE,-2.9455,-0.5545,+X
144.7040,-8.950955,-8.801933,-3.062135,DRIVE_LANE,3,NONE,-2.9079,-0.5921,+X
144.7200,-8.948299,-8.800044,-3.054573,DRIVE_LANE,3,NONE,-2.8712,-0.6288,+X
144.7360,-8.945653,-8.798187,-3.047251,DRIVE_LANE,3,NONE,-2.8355,-0.6645,+X
144.7520,-8.943016,-8.796362,-3.040163,DRIVE_LANE,3,NONE,-2.8375,-0.7361,+X
144.7680,-8.940331,-8.794562,-3.033301,DRIVE_LANE,3,NONE,-2.9009,-0.8674,+X
144.7840,-8.937502,-8.792776,-3.026661,DRIVE_LANE,3,NONE,-2.9633,-0.9960,+X
144.8000,-8.934527,-8.791001,-3.020237,DRIVE_LANE,3,NONE,-3.0246,-1.1221,+X
144.8160,-8.931408,-8.789235,-3.014025,DRIVE_LANE,3,NONE,-3.0849,-1.2457,+X
144.8320,-8.928148,-8.787476,-3.008019,DRIVE_LANE,3,NONE,-3.1442,-1.3669,+X
144.8480,-8.924748,-8.785723,-3.002216,DRIVE_LANE,3,NONE,-3.2024,-1.4858,+X
144.8640,-8.921212,-8.783973,-2.996610,DRIVE_LANE,3,NONE,-3.2598,-1.6024,+X
144.8800,-8.917541,-8.782225,-2.991198,DRIVE_LANE,3,NONE,-3.3161,-1.7168,+X
144.8960,-8.913738,-8.780478,-2.985976,DRIVE_LANE,3,NONE,-3.3716,-1.8292,+X
144.9120,-8.909805,-8.778730,-2.980940,DRIVE_LANE,3,NONE,-3.4262,-1.9394,+X
144.9280,-8.905744,-8.776981,-2.976085,DRIVE_LANE,3,NONE,-3.4798,-2.0477,+X
144.9440,-8.901556,-8.775230,-2.971409,DRIVE_LANE,3,NONE,-3.5327,-2.1540,+X
144.9600,-8.897245,-8.773476,-2.966907,DRIVE_LANE,3,NONE,-3.5846,-2.2584,+X
144.9760,-8.892812,-8.771717,-2.962576,DRIVE_LANE,3,NONE,-3.6358,-2.3610,+X
144.9920,-8.888258,-8.769954,-2.958414,DRIVE_LANE,3,NONE,-3.6861,-2.4618,+X
145.0080,-8.883586,-8.768185,-2.954416,DRIVE_LANE,3,NONE,-3.7356,-2.5608,+X
145.0240,-8.878798,-8.766411,-2.950580,DRIVE_LANE,3,NONE,-3.7843,-2.6581,+X
145.0400,-8.873895,-8.764630,-2.946903,DRIVE_LANE,3,NONE,-3.8323,-2.7537,+X
145.0560,-8.868879,-8.762843,-2.943381,DRIVE_LANE,3,NONE,-3.8795,-2.8477,+X
145.0720,-8.863752,-8.761049,-2.940012,DRIVE_LANE,3,NONE,-3.9259,-2.9400,+X
145.0880,-8.858516,-8.759248,-2.936793,DRIVE_LANE,3,NONE,-3.9716,-3.0308,+X
145.1040,-8.853171,-8.757440,-2.933722,DRIVE_LANE,3,NONE,-4.0165,-3.1200,+X
145.1200,-8.847721,-8.755624,-2.930795,DRIVE_LANE,3,NONE,-4.0607,-3.2077,+X
145.1360,-8.842166,-8.753801,-2.928009,DRIVE_LANE,3,NONE,-4.1042,-3.2939,+X
145.1520,-8.836508,-8.751971,-2.925364,DRIVE_LANE,3,NONE,-4.1470,-3.3787,+X
145.1680,-8.830748,-8.750134,-2.922855,DRIVE_LANE,3,NONE,-4.1890,-3.4619,+X
145.1840,-8.824889,-8.748289,-2.920481,DRIVE_LANE,3,NONE,-4.2304,-3.5438,+X
145.2000,-8.818932,-8.746438,-2.918240,DRIVE_LANE,3,NONE,-4.2710,-3.6242,+X
145.2160,-8.812877,-8.744580,-2.916128,DRIVE_LANE,3,NONE,-4.3110,-3.7032,+X
145.2320,-8.806728,-8.742715,-2.914144,DRIVE_LANE,3,NONE,-4.3503,-3.7809,+X
145.2480,-8.800485,-8.740844,-2.912285,DRIVE_LANE,3,NONE,-4.3889,-3.8572,+X
145.2640,-8.794149,-8.738968,-2.910549,DRIVE_LANE,3,NONE,-4.4268,-3.9321,+X
145.2800,-8.787722,-8.737086,-2.908934,DRIVE_LANE,3,NONE,-4.4641,-4.0057,+X
145.2960,-8.781207,-8.735198,-2.907437,DRIVE_LANE,3,NONE,-4.5006,-4.0780,+X
145.3120,-8.774603,-8.733306,-2.906058,DRIVE_LANE,3,NONE,-4.5365,-4.1490,+X
145.3280,-8.767913,-8.731410,-2.904793,DRIVE_LANE,3,NONE,-4.5718,-4.2187,+X
145.3440,-8.761137,-8.729509,-2.903640,DRIVE_LANE,3,NONE,-4.6064,-4.2870,+X
145.3600,-8.754278,-8.727606,-2.902598,DRIVE_LANE,3,NONE,-4.6403,-4.3542,+X
145.3760,-8.747337,-8.725699,-2.901664,DRIVE_LANE,3,NONE,-4.6735,-4.4200,+X
145.3920,-8.740314,-8.723791,-2.900837,DRIVE_LANE,3,NONE,-4.7062,-4.4846,+X
145.4080,-8.733213,-8.721880,-2.900114,DRIVE_LANE,3,NONE,-4.7381,-4.5479,+X
145.4240,-8.726033,-8.719968,-2.899493,DRIVE_LANE,3,NONE,-4.7694,-4.6100,+X
145.4400,-8.718776,-8.718056,-2.898973,DRIVE_LANE,3,NONE,-4.8001,-4.6708,+X
145.4560,-8.711444,-8.716144,-2.898551,DRIVE_LANE,3,NONE,-4.8301,-4.7304,+X
145.4720,-8.704038,-8.714232,-2.898226,DRIVE_LANE,3,NONE,-4.8595,-4.7887,+X
145.4880,-8.696559,-8.712321,-2.897995,DRIVE_LANE,3,NONE,-4.8883,-4.8459,+X
145.5040,-8.689009,-8.710413,-2.897858,DRIVE_LANE,3,NONE,-4.9164,-4.9018,+X
145.5200,-8.681390,-8.708506,-2.897811,DRIVE_LANE,3,NONE,-4.9438,-4.9565,+X
145.5360,-8.673703,-8.706597,-2.897837,DRIVE_LANE,3,NONE,-4.9709,-5.0104,+X
145.5520,-8.665948,-8.704692,-2.897954,DRIVE_LANE,3,NONE,-4.9370,-5.0028,+X
145.5680,-8.658218,-8.702814,-2.898159,DRIVE_LANE,3,NONE,-4.8863,-4.9774,+X
145.5840,-8.650541,-8.700971,-2.898449,DRIVE_LANE,3,NONE,-4.8376,-4.9530,+X
145.6000,-8.642916,-8.699162,-2.898819,DRIVE_LANE,3,NONE,-4.7909,-4.9297,+X
145.6160,-8.635342,-8.697387,-2.899267,DRIVE_LANE,3,NONE,-4.7462,-4.9074,+X
145.6320,-8.627815,-8.695644,-2.899790,DRIVE_LANE,3,NONE,-4.7033,-4.8860,+X
145.6480,-8.620335,-8.693933,-2.900383,DRIVE_LANE,3,NONE,-4.6622,-4.8655,+X
145.6640,-8.612897,-8.692253,-2.901044,DRIVE_LANE,3,NONE,-4.6228,-4.8459,+X
145.6800,-8.605502,-8.690604,-2.901770,DRIVE_LANE,3,NONE,-4.5851,-4.8271,+X
145.6960,-8.598146,-8.688984,-2.902559,DRIVE_LANE,3,NONE,-4.5491,-4.8091,+X
145.7120,-8.590827,-8.687394,-2.903407,DRIVE_LANE,3,NONE,-4.5146,-4.7920,+X
145.7280,-8.583545,-8.685832,-2.904311,DRIVE_LANE,3,NONE,-4.4816,-4.7756,+X
145.7440,-8.576296,-8.684297,-2.905270,DRIVE_LANE,3,NONE,-4.4501,-4.7600,+X
145.7600,-8.569081,-8.682790,-2.906281,DRIVE_LANE,3,NONE,-4.4200,-4.7450,+X
145.7760,-8.561896,-8.681309,-2.907342,DRIVE_LANE,3,NONE,-4.3913,-4.7308,+X
145.7920,-8.554740,-8.679854,-2.908450,DRIVE_LANE,3,NONE,-4.3639,-4.7172,+X
145.8080,-8.547613,-8.678424,-2.909603,DRIVE_LANE,3,NONE,-4.3378,-4.7043,+X
145.8240,-8.540512,-8.677020,-2.910799,DRIVE_LANE,3,NONE,-4.3130,-4.6920,+X
145.8400,-8.533437,-8.675639,-2.912036,DRIVE_LANE,3,NONE,-4.2893,-4.6802,+X
145.8560,-8.526385,-8.674282,-2.913312,DRIVE_LANE,3,NONE,-4.2668,-4.6691,+X
145.8720,-8.519356,-8.672948,-2.914625,DRIVE_LANE,3,NONE,-4.2454,-4.6585,+X
145.8880,-8.512349,-8.671637,-2.915974,DRIVE_LANE,3,NONE,-4.2251,-4.6485,+X
145.9040,-8.505361,-8.670348,-2.917356,DRIVE_LANE,3,NONE,-4.2059,-4.6389,+X
145.9200,-8.498393,-8.669081,-2.918769,DRIVE_LANE,3,NONE,-4.1876,-4.6299,+X
145.9360,-8.491443,-8.667835,-2.920213,DRIVE_LANE,3,NONE,-4.1704,-4.6213,+X
145.9520,-8.484510,-8.666610,-2.921685,DRIVE_LANE,3,NONE,-4.1540,-4.6133,+X
145.9680,-8.477592,-8.665405,-2.923184,DRIVE_LANE,3,NONE,-4.1386,-4.6056,+X
145.9840,-8.470690,-8.664221,-2.924709,DRIVE_LANE,3,NONE,-4.1241,-4.5984,+X
146.0000,-8.463802,-8.663055,-2.926257,DRIVE_LANE,3,NONE,-4.1104,-4.5916,+X
146.0160,-8.456927,-8.661909,-2.927828,DRIVE_LANE,3,NONE,-4.0975,-4.5853,+X
146.0320,-8.450064,-8.660781,-2.929420,DRIVE_LANE,3,NONE,-4.0855,-4.5793,+X
146.0480,-8.443212,-8.659672,-2.931032,DRIVE_LANE,3,NONE,-4.0742,-4.5737,+X
146.0640,-8.436371,-8.658581,-2.932663,DRIVE_LANE,3,NONE,-4.0636,-4.5684,+X
146.0800,-8.429540,-8.657507,-2.934311,DRIVE_LANE,3,NONE,-4.0537,-4.5635,+X
146.0960,-8.422718,-8.656450,-2.935975,DRIVE_LANE,3,NONE,-4.0446,-4.5589,+X
146.1120,-8.415905,-8.655411,-2.937654,DRIVE_LANE,3,NONE,-4.0361,-4.5547,+X
146.1280,-8.409098,-8.654387,-2.939347,DRIVE_LANE,3,NONE,-4.0282,-4.5508,+X
146.1440,-8.402299,-8.653381,-2.941053,DRIVE_LANE,3,NONE,-4.0210,-4.5472,+X
146.1600,-8.395506,-8.652390,-2.942771,DRIVE_LANE,3,NONE,-4.0143,-4.5438,+X
146.1760,-8.388719,-8.651414,-2.944499,DRIVE_LANE,3,NONE,-4.0082,-4.5408,+X
146.1920,-8.381937,-8.650454,-2.946238,DRIVE_LANE,3,NONE,-4.0027,-4.5380,+X
146.2080,-8.375159,-8.649509,-2.947985,DRIVE_LANE,3,NONE,-3.9977,-4.5355,+X
146.2240,-8.368386,-8.648579,-2.949740,DRIVE_LANE,3,NONE,-3.9933,-4.5332,+X
146.2400,-8.361615,-8.647663,-2.951503,DRIVE_LANE,3,NONE,-3.9893,-4.5312,+X
146.2560,-8.354848,-8.646762,-2.953272,DRIVE_LANE,3,NONE,-3.9858,-4.5294,+X
146.2720,-8.348083,-8.645874,-2.955046,DRIVE_LANE,3,NONE,-3.9828,-4.5278,+X
146.2880,-8.341319,-8.645001,-2.956825,DRIVE_LANE,3,NONE,-3.9802,-4.5264,+X
146.3040,-8.334557,-8.644140,-2.958608,DRIVE_LANE,3,NONE,-3.9780,-4.5253,+X
146.3200,-8.327796,-8.643293,-2.960394,DRIVE_LANE,3,NONE,-3.9763,-4.5243,+X
146.3360,-8.321036,-8.642459,-2.962183,DRIVE_LANE,3,NONE,-3.9750,-4.5236,+X
146.3520,-8.314275,-8.641638,-2.963974,DRIVE_LANE,3,NONE,-3.9740,-4.5230,+X
146.3680,-8.307515,-8.640830,-2.965766,DRIVE_LANE,3,NONE,-3.9734,-4.5226,+X
146.3840,-8.300753,-8.640034,-2.967559,DRIVE_LANE,3,NONE,-3.9732,-4.5224,+X
146.4000,-8.293991,-8.639250,-2.969352,DRIVE_LANE,3,NONE,-3.9733,-4.5224,+X
146.4160,-8.287227,-8.638478,-2.971144,DRIVE_LANE,3,NONE,-3.9738,-4.5225,+X
146.4320,-8.280461,-8.637718,-2.972935,DRIVE_LANE,3,NONE,-3.9745,-4.5227,+X
146.4480,-8.273693,-8.636969,-2.974724,DRIVE_LANE,3,NONE,-3.9756,-4.5231,+X
146.4640,-8.266923,-8.636232,-2.976512,DRIVE_LANE,3,NONE,-3.9770,-4.5237,+X
146.4800,-8.260150,-8.635506,-2.978296,DRIVE_LANE,3,NONE,-3.9786,-4.5244,+X
146.4960,-8.253374,-8.634792,-2.980078,DRIVE_LANE,3,NONE,-3.9806,-4.5252,+X
146.5120,-8.246595,-8.634088,-2.981855,DRIVE_LANE,3,NONE,-3.9827,-4.5262,+X
146.5280,-8.239812,-8.633395,-2.983629,DRIVE_LANE,3,NONE,-3.9852,-4.5272,+X
146.5440,-8.233025,-8.632712,-2.985398,DRIVE_LANE,3,NONE,-3.9879,-4.5284,+X
146.5600,-8.226234,-8.632040,-2.987163,DRIVE_LANE,3,NONE,-3.9908,-4.5297,+X
146.5760,-8.219439,-8.631379,-2.988922,DRIVE_LANE,3,NONE,-3.9939,-4.5311,+X
146.5920,-8.212639,-8.630727,-2.990675,DRIVE_LANE,3,NONE,-3.9973,-4.5326,+X
146.6080,-8.205835,-8.630086,-2.992422,DRIVE_LANE,3,NONE,-4.0009,-4.5343,+X
146.6240,-8.199025,-8.629454,-2.994163,DRIVE_LANE,3,NONE,-4.0046,-4.5360,+X
146.6400,-8.192210,-8.628832,-2.995897,DRIVE_LANE,3,NONE,-4.0086,-4.5378,+X
146.6560,-8.185390,-8.628220,-2.997625,DRIVE_LANE,3,NONE,-4.0127,-4.5397,+X
146.6720,-8.178565,-8.627617,-2.999344,DRIVE_LANE,3,NONE,-4.0171,-4.5416,+X
146.6880,-8.171733,-8.627024,-3.001057,DRIVE_LANE,3,NONE,-4.0215,-4.5437,+X
146.7040,-8.164896,-8.626440,-3.002761,DRIVE_LANE,3,NONE,-4.0262,-4.5458,+X
146.7200,-8.158052,-8.625865,-3.004457,DRIVE_LANE,3,NONE,-4.0310,-4.5480,+X
146.7360,-8.151202,-8.625298,-3.006144,DRIVE_LANE,3,NONE,-4.0359,-4.5503,+X
146.7520,-8.144346,-8.624741,-3.007823,DRIVE_LANE,3,NONE,-4.0410,-4.5526,+X
146.7680,-8.137483,-8.624193,-3.009493,DRIVE_LANE,3,NONE,-4.0463,-4.5550,+X
146.7840,-8.130614,-8.623653,-3.011153,DRIVE_LANE,3,NONE,-4.0516,-4.5575,+X
146.8000,-8.123738,-8.623121,-3.012804,DRIVE_LANE,3,NONE,-4.0571,-4.5600,+X
146.8160,-8.116854,-8.622598,-3.014446,DRIVE_LANE,3,NONE,-4.0627,-4.5626,+X
146.8320,-8.109964,-8.622083,-3.016077,DRIVE_LANE,3,NONE,-4.0684,-4.5653,+X
146.8480,-8.103067,-8.621577,-3.017699,DRIVE_LANE,3,NONE,-4.0742,-4.5680,+X
146.8640,-8.096162,-8.621079,-3.019310,DRIVE_LANE,3,NONE,-4.0801,-4.5707,+X
146.8800,-8.089250,-8.620588,-3.020911,DRIVE_LANE,3,NONE,-4.0861,-4.5735,+X
146.8960,-8.082330,-8.620106,-3.022502,DRIVE_LANE,3,NONE,-4.0922,-4.5763,+X
146.9120,-8.075403,-8.619631,-3.024082,DRIVE_LANE,3,NONE,-4.0984,-4.5792,+X
146.9280,-8.068468,-8.619164,-3.025651,DRIVE_LANE,3,NONE,-4.1047,-4.5821,+X
146.9440,-8.061525,-8.618704,-3.027209,DRIVE_LANE,3,NONE,-4.1111,-4.5850,+X
146.9600,-8.054575,-8.618252,-3.028755,DRIVE_LANE,3,NONE,-4.1175,-4.5880,+X
146.9760,-8.047616,-8.617808,-3.030291,DRIVE_LANE,3,NONE,-4.1240,-4.5910,+X
146.9920,-8.040650,-8.617371,-3.031815,DRIVE_LANE,3,NONE,-4.1305,-4.5941,+X
147.0080,-8.033676,-8.616941,-3.033328,DRIVE_LANE,3,NONE,-4.1372,-4.5972,+X
147.0240,-8.026693,-8.616518,-3.034829,DRIVE_LANE,3,NONE,-4.1438,-4.6003,+X
147.0400,-8.019703,-8.616102,-3.036319,DRIVE_LANE,3,NONE,-4.1506,-4.6034,+X
147.0560,-8.012704,-8.615693,-3.037796,DRIVE_LANE,3,NONE,-4.1574,-4.6066,+X
147.0720,-8.005697,-8.615292,-3.039262,DRIVE_LANE,3,NONE,-4.1642,-4.6097,+X
147.0880,-7.998682,-8.614897,-3.040716,DRIVE_LANE,3,NONE,-4.1711,-4.6129,+X
147.1040,-7.991658,-8.614508,-3.042158,DRIVE_LANE,3,NONE,-4.1780,-4.6162,+X
147.1200,-7.984626,-8.614127,-3.043588,DRIVE_LANE,3,NONE,-4.1849,-4.6194,+X
147.1360,-7.977586,-8.613751,-3.045006,DRIVE_LANE,3,NONE,-4.1919,-4.6226,+X
147.1520,-7.970537,-8.613383,-3.046411,DRIVE_LANE,3,NONE,-4.1990,-4.6259,+X
147.1680,-7.963480,-8.613021,-3.047804,DRIVE_LANE,3,NONE,-4.2060,-4.6292,+X
147.1840,-7.956414,-8.612665,-3.049185,DRIVE_LANE,3,NONE,-4.2131,-4.6325,+X
147.2000,-7.949340,-8.612315,-3.050554,DRIVE_LANE,3,NONE,-4.2202,-4.6358,+X
147.2160,-7.942257,-8.611972,-3.051910,DRIVE_LANE,3,NONE,-4.2273,-4.6391,+X
147.2320,-7.935166,-8.611634,-3.053254,DRIVE_LANE,3,NONE,-4.2345,-4.6425,+X
147.2480,-7.928066,-8.611303,-3.054585,DRIVE_LANE,3,NONE,-4.2416,-4.6458,+X
147.2640,-7.920958,-8.610978,-3.055904,DRIVE_LANE,3,NONE,-4.2488,-4.6491,+X
147.2800,-7.913841,-8.610658,-3.057210,DRIVE_LANE,3,NONE,-4.2560,-4.6525,+X
147.2960,-7.906716,-8.610344,-3.058504,DRIVE_LANE,3,NONE,-4.2631,-4.6558,+X
147.3120,-7.899582,-8.610037,-3.059785,DRIVE_LANE,3,NONE,-4.2703,-4.6592,+X
147.3280,-7.892439,-8.609734,-3.061054,DRIVE_LANE,3,NONE,-4.2775,-4.6625,+X
147.3440,-7.885288,-8.609438,-3.062310,DRIVE_LANE,3,NONE,-4.2847,-4.6659,+X
147.3600,-7.878128,-8.609146,-3.063554,DRIVE_LANE,3,NONE,-4.2919,-4.6693,+X
147.3760,-7.870960,-8.608861,-3.064785,DRIVE_LANE,3,NONE,-4.2991,-4.6726,+X
147.3920,-7.863783,-8.608580,-3.066004,DRIVE_LANE,3,NONE,-4.3063,-4.6760,+X
147.4080,-7.856597,-8.608306,-3.067210,DRIVE_LANE,3,NONE,-4.3135,-4.6793,+X
147.4240,-7.849403,-8.608036,-3.068403,DRIVE_LANE,3,NONE,-4.3207,-4.6827,+X
147.4400,-7.842201,-8.607771,-3.069584,DRIVE_LANE,3,NONE,-4.3279,-4.6860,+X
147.4560,-7.834990,-8.607512,-3.070752,DRIVE_LANE,3,NONE,-4.3351,-4.6894,+X
147.4720,-7.827770,-8.607258,-3.071908,DRIVE_LANE,3,NONE,-4.3422,-4.6927,+X
147.4880,-7.820542,-8.607008,-3.073052,DRIVE_LANE,3,NONE,-4.3493,-4.6960,+X
147.5040,-7.813306,-8.606764,-3.074183,DRIVE_LANE,3,NONE,-4.3565,-4.6994,+X
147.5200,-7.806061,-8.606524,-3.075301,DRIVE_LANE,3,NONE,-4.3636,-4.7027,+X
147.5360,-7.798808,-8.606289,-3.076408,DRIVE_LANE,3,NONE,-4.3707,-4.7060,+X
147.5520,-7.791546,-8.606059,-3.077502,DRIVE_LANE,3,NONE,-4.3777,-4.7093,+X
147.5680,-7.784276,-8.605834,-3.078583,DRIVE_LANE,3,NONE,-4.3848,-4.7126,+X
147.5840,-7.776998,-8.605613,-3.079653,DRIVE_LANE,3,NONE,-4.3918,-4.7159,+X
147.6000,-7.769711,-8.605397,-3.080710,DRIVE_LANE,3,NONE,-4.3988,-4.7191,+X
147.6160,-7.762416,-8.605185,-3.081755,DRIVE_LANE,3,NONE,-4.4058,-4.7224,+X
147.6320,-7.755113,-8.604978,-3.082787,DRIVE_LANE,3,NONE,-4.4127,-4.7256,+X
147.6480,-7.747802,-8.604775,-3.083808,DRIVE_LANE,3,NONE,-4.4197,-4.7289,+X
147.6640,-7.740483,-8.604577,-3.084816,DRIVE_LANE,3,NONE,-4.4266,-4.7321,+X
147.6800,-7.733155,-8.604382,-3.085813,DRIVE_LANE,3,NONE,-4.4334,-4.7353,+X
147.6960,-7.725819,-8.604192,-3.086798,DRIVE_LANE,3,NONE,-4.4403,-4.7385,+X
147.7120,-7.718476,-8.604006,-3.087770,DRIVE_LANE,3,NONE,-4.4471,-4.7417,+X
147.7280,-7.711124,-8.603824,-3.088731,DRIVE_LANE,3,NONE,-4.4539,-4.7448,+X
147.7440,-7.703764,-8.603646,-3.089680,DRIVE_LANE,3,NONE,-4.4606,-4.7480,+X
147.7600,-7.696396,-8.603472,-3.090617,DRIVE_LANE,3,NONE,-4.4673,-4.7511,+X
147.7760,-7.689021,-8.603302,-3.091543,DRIVE_LANE,3,NONE,-4.4740,-4.7542,+X
147.7920,-7.681637,-8.603136,-3.092457,DRIVE_LANE,3,NONE,-4.4806,-4.7573,+X
147.8080,-7.674246,-8.602973,-3.093359,DRIVE_LANE,3,NONE,-4.4872,-4.7604,+X
147.8240,-7.666847,-8.602815,-3.094250,DRIVE_LANE,3,NONE,-4.4938,-4.7635,+X
147.8400,-7.659441,-8.602660,-3.095130,DRIVE_LANE,3,NONE,-4.5003,-4.7665,+X
147.8560,-7.652026,-8.602508,-3.095998,DRIVE_LANE,3,NONE,-4.5068,-4.7696,+X
147.8720,-7.644604,-8.602360,-3.096855,DRIVE_LANE,3,NONE,-4.5133,-4.7726,+X
147.8880,-7.637175,-8.602216,-3.097700,DRIVE_LANE,3,NONE,-4.5197,-4.7756,+X
147.9040,-7.629738,-8.602075,-3.098534,DRIVE_LANE,3,NONE,-4.5260,-4.7785,+X
147.9200,-7.622293,-8.601938,-3.099358,DRIVE_LANE,3,NONE,-4.5324,-4.7815,+X
147.9360,-7.614841,-8.601804,-3.100170,DRIVE_LANE,3,NONE,-4.5387,-4.7844,+X
147.9520,-7.607382,-8.601674,-3.100971,DRIVE_LANE,3,NONE,-4.5449,-4.7874,+X
147.9680,-7.599915,-8.601546,-3.101762,DRIVE_LANE,3,NONE,-4.5511,-4.7903,+X
147.9840,-7.592441,-8.601422,-3.102542,DRIVE_LANE,3,NONE,-4.5573,-4.7931,+X
148.0000,-7.584960,-8.601301,-3.103310,DRIVE_LANE,3,NONE,-4.5634,-4.7960,+X
148.0160,-7.577471,-8.601183,-3.104069,DRIVE_LANE,3,NONE,-4.5695,-4.7988,+X
148.0320,-7.569976,-8.601068,-3.104816,DRIVE_LANE,3,NONE,-4.5755,-4.8016,+X
148.0480,-7.562473,-8.600957,-3.105554,DRIVE_LANE,3,NONE,-4.5815,-4.8044,+X
148.0640,-7.554963,-8.600848,-3.106280,DRIVE_LANE,3,NONE,-4.5874,-4.8072,+X
148.0800,-7.547447,-8.600742,-3.106997,DRIVE_LANE,3,NONE,-4.5933,-4.8100,+X
148.0960,-7.539923,-8.600639,-3.107703,DRIVE_LANE,3,NONE,-4.5992,-4.8127,+X
148.1120,-7.532393,-8.600539,-3.108399,DRIVE_LANE,3,NONE,-4.6050,-4.8154,+X
148.1280,-7.524856,-8.600442,-3.109085,DRIVE_LANE,3,NONE,-4.6107,-4.8181,+X
148.1440,-7.517312,-8.600347,-3.109761,DRIVE_LANE,3,NONE,-4.6164,-4.8208,+X
148.1600,-7.509761,-8.600255,-3.110427,DRIVE_LANE,3,NONE,-4.6221,-4.8234,+X
148.1760,-7.502204,-8.600166,-3.111083,DRIVE_LANE,3,NONE,-4.6277,-4.8260,+X
148.1920,-7.494640,-8.600079,-3.111729,DRIVE_LANE,3,NONE,-4.6333,-4.8286,+X
148.2080,-7.487070,-8.599995,-3.112366,DRIVE_LANE,3,NONE,-4.6388,-4.8312,+X
148.2240,-7.479493,-8.599913,-3.112993,DRIVE_LANE,3,NONE,-4.6443,-4.8338,+X
148.2400,-7.471910,-8.599834,-3.113611,DRIVE_LANE,3,NONE,-4.6497,-4.8363,+X
148.2560,-7.464320,-8.599757,-3.114219,DRIVE_LANE,3,NONE,-4.6550,-4.8388,+X
148.2720,-7.456724,-8.599682,-3.114818,DRIVE_LANE,3,NONE,-4.6604,-4.8413,+X
148.2880,-7.449122,-8.599610,-3.115407,DRIVE_LANE,3,NONE,-4.6656,-4.8437,+X
148.3040,-7.441514,-8.599540,-3.115987,DRIVE_LANE,3,NONE,-4.6709,-4.8462,+X
148.3200,-7.433900,-8.599472,-3.116559,DRIVE_LANE,3,NONE,-4.6760,-4.8486,+X
148.3360,-7.426279,-8.599407,-3.117121,DRIVE_LANE,3,NONE,-4.6811,-4.8510,+X
148.3520,-7.418653,-8.599344,-3.117674,DRIVE_LANE,3,NONE,-4.6862,-4.8534,+X
148.3680,-7.411021,-8.599282,-3.118219,DRIVE_LANE,3,NONE,-4.6912,-4.8557,+X
148.3840,-7.403382,-8.599223,-3.118755,DRIVE_LANE,3,NONE,-4.6962,-4.8580,+X
148.4000,-7.395738,-8.599166,-3.119282,DRIVE_LANE,3,NONE,-4.7011,-4.8603,+X
148.4160,-7.388089,-8.599111,-3.119800,DRIVE_LANE,3,NONE,-4.7060,-4.8626,+X
148.4320,-7.380433,-8.599058,-3.120310,DRIVE_LANE,3,NONE,-4.7108,-4.8649,+X
148.4480,-7.372772,-8.599006,-3.120812,DRIVE_LANE,3,NONE,-4.7156,-4.8671,+X
148.4640,-7.365105,-8.598957,-3.121306,DRIVE_LANE,3,NONE,-4.7203,-4.8693,+X
148.4800,-7.357433,-8.598909,-3.121791,DRIVE_LANE,3,NONE,-4.7250,-4.8715,+X
148.4960,-7.349755,-8.598864,-3.122268,DRIVE_LANE,3,NONE,-4.7296,-4.8736,+X
148.5120,-7.342072,-8.598820,-3.122737,DRIVE_LANE,3,NONE,-4.7342,-4.8758,+X
148.5280,-7.334383,-8.598777,-3.123198,DRIVE_LANE,3,NONE,-4.7387,-4.8779,+X
148.5440,-7.326690,-8.598737,-3.123651,DRIVE_LANE,3,NONE,-4.7432,-4.8800,+X
148.5600,-7.318991,-8.598698,-3.124097,DRIVE_LANE,3,NONE,-4.7476,-4.8820,+X
148.5760,-7.311286,-8.598660,-3.124534,DRIVE_LANE,3,NONE,-4.7520,-4.8841,+X
148.5920,-7.303577,-8.598625,-3.124964,DRIVE_LANE,3,NONE,-4.7563,-4.8861,+X
148.6080,-7.295863,-8.598590,-3.125387,DRIVE_LANE,3,NONE,-4.7606,-4.8881,+X
148.6240,-7.288143,-8.598558,-3.125802,DRIVE_LANE,3,NONE,-4.7648,-4.8901,+X
148.6400,-7.280419,-8.598527,-3.126210,DRIVE_LANE,3,NONE,-4.7690,-4.8920,+X
148.6560,-7.272690,-8.598497,-3.126611,DRIVE_LANE,3,NONE,-4.7731,-4.8940,+X
148.6720,-7.264955,-8.598469,-3.127004,DRIVE_LANE,3,NONE,-4.7772,-4.8959,+X
148.6880,-7.257217,-8.598442,-3.127390,DRIVE_LANE,3,NONE,-4.7812,-4.8977,+X
148.7040,-7.249473,-8.598416,-3.127770,DRIVE_LANE,3,NONE,-4.7852,-4.8996,+X
148.7200,-7.241725,-8.598392,-3.128142,DRIVE_LANE,3,NONE,-4.7891,-4.9014,+X
148.7360,-7.233972,-8.598369,-3.128507,DRIVE_LANE,3,NONE,-4.7930,-4.9033,+X
148.7520,-7.226215,-8.598347,-3.128866,DRIVE_LANE,3,NONE,-4.7968,-4.9050,+X
148.7680,-7.218453,-8.598327,-3.129218,DRIVE_LANE,3,NONE,-4.8006,-4.9068,+X
148.7840,-7.210687,-8.598308,-3.129564,DRIVE_LANE,3,NONE,-4.8043,-4.9086,+X
148.8000,-7.202916,-8.598290,-3.129903,DRIVE_LANE,3,NONE,-4.8080,-4.9103,+X
148.8160,-7.195141,-8.598273,-3.130235,DRIVE_LANE,3,NONE,-4.8117,-4.9120,+X
148.8320,-7.187362,-8.598257,-3.130562,DRIVE_LANE,3,NONE,-4.8153,-4.9137,+X
148.8480,-7.179578,-8.598242,-3.130882,DRIVE_LANE,3,NONE,-4.8188,-4.9153,+X
148.8640,-7.171791,-8.598229,-3.131195,DRIVE_LANE,3,NONE,-4.8223,-4.9170,+X
148.8800,-7.163999,-8.598216,-3.131503,DRIVE_LANE,3,NONE,-4.8258,-4.9186,+X
148.8960,-7.156203,-8.598204,-3.131805,DRIVE_LANE,3,NONE,-4.8292,-4.9202,+X
148.9120,-7.148403,-8.598194,-3.132101,DRIVE_LANE,3,NONE,-4.8326,-4.9218,+X
148.9280,-7.140600,-8.598184,-3.132390,DRIVE_LANE,3,NONE,-4.8359,-4.9233,+X
148.9440,-7.132792,-8.598175,-3.132675,DRIVE_LANE,3,NONE,-4.8392,-4.9248,+X
148.9600,-7.124981,-8.598168,-3.132953,DRIVE_LANE,3,NONE,-4.8424,-4.9263,+X
148.9760,-7.117165,-8.598161,-3.133226,DRIVE_LANE,3,NONE,-4.8456,-4.9278,+X
148.9920,-7.109346,-8.598155,-3.133493,DRIVE_LANE,3,NONE,-4.8487,-4.9293,+X
149.0080,-7.101524,-8.598150,-3.133755,DRIVE_LANE,3,NONE,-4.8518,-4.9308,+X
149.0240,-7.093698,-8.598145,-3.134011,DRIVE_LANE,3,NONE,-4.8549,-4.9322,+X
149.0400,-7.085868,-8.598142,-3.134262,DRIVE_LANE,3,NONE,-4.8579,-4.9336,+X
149.0560,-7.078034,-8.598139,-3.134508,DRIVE_LANE,3,NONE,-4.8609,-4.9350,+X
149.0720,-7.070198,-8.598137,-3.134749,DRIVE_LANE,3,NONE,-4.8638,-4.9363,+X
149.0880,-7.062357,-8.598135,-3.134985,DRIVE_LANE,3,NONE,-4.8667,-4.9377,+X
149.1040,-7.054514,-8.598135,-3.135215,DRIVE_LANE,3,NONE,-4.8695,-4.9390,+X
149.1200,-7.046667,-8.598135,-3.135441,DRIVE_LANE,3,NONE,-4.8723,-4.9403,+X
149.1360,-7.038816,-8.598136,-3.135662,DRIVE_LANE,3,NONE,-4.8751,-4.9416,+X
149.1520,-7.030963,-8.598137,-3.135878,DRIVE_LANE,3,NONE,-4.8778,-4.9429,+X
149.1680,-7.023106,-8.598139,-3.136089,DRIVE_LANE,3,NONE,-4.8804,-4.9441,+X
149.1840,-7.015247,-8.598142,-3.136296,DRIVE_LANE,3,NONE,-4.8831,-4.9454,+X
149.2000,-7.007384,-8.598145,-3.136498,DRIVE_LANE,3,NONE,-4.8857,-4.9466,+X
149.2160,-6.999518,-8.598148,-3.136695,DRIVE_LANE,3,NONE,-4.8882,-4.9478,+X
149.2320,-6.991649,-8.598153,-3.136888,DRIVE_LANE,3,NONE,-4.8907,-4.9489,+X
149.2480,-6.983777,-8.598158,-3.137077,DRIVE_LANE,3,NONE,-4.8932,-4.9501,+X
149.2640,-6.975902,-8.598163,-3.137262,DRIVE_LANE,3,NONE,-4.8956,-4.9512,+X
149.2800,-6.968025,-8.598169,-3.137442,DRIVE_LANE,3,NONE,-4.8980,-4.9524,+X
149.2960,-6.960144,-8.598175,-3.137618,DRIVE_LANE,3,NONE,-4.9004,-4.9535,+X
149.3120,-6.952261,-8.598182,-3.137790,DRIVE_LANE,3,NONE,-4.9027,-4.9545,+X
149.3280,-6.944375,-8.598189,-3.137958,DRIVE_LANE,3,NONE,-4.9050,-4.9556,+X
149.3440,-6.936487,-8.598197,-3.138121,DRIVE_LANE,3,NONE,-4.9072,-4.9567,+X
149.3600,-6.928595,-8.598205,-3.138281,DRIVE_LANE,3,NONE,-4.9095,-4.9577,+X
149.3760,-6.920702,-8.598213,-3.138438,DRIVE_LANE,3,NONE,-4.9116,-4.9587,+X
149.3920,-6.912805,-8.598222,-3.138590,DRIVE_LANE,3,NONE,-4.9138,-4.9597,+X
149.4080,-6.904907,-8.598231,-3.138739,DRIVE_LANE,3,NONE,-4.9159,-4.9607,+X
149.4240,-6.897005,-8.598241,-3.138884,DRIVE_LANE,3,NONE,-4.9179,-4.9616,+X
149.4400,-6.889102,-8.598250,-3.139025,DRIVE_LANE,3,NONE,-4.9200,-4.9626,+X
149.4560,-6.881195,-8.598261,-3.139163,DRIVE_LANE,3,NONE,-4.9220,-4.9635,+X
149.4720,-6.873287,-8.598271,-3.139298,DRIVE_LANE,3,NONE,-4.9239,-4.9644,+X
149.4880,-6.865376,-8.598282,-3.139429,DRIVE_LANE,3,NONE,-4.9258,-4.9653,+X
149.5040,-6.857463,-8.598293,-3.139556,DRIVE_LANE,3,NONE,-4.9277,-4.9662,+X
149.5200,-6.849548,-8.598304,-3.139681,DRIVE_LANE,3,NONE,-4.9296,-4.9671,+X
149.5360,-6.841631,-8.598316,-3.139802,DRIVE_LANE,3,NONE,-4.9314,-4.9680,+X
149.5520,-6.833711,-8.598328,-3.139920,DRIVE_LANE,3,NONE,-4.9332,-4.9688,+X
149.5680,-6.825789,-8.598340,-3.140034,DRIVE_LANE,3,NONE,-4.9350,-4.9696,+X
149.5840,-6.817866,-8.598352,-3.140146,DRIVE_LANE,3,NONE,-4.9367,-4.9704,+X
149.6000,-6.809940,-8.598365,-3.140255,DRIVE_LANE,3,NONE,-4.9384,-4.9712,+X
149.6160,-6.802012,-8.598377,-3.140361,DRIVE_LANE,3,NONE,-4.9401,-4.9720,+X
149.6320,-6.794083,-8.598390,-3.140464,DRIVE_LANE,3,NONE,-4.9417,-4.9728,+X
149.6480,-6.786151,-8.598403,-3.140564,DRIVE_LANE,3,NONE,-4.9433,-4.9735,+X
149.6640,-6.778217,-8.598417,-3.140661,DRIVE_LANE,3,NONE,-4.9449,-4.9743,+X
149.6800,-6.770282,-8.598430,-3.140756,DRIVE_LANE,3,NONE,-4.9465,-4.9750,+X
149.6960,-6.762345,-8.598443,-3.140847,DRIVE_LANE,3,NONE,-4.9480,-4.9757,+X
149.7120,-6.754406,-8.598457,-3.140937,DRIVE_LANE,3,NONE,-4.9495,-4.9764,+X
149.7280,-6.746465,-8.598471,-3.141023,DRIVE_LANE,3,NONE,-4.9509,-4.9771,+X
149.7440,-6.738523,-8.598485,-3.141107,DRIVE_LANE,3,NONE,-4.9524,-4.9777,+X
149.7600,-6.730579,-8.598499,-3.141189,DRIVE_LANE,3,NONE,-4.9538,-4.9784,+X
149.7760,-6.722633,-8.598513,-3.141268,DRIVE_LANE,3,NONE,-4.9551,-4.9790,+X
149.7920,-6.714686,-8.598527,-3.141345,DRIVE_LANE,3,NONE,-4.9565,-4.9797,+X
149.8080,-6.706737,-8.598542,-3.141419,DRIVE_LANE,3,NONE,-4.9578,-4.9803,+X
149.8240,-6.698786,-8.598556,-3.141491,DRIVE_LANE,3,NONE,-4.9591,-4.9809,+X
149.8400,-6.690834,-8.598570,-3.141561,DRIVE_LANE,3,NONE,-4.9604,-4.9815,+X
149.8560,-6.682881,-8.598585,3.141557,DRIVE_LANE,3,NONE,-4.9616,-4.9821,+X
149.8720,-6.674926,-8.598599,3.141492,DRIVE_LANE,3,NONE,-4.9629,-4.9826,+X
149.8880,-6.666969,-8.598614,3.141428,DRIVE_LANE,3,NONE,-4.9641,-4.9832,+X
149.9040,-6.659011,-8.598629,3.141367,DRIVE_LANE,3,NONE,-4.9652,-4.9837,+X
149.9200,-6.651052,-8.598643,3.141308,DRIVE_LANE,3,NONE,-4.9664,-4.9843,+X
149.9360,-6.643092,-8.598658,3.141251,DRIVE_LANE,3,NONE,-4.9675,-4.9848,+X
149.9520,-6.635130,-8.598673,3.141195,DRIVE_LANE,3,NONE,-4.9686,-4.9853,+X
149.9680,-6.627167,-8.598688,3.141142,DRIVE_LANE,3,NONE,-4.9697,-4.9858,+X
149.9840,-6.619202,-8.598702,3.141091,DRIVE_LANE,3,NONE,-4.9707,-4.9863,+X
150.0000,-6.611237,-8.598717,3.141041,DRIVE_LANE,3,NONE,-4.9718,-4.9868,+X
150.0160,-6.603270,-8.598732,3.140993,DRIVE_LANE,3,NONE,-4.9728,-4.9873,+X
150.0320,-6.595302,-8.598747,3.140947,DRIVE_LANE,3,NONE,-4.9737,-4.9877,+X
150.0480,-6.587333,-8.598761,3.140903,DRIVE_LANE,3,NONE,-4.9747,-4.9882,+X
150.0640,-6.579362,-8.598776,3.140860,DRIVE_LANE,3,NONE,-4.9757,-4.9886,+X
150.0800,-6.571391,-8.598791,3.140819,DRIVE_LANE,3,NONE,-4.9766,-4.9891,+X
150.0960,-6.563418,-8.598805,3.140779,DRIVE_LANE,3,NONE,-4.9775,-4.9895,+X
150.1120,-6.555445,-8.598820,3.140742,DRIVE_LANE,3,NONE,-4.9784,-4.9899,+X
150.1280,-6.547470,-8.598834,3.140705,DRIVE_LANE,3,NONE,-4.9792,-4.9903,+X
150.1440,-6.539495,-8.598849,3.140670,DRIVE_LANE,3,NONE,-4.9801,-4.9907,+X
150.1600,-6.531518,-8.598863,3.140637,DRIVE_LANE,3,NONE,-4.9809,-4.9911,+X
150.1760,-6.523541,-8.598878,3.140605,DRIVE_LANE,3,NONE,-4.9817,-4.9914,+X
150.1920,-6.515562,-8.598892,3.140574,DRIVE_LANE,3,NONE,-4.9825,-4.9918,+X
150.2080,-6.507583,-8.598907,3.140545,DRIVE_LANE,3,NONE,-4.9832,-4.9922,+X
150.2240,-6.499602,-8.598921,3.140517,DRIVE_LANE,3,NONE,-4.9840,-4.9925,+X
150.2400,-6.491621,-8.598935,3.140490,DRIVE_LANE,3,NONE,-4.9847,-4.9929,+X
150.2560,-6.483639,-8.598949,3.140465,DRIVE_LANE,3,NONE,-4.9854,-4.9932,+X
150.2720,-6.475656,-8.598963,3.140441,DRIVE_LANE,3,NONE,-4.9861,-4.9935,+X
150.2880,-6.467673,-8.598977,3.140418,DRIVE_LANE,3,NONE,-4.9868,-4.9938,+X
150.3040,-6.459688,-8.598991,3.140396,DRIVE_LANE,3,NONE,-4.9875,-4.9941,+X
150.3200,-6.451703,-8.599005,3.140376,DRIVE_LANE,3,NONE,-4.9881,-4.9944,+X
150.3360,-6.443717,-8.599019,3.140356,DRIVE_LANE,3,NONE,-4.9887,-4.9947,+X
150.3520,-6.435730,-8.599032,3.140338,DRIVE_LANE,3,NONE,-4.9893,-4.9950,+X
150.3680,-6.427742,-8.599046,3.140321,DRIVE_LANE,3,NONE,-4.9899,-4.9953,+X
150.3840,-6.419754,-8.599059,3.140306,DRIVE_LANE,3,NONE,-4.9905,-4.9956,+X
150.4000,-6.411765,-8.599072,3.140291,DRIVE_LANE,3,NONE,-4.9910,-4.9958,+X
150.4160,-6.403776,-8.599085,3.140277,DRIVE_LANE,3,NONE,-4.9916,-4.9961,+X
150.4320,-6.395786,-8.599098,3.140265,DRIVE_LANE,3,NONE,-4.9921,-4.9963,+X
150.4480,-6.387795,-8.599111,3.140253,DRIVE_LANE,3,NONE,-4.9926,-4.9965,+X
150.4640,-6.379804,-8.599124,3.140242,DRIVE_LANE,3,NONE,-4.9931,-4.9968,+X
150.4800,-6.371812,-8.599136,3.140232,DRIVE_LANE,3,NONE,-4.9936,-4.9970,+X
150.4960,-6.363819,-8.599149,3.140223,DRIVE_LANE,3,NONE,-4.9956,-4.9956,+X
150.5120,-6.355826,-8.599160,3.140223,DRIVE_LANE,3,NONE,-4.9959,-4.9959,+X
150.5280,-6.347833,-8.599171,3.140223,DRIVE_LANE,3,NONE,-4.9961,-4.9961,+X
150.5440,-6.339839,-8.599182,3.140223,DRIVE_LANE,3,NONE,-4.9963,-4.9963,+X
150.5600,-6.331845,-8.599193,3.140223,DRIVE_LANE,3,NONE,-4.9965,-4.9965,+X
150.5760,-6.323851,-8.599204,3.140223,DRIVE_LANE,3,NONE,-4.9968,-4.9968,+X
150.5920,-6.315856,-8.599215,3.140223,DRIVE_LANE,3,NONE,-4.9970,-4.9970,+X
150.6080,-6.307861,-8.599226,3.140223,DRIVE_LANE,3,NONE,-4.9972,-4.9972,+X
150.6240,-6.299865,-8.599237,3.140223,DRIVE_LANE,3,NONE,-4.9975,-4.9975,+X
150.6400,-6.291869,-8.599248,3.140223,DRIVE_LANE,3,NONE,-4.9977,-4.9977,+X
150.6560,-6.283873,-8.599259,3.140223,DRIVE_LANE,3,NONE,-4.9979,-4.9979,+X
150.6720,-6.275876,-8.599270,3.140223,DRIVE_LANE,3,NONE,-4.9981,-4.9981,+X
150.6880,-6.267879,-8.599281,3.140223,DRIVE_LANE,3,NONE,-4.9984,-4.9984,+X
150.7040,-6.259882,-8.599292,3.140223,DRIVE_LANE,3,NONE,-4.9986,-4.9986,+X
150.7200,-6.251884,-8.599303,3.140223,DRIVE_LANE,3,NONE,-4.9988,-4.9988,+X
150.7360,-6.243886,-8.599314,3.140223,DRIVE_LANE,3,NONE,-4.9990,-4.9990,+X
150.7520,-6.235888,-8.599325,3.140223,DRIVE_LANE,3,NONE,-4.9993,-4.9993,+X
150.7680,-6.227889,-8.599336,3.140223,DRIVE_LANE,3,NONE,-4.9995,-4.9995,+X
150.7840,-6.219890,-8.599347,3.140223,DRIVE_LANE,3,NONE,-4.9997,-4.9997,+X
150.8000,-6.211890,-8.599357,3.140223,DRIVE_LANE,3,NONE,-4.9999,-4.9999,+X
150.8160,-6.203890,-8.599368,3.140223,DRIVE_LANE,3,NONE,-4.9998,-4.9998,+X
150.8320,-6.195891,-8.599379,3.140223,DRIVE_LANE,3,NONE,-4.9996,-4.9996,+X
150.8480,-6.187891,-8.599390,3.140223,DRIVE_LANE,3,NONE,-4.9994,-4.9994,+X
150.8640,-6.179892,-8.599401,3.140223,DRIVE_LANE,3,NONE,-4.9991,-4.9991,+X
150.8800,-6.171893,-8.599412,3.140223,DRIVE_LANE,3,NONE,-4.9989,-4.9989,+X
150.8960,-6.163895,-8.599423,3.140223,DRIVE_LANE,3,NONE,-4.9987,-4.9987,+X
150.9120,-6.155897,-8.599434,3.140223,DRIVE_LANE,3,NONE,-4.9985,-4.9985,+X
150.9280,-6.147900,-8.599445,3.140223,DRIVE_LANE,3,NONE,-4.9982,-4.9982,+X
150.9440,-6.139903,-8.599456,3.140223,DRIVE_LANE,3,NONE,-4.9980,-4.9980,+X
150.9600,-6.131906,-8.599467,3.140223,DRIVE_LANE,3,NONE,-4.9978,-4.9978,+X
150.9760,-6.123909,-8.599478,3.140223,DRIVE_LANE,3,NONE,-4.9976,-4.9976,+X
150.9920,-6.115913,-8.599489,3.140223,DRIVE_LANE,3,NONE,-4.9973,-4.9973,+X
151.0080,-6.107917,-8.599500,3.140223,DRIVE_LANE,3,NONE,-4.9971,-4.9971,+X
151.0240,-6.099922,-8.599511,3.140223,DRIVE_LANE,3,NONE,-4.9969,-4.9969,+X
151.0400,-6.091927,-8.599522,3.140223,DRIVE_LANE,3,NONE,-4.9967,-4.9967,+X
151.0560,-6.083932,-8.599533,3.140223,DRIVE_LANE,3,NONE,-4.9964,-4.9964,+X
151.0720,-6.075938,-8.599544,3.140223,DRIVE_LANE,3,NONE,-4.9962,-4.9962,+X
151.0880,-6.067944,-8.599555,3.140223,DRIVE_LANE,3,NONE,-4.9960,-4.9960,+X
151.1040,-6.059951,-8.599566,3.140223,DRIVE_LANE,3,NONE,-4.9958,-4.9958,+X
151.1200,-6.051957,-8.599577,3.140223,DRIVE_LANE,3,NONE,-4.9955,-4.9955,+X
151.1360,-6.043965,-8.599588,3.140223,DRIVE_LANE,3,NONE,-4.9970,-4.9936,+X
151.1520,-6.035972,-8.599598,3.140228,DRIVE_LANE,3,NONE,-4.9969,-4.9934,+X
151.1680,-6.027980,-8.599609,3.140233,DRIVE_LANE,3,NONE,-4.9968,-4.9931,+X
151.1840,-6.019988,-8.599619,3.140238,DRIVE_LANE,3,NONE,-4.9967,-4.9929,+X
151.2000,-6.011996,-8.599630,3.140243,DRIVE_LANE,3,NONE,-4.9966,-4.9927,+X
151.2160,-6.004005,-8.599640,3.140250,DRIVE_LANE,3,NONE,-4.9965,-4.9925,+X
151.2320,-5.996014,-8.599650,3.140258,DRIVE_LANE,3,NONE,-4.9964,-4.9923,+X
151.2480,-5.988023,-8.599659,3.140267,DRIVE_LANE,3,NONE,-4.9963,-4.9921,+X
151.2640,-5.980032,-8.599668,3.140276,DRIVE_LANE,3,NONE,-4.9963,-4.9920,+X
151.2800,-5.972042,-8.599677,3.140287,DRIVE_LANE,3,NONE,-4.9962,-4.9919,+X
151.2960,-5.964051,-8.599685,3.140297,DRIVE_LANE,3,NONE,-4.9961,-4.9918,+X
151.3120,-5.956061,-8.599694,3.140308,DRIVE_LANE,3,NONE,-4.9961,-4.9917,+X
151.3280,-5.948071,-8.599702,3.140320,DRIVE_LANE,3,NONE,-4.9961,-4.9916,+X
151.3440,-5.940081,-8.599710,3.140332,DRIVE_LANE,3,NONE,-4.9960,-4.9915,+X
151.3600,-5.932090,-8.599718,3.140344,DRIVE_LANE,3,NONE,-4.9960,-4.9914,+X
151.3760,-5.924101,-8.599725,3.140356,DRIVE_LANE,3,NONE,-4.9960,-4.9914,+X
151.3920,-5.916111,-8.599733,3.140369,DRIVE_LANE,3,NONE,-4.9959,-4.9913,+X
151.4080,-5.908121,-8.599740,3.140381,DRIVE_LANE,3,NONE,-4.9959,-4.9913,+X
151.4240,-5.900131,-8.599747,3.140394,DRIVE_LANE,3,NONE,-4.9959,-4.9912,+X
151.4400,-5.892141,-8.599754,3.140407,DRIVE_LANE,3,NONE,-4.9959,-4.9912,+X
151.4560,-5.884152,-8.599761,3.140420,DRIVE_LANE,3,NONE,-4.9959,-4.9911,+X
151.4720,-5.876162,-8.599768,3.140434,DRIVE_LANE,3,NONE,-4.9958,-4.9911,+X
151.4880,-5.868173,-8.599775,3.140447,DRIVE_LANE,3,NONE,-4.9958,-4.9911,+X
151.5040,-5.860183,-8.599781,3.140460,DRIVE_LANE,3,NONE,-4.9958,-4.9911,+X
151.5200,-5.852194,-8.599788,3.140474,DRIVE_LANE,3,NONE,-4.9958,-4.9911,+X
151.5360,-5.844204,-8.599794,3.140487,DRIVE_LANE,3,NONE,-4.9958,-4.9911,+X
151.5520,-5.836215,-8.599800,3.140501,DRIVE_LANE,3,NONE,-4.9958,-4.9910,+X
151.5680,-5.828225,-8.599806,3.140514,DRIVE_LANE,3,NONE,-4.9958,-4.9910,+X
151.5840,-5.820236,-8.599812,3.140528,DRIVE_LANE,3,NONE,-4.9958,-4.9910,+X
151.6000,-5.812246,-8.599818,3.140541,DRIVE_LANE,3,NONE,-4.9958,-4.9910,+X
151.6160,-5.804257,-8.599824,3.140555,DRIVE_LANE,3,NONE,-4.9958,-4.9910,+X
151.6320,-5.796267,-8.599830,3.140568,DRIVE_LANE,3,NONE,-4.9958,-4.9911,+X
151.6480,-5.788278,-8.599835,3.140582,DRIVE_LANE,3,NONE,-4.9958,-4.9911,+X
151.6640,-5.780288,-8.599841,3.140595,DRIVE_LANE,3,NONE,-4.9958,-4.9911,+X
151.6800,-5.772299,-8.599846,3.140608,DRIVE_LANE,3,NONE,-4.9958,-4.9911,+X
151.6960,-5.764309,-8.599851,3.140622,DRIVE_LANE,3,NONE,-4.9958,-4.9911,+X
151.7120,-5.756320,-8.599856,3.140635,DRIVE_LANE,3,NONE,-4.9959,-4.9911,+X
151.7280,-5.748330,-8.599861,3.140649,DRIVE_LANE,3,NONE,-4.9959,-4.9912,+X
151.7440,-5.740340,-8.599866,3.140662,DRIVE_LANE,3,NONE,-4.9959,-4.9912,+X
151.7600,-5.732351,-8.599871,3.140675,DRIVE_LANE,3,NONE,-4.9959,-4.9912,+X
151.7760,-5.724361,-8.599876,3.140688,DRIVE_LANE,3,NONE,-4.9959,-4.9912,+X
151.7920,-5.716371,-8.599880,3.140702,DRIVE_LANE,3,NONE,-4.9959,-4.9913,+X
151.8080,-5.708381,-8.599885,3.140715,DRIVE_LANE,3,NONE,-4.9959,-4.9913,+X
151.8240,-5.700392,-8.599889,3.140728,DRIVE_LANE,3,NONE,-4.9960,-4.9913,+X
151.8400,-5.692402,-8.599894,3.140741,DRIVE_LANE,3,NONE,-4.9960,-4.9914,+X
151.8560,-5.684412,-8.599898,3.140754,DRIVE_LANE,3,NONE,-4.9960,-4.9914,+X
151.8720,-5.676422,-8.599902,3.140766,DRIVE_LANE,3,NONE,-4.9960,-4.9915,+X
151.8880,-5.668432,-8.599906,3.140779,DRIVE_LANE,3,NONE,-4.9960,-4.9915,+X
151.9040,-5.660442,-8.599910,3.140792,DRIVE_LANE,3,NONE,-4.9961,-4.9916,+X
151.9200,-5.652452,-8.599914,3.140804,DRIVE_LANE,3,NONE,-4.9961,-4.9916,+X
151.9360,-5.644462,-8.599918,3.140817,DRIVE_LANE,3,NONE,-4.9961,-4.9916,+X
151.9520,-5.636472,-8.599922,3.140829,DRIVE_LANE,3,NONE,-4.9961,-4.9917,+X
151.9680,-5.628481,-8.599926,3.140842,DRIVE_LANE,3,NONE,-4.9961,-4.9917,+X
151.9840,-5.620491,-8.599929,3.140854,DRIVE_LANE,3,NONE,-4.9962,-4.9918,+X
152.0000,-5.612501,-8.599933,3.140866,DRIVE_LANE,3,NONE,-4.9962,-4.9918,+X
152.0160,-5.604510,-8.599936,3.140878,DRIVE_LANE,3,NONE,-4.9962,-4.9919,+X
152.0320,-5.596520,-8.599940,3.140890,DRIVE_LANE,3,NONE,-4.9962,-4.9919,+X
152.0480,-5.588529,-8.599943,3.140902,DRIVE_LANE,3,NONE,-4.9963,-4.9920,+X
152.0640,-5.580539,-8.599946,3.140913,DRIVE_LANE,3,NONE,-4.9963,-4.9920,+X
152.0800,-5.572548,-8.599950,3.140925,DRIVE_LANE,3,NONE,-4.9963,-4.9921,+X
152.0960,-5.564557,-8.599953,3.140937,DRIVE_LANE,3,NONE,-4.9963,-4.9922,+X
152.1120,-5.556567,-8.599956,3.140948,DRIVE_LANE,3,NONE,-4.9964,-4.9922,+X
152.1280,-5.548576,-8.599959,3.140959,DRIVE_LANE,3,NONE,-4.9964,-4.9923,+X
152.1440,-5.540585,-8.599962,3.140971,DRIVE_LANE,3,NONE,-4.9964,-4.9923,+X
152.1600,-5.532594,-8.599965,3.140982,DRIVE_LANE,3,NONE,-4.9964,-4.9924,+X
152.1760,-5.524603,-8.599967,3.140993,DRIVE_LANE,3,NONE,-4.9965,-4.9924,+X
152.1920,-5.516612,-8.599970,3.141004,DRIVE_LANE,3,NONE,-4.9965,-4.9925,+X
152.2080,-5.508620,-8.599973,3.141014,DRIVE_LANE,3,NONE,-4.9965,-4.9926,+X
152.2240,-5.500629,-8.599975,3.141025,DRIVE_LANE,3,NONE,-4.9965,-4.9926,+X
152.2400,-5.492638,-8.599978,3.141036,DRIVE_LANE,3,NONE,-4.9966,-4.9927,+X
152.2560,-5.484646,-8.599980,3.141046,DRIVE_LANE,3,NONE,-4.9966,-4.9927,+X
152.2720,-5.476655,-8.599983,3.141057,DRIVE_LANE,3,NONE,-4.9966,-4.9928,+X
152.2880,-5.468663,-8.599985,3.141067,DRIVE_LANE,3,NONE,-4.9967,-4.9929,+X
152.3040,-5.460672,-8.599987,3.141077,DRIVE_LANE,3,NONE,-4.9967,-4.9929,+X
152.3200,-5.452680,-8.599990,3.141087,DRIVE_LANE,3,NONE,-4.9967,-4.9930,+X
152.3360,-5.444688,-8.599992,3.141097,DRIVE_LANE,3,NONE,-4.9967,-4.9930,+X
152.3520,-5.436696,-8.599994,3.141106,DRIVE_LANE,3,NONE,-4.9968,-4.9931,+X
152.3680,-5.428705,-8.599996,3.141116,DRIVE_LANE,3,NONE,-4.9968,-4.9932,+X
152.3840,-5.420713,-8.599998,3.141126,DRIVE_LANE,3,NONE,-4.9968,-4.9932,+X
152.4000,-5.412721,-8.600000,3.141135,DRIVE_LANE,3,NONE,-4.9969,-4.9933,+X
152.4160,-5.404728,-8.600002,3.141144,DRIVE_LANE,3,NONE,-4.9969,-4.9933,+X
152.4320,-5.396736,-8.600004,3.141154,DRIVE_LANE,3,NONE,-4.9969,-4.9934,+X
152.4480,-5.388744,-8.600006,3.141163,DRIVE_LANE,3,NONE,-4.9969,-4.9935,+X
152.4640,-5.380752,-8.600008,3.141172,DRIVE_LANE,3,NONE,-4.9970,-4.9935,+X
152.4800,-5.372759,-8.600009,3.141180,DRIVE_LANE,3,NONE,-4.9970,-4.9936,+X
152.4960,-5.364767,-8.600011,3.141189,DRIVE_LANE,3,NONE,-4.9970,-4.9936,+X
152.5120,-5.356774,-8.600013,3.141198,DRIVE_LANE,3,NONE,-4.9971,-4.9937,+X
152.5280,-5.348782,-8.600014,3.141206,DRIVE_LANE,3,NONE,-4.9971,-4.9938,+X
152.5440,-5.340789,-8.600016,3.141215,DRIVE_LANE,3,NONE,-4.9955,-4.9955,+X
152.5600,-5.332796,-8.600019,3.141215,DRIVE_LANE,3,NONE,-4.9971,-4.9937,+X
152.5760,-5.324804,-8.600021,3.141223,DRIVE_LANE,3,NONE,-4.9971,-4.9938,+X
152.5920,-5.316811,-8.600022,3.141231,DRIVE_LANE,3,NONE,-4.9955,-4.9955,+X
152.6080,-5.308818,-8.600025,3.141231,DRIVE_LANE,3,NONE,-4.9971,-4.9938,+X
152.6240,-5.300825,-8.600027,3.141238,DRIVE_LANE,3,NONE,-4.9955,-4.9955,+X
152.6400,-5.292833,-8.600029,3.141238,DRIVE_LANE,3,NONE,-4.9971,-4.9937,+X
152.6560,-5.284840,-8.600031,3.141246,DRIVE_LANE,3,NONE,-4.9971,-4.9938,+X
152.6720,-5.276847,-8.600033,3.141253,DRIVE_LANE,3,NONE,-4.9955,-4.9955,+X
152.6880,-5.268855,-8.600035,3.141253,DRIVE_LANE,3,NONE,-4.9971,-4.9938,+X
152.7040,-5.260862,-8.600037,3.141260,DRIVE_LANE,3,NONE,-4.9971,-4.9938,+X
152.7200,-5.252869,-8.600038,3.141268,DRIVE_LANE,3,NONE,-4.9955,-4.9955,+X
152.7360,-5.244877,-8.600041,3.141268,DRIVE_LANE,3,NONE,-4.9971,-4.9938,+X
152.7520,-5.236884,-8.600042,3.141275,DRIVE_LANE,3,NONE,-4.9955,-4.9955,+X
152.7680,-5.228891,-8.600045,3.141275,DRIVE_LANE,3,NONE,-4.9971,-4.9938,+X
152.7840,-5.220898,-8.600046,3.141282,DRIVE_LANE,3,NONE,-4.9971,-4.9938,+X
152.8000,-5.212906,-8.600048,3.141289,DRIVE_LANE,3,NONE,-4.9955,-4.9955,+X
152.8160,-5.204913,-8.600050,3.141289,DRIVE_LANE,3,NONE,-4.9971,-4.9938,+X
152.8320,-5.196920,-8.600052,3.141296,DRIVE_LANE,3,NONE,-4.9955,-4.9955,+X
152.8480,-5.188927,-8.600054,3.141296,DRIVE_LANE,3,NONE,-4.9971,-4.9938,+X
152.8640,-5.180935,-8.600055,3.141303,DRIVE_LANE,3,NONE,-4.9955,-4.9955,+X
152.8800,-5.172942,-8.600058,3.141303,DRIVE_LANE,3,NONE,-4.9971,-4.9937,+X
152.8960,-5.164949,-8.600059,3.141310,DRIVE_LANE,3,NONE,-4.9971,-4.9938,+X
152.9120,-5.156957,-8.600060,3.141317,DRIVE_LANE,3,NONE,-4.9955,-4.9955,+X
152.9280,-5.148964,-8.600062,3.141317,DRIVE_LANE,3,NONE,-4.9971,-4.9938,+X
152.9440,-5.140971,-8.600063,3.141324,DRIVE_LANE,3,NONE,-4.9955,-4.9955,+X
152.9600,-5.132978,-8.600066,3.141324,DRIVE_LANE,3,NONE,-4.9971,-4.9938,+X
152.9760,-5.124986,-8.600067,3.141331,DRIVE_LANE,3,NONE,-4.9955,-4.9955,+X
152.9920,-5.116993,-8.600069,3.141331,DRIVE_LANE,3,NONE,-4.9971,-4.9938,+X
153.0080,-5.109000,-8.600070,3.141338,DRIVE_LANE,3,NONE,-4.9955,-4.9955,+X
153.0240,-5.101007,-8.600072,3.141338,DRIVE_LANE,3,NONE,-4.9971,-4.9938,+X
153.0400,-5.093015,-8.600073,3.141344,DRIVE_LANE,3,NONE,-4.9955,-4.9955,+X
153.0560,-5.085022,-8.600075,3.141344,DRIVE_LANE,3,NONE,-4.9971,-4.9938,+X
153.0720,-5.077029,-8.600076,3.141351,DRIVE_LANE,3,NONE,-4.9955,-4.9955,+X
153.0880,-5.069037,-8.600078,3.141351,DRIVE_LANE,3,NONE,-4.9971,-4.9938,+X
153.1040,-5.061044,-8.600079,3.141358,DRIVE_LANE,3,NONE,-4.9955,-4.9955,+X
153.1200,-5.053051,-8.600081,3.141358,DRIVE_LANE,3,NONE,-4.9971,-4.9938,+X
153.1360,-5.045059,-8.600082,3.141364,DRIVE_LANE,3,NONE,-4.9955,-4.9955,+X
153.1520,-5.037066,-8.600084,3.141364,DRIVE_LANE,3,NONE,-4.9971,-4.9938,+X
153.1680,-5.029073,-8.600085,3.141371,DRIVE_LANE,3,NONE,-4.9955,-4.9955,+X
153.1840,-5.021080,-8.600086,3.141371,DRIVE_LANE,3,NONE,-4.9971,-4.9938,+X
153.2000,-5.013088,-8.600087,3.141377,DRIVE_LANE,3,NONE,-4.9955,-4.9955,+X
153.2160,-5.005095,-8.600089,3.141377,DRIVE_LANE,3,NONE,-4.9971,-4.9938,+X
153.2320,-4.997102,-8.600090,3.141384,DRIVE_LANE,3,NONE,-4.9955,-4.9955,+X
153.2480,-4.989109,-8.600091,3.141384,DRIVE_LANE,3,NONE,-4.9971,-4.9938,+X
153.2640,-4.981117,-8.600092,3.141390,DRIVE_LANE,3,NONE,-4.9955,-4.9955,+X
153.2800,-4.973124,-8.600094,3.141390,DRIVE_LANE,3,NONE,-4.9971,-4.9938,+X
153.2960,-4.965131,-8.600095,3.141397,DRIVE_LANE,3,NONE,-4.9955,-4.9955,+X
153.3120,-4.957138,-8.600096,3.141397,DRIVE_LANE,3,NONE,-4.9955,-4.9955,+X
153.3280,-4.949146,-8.600098,3.141397,DRIVE_LANE,3,NONE,-4.9971,-4.9938,+X
153.3440,-4.941153,-8.600098,3.141403,DRIVE_LANE,3,NONE,-4.9955,-4.9955,+X
153.3600,-4.933160,-8.600100,3.141403,DRIVE_LANE,3,NONE,-4.9971,-4.9938,+X
153.3760,-4.925168,-8.600101,3.141409,DRIVE_LANE,3,NONE,-4.9955,-4.9955,+X
153.3920,-4.917175,-8.600102,3.141409,DRIVE_LANE,3,NONE,-4.9971,-4.9938,+X
153.4080,-4.909182,-8.600103,3.141415,DRIVE_LANE,3,NONE,-4.9955,-4.9955,+X
153.4240,-4.901189,-8.600104,3.141415,DRIVE_LANE,3,NONE,-4.9955,-4.9955,+X
153.4400,-4.893197,-8.600106,3.141415,DRIVE_LANE,3,NONE,-4.9971,-4.9938,+X
153.4560,-4.885204,-8.600106,3.141421,DRIVE_LANE,3,NONE,-4.9955,-4.9955,+X
153.4720,-4.877211,-8.600108,3.141421,DRIVE_LANE,3,NONE,-4.9971,-4.9938,+X
153.4880,-4.869218,-8.600108,3.141427,DRIVE_LANE,3,NONE,-4.9955,-4.9955,+X
153.5040,-4.861226,-8.600110,3.141427,DRIVE_LANE,3,NONE,-4.9955,-4.9955,+X
153.5200,-4.853233,-8.600111,3.141427,DRIVE_LANE,3,NONE,-4.9971,-4.9938,+X
153.5360,-4.845240,-8.600112,3.141433,DRIVE_LANE,3,NONE,-4.9955,-4.9955,+X
153.5520,-4.837247,-8.600113,3.141433,DRIVE_LANE,3,NONE,-4.9971,-4.9938,+X
153.5680,-4.829255,-8.600113,3.141439,DRIVE_LANE,3,NONE,-4.9955,-4.9955,+X
153.5840,-4.821262,-8.600115,3.141439,DRIVE_LANE,3,NONE,-4.9955,-4.9955,+X
153.6000,-4.813269,-8.600116,3.141439,DRIVE_LANE,3,NONE,-4.9971,-4.9938,+X
153.6160,-4.805276,-8.600116,3.141445,DRIVE_LANE,3,NONE,-4.9955,-4.9955,+X
153.6320,-4.797284,-8.600118,3.141445,DRIVE_LANE,3,NONE,-4.9955,-4.9955,+X
153.6480,-4.789291,-8.600119,3.141445,DRIVE_LANE,3,NONE,-4.9971,-4.9938,+X
153.6640,-4.781298,-8.600119,3.141450,DRIVE_LANE,3,NONE,-4.9955,-4.9955,+X
153.6800,-4.773305,-8.600120,3.141450,DRIVE_LANE,3,NONE,-4.9971,-4.9938,+X
153.6960,-4.765313,-8.600121,3.141456,DRIVE_LANE,3,NONE,-4.9955,-4.9955,+X
153.7120,-4.757320,-8.600122,3.141456,DRIVE_LANE,3,NONE,-4.9955,-4.9955,+X
153.7280,-4.749327,-8.600123,3.141456,DRIVE_LANE,3,NONE,-4.9971,-4.9938,+X
153.7440,-4.741334,-8.600124,3.141462,DRIVE_LANE,3,NONE,-4.9955,-4.9955,+X
153.7600,-4.733342,-8.600125,3.141462,DRIVE_LANE,3,NONE,-4.9955,-4.9955,+X
153.7760,-4.725349,-8.600126,3.141462,DRIVE_LANE,3,NONE,-4.9971,-4.9938,+X
153.7920,-4.717356,-8.600126,3.141467,DRIVE_LANE,3,NONE,-4.9955,-4.9955,+X
153.8080,-4.709363,-8.600127,3.141467,DRIVE_LANE,3,NONE,-4.9955,-4.9955,+X
153.8240,-4.701371,-8.600128,3.141467,DRIVE_LANE,3,NONE,-4.9971,-4.9938,+X
153.8400,-4.693378,-8.600129,3.141473,DRIVE_LANE,3,NONE,-4.9955,-4.9955,+X
153.8560,-4.685385,-8.600129,3.141473,DRIVE_LANE,3,NONE,-4.9955,-4.9955,+X
153.8720,-4.677392,-8.600130,3.141473,DRIVE_LANE,3,NONE,-4.9971,-4.9938,+X
153.8880,-4.669400,-8.600131,3.141478,DRIVE_LANE,3,NONE,-4.9955,-4.9955,+X
153.9040,-4.661407,-8.600132,3.141478,DRIVE_LANE,3,NONE,-4.9955,-4.9955,+X
153.9200,-4.653414,-8.600133,3.141478,DRIVE_LANE,3,NONE,-4.9971,-4.9938,+X
153.9360,-4.645421,-8.600133,3.141484,DRIVE_LANE,3,NONE,-4.9955,-4.9955,+X
153.9520,-4.637429,-8.600134,3.141484,DRIVE_LANE,3,NONE,-4.9955,-4.9955,+X
153.9680,-4.629436,-8.600135,3.141484,DRIVE_LANE,3,NONE,-4.9955,-4.9955,+X
153.9840,-4.621443,-8.600136,3.141484,DRIVE_LANE,3,NONE,-4.9971,-4.9938,+X
154.0000,-4.613450,-8.600136,3.141489,DRIVE_LANE,3,NONE,-4.9955,-4.9955,+X
154.0160,-4.605458,-8.600137,3.141489,DRIVE_LANE,3,NONE,-4.9955,-4.9955,+X
154.0320,-4.597465,-8.600138,3.141489,DRIVE_LANE,3,NONE,-4.9971,-4.9938,+X
154.0480,-4.589472,-8.600138,3.141494,DRIVE_LANE,3,NONE,-4.9955,-4.9955,+X
154.0640,-4.581480,-8.600139,3.141494,DRIVE_LANE,3,NONE,-4.9955,-4.9955,+X
154.0800,-4.573487,-8.600140,3.141494,DRIVE_LANE,3,NONE,-4.9971,-4.9938,+X
154.0960,-4.565494,-8.600140,3.141499,DRIVE_LANE,3,NONE,-4.9955,-4.9955,+X
154.1120,-4.557501,-8.600141,3.141499,DRIVE_LANE,3,NONE,-4.9955,-4.9955,+X
154.1280,-4.549509,-8.600141,3.141499,DRIVE_LANE,3,NONE,-4.9955,-4.9955,+X
154.1440,-4.541516,-8.600142,3.141499,DRIVE_LANE,3,NONE,-4.9971,-4.9938,+X
154.1600,-4.533523,-8.600143,3.141504,DRIVE_LANE,3,NONE,-4.9955,-4.9955,+X
154.1760,-4.525530,-8.600143,3.141504,DRIVE_LANE,3,NONE,-4.9955,-4.9955,+X
154.1920,-4.517538,-8.600144,3.141504,DRIVE_LANE,3,NONE,-4.9971,-4.9938,+X
154.2080,-4.509545,-8.600144,3.141509,DRIVE_LANE,3,NONE,-4.9955,-4.9955,+X
154.2240,-4.501552,-8.600145,3.141509,DRIVE_LANE,3,NONE,-4.9955,-4.9955,+X
154.2400,-4.493559,-8.600146,3.141509,DRIVE_LANE,3,NONE,-4.9955,-4.9955,+X
154.2560,-4.485567,-8.600146,3.141509,DRIVE_LANE,3,NONE,-4.9971,-4.9938,+X
154.2720,-4.477574,-8.600147,3.141514,DRIVE_LANE,3,NONE,-4.9955,-4.9955,+X
154.2880,-4.469581,-8.600147,3.141514,DRIVE_LANE,3,NONE,-4.9955,-4.9955,+X
154.3040,-4.461588,-8.600148,3.141514,DRIVE_LANE,3,NONE,-4.9955,-4.9955,+X
154.3200,-4.453596,-8.600148,3.141514,DRIVE_LANE,3,NONE,-4.9971,-4.9938,+X
154.3360,-4.445603,-8.600149,3.141519,DRIVE_LANE,3,NONE,-4.9955,-4.9955,+X
154.3520,-4.437610,-8.600149,3.141519,DRIVE_LANE,3,NONE,-4.9955,-4.9955,+X
154.3680,-4.429617,-8.600150,3.141519,DRIVE_LANE,3,NONE,-4.9955,-4.9955,+X
154.3840,-4.421625,-8.600151,3.141519,DRIVE_LANE,3,NONE,-4.9971,-4.9938,+X
154.4000,-4.413632,-8.600151,3.141523,DRIVE_LANE,3,NONE,-4.9955,-4.9955,+X
154.4160,-4.405639,-8.600151,3.141523,DRIVE_LANE,3,NONE,-4.9955,-4.9955,+X
154.4320,-4.397646,-8.600152,3.141523,DRIVE_LANE,3,NONE,-4.9955,-4.9955,+X
154.4480,-4.389654,-8.600152,3.141523,DRIVE_LANE,3,NONE,-4.9971,-4.9938,+X
154.4640,-4.381661,-8.600153,3.141528,DRIVE_LANE,3,NONE,-4.9955,-4.9955,+X
154.4800,-4.373668,-8.600153,3.141528,DRIVE_LANE,3,NONE,-4.9955,-4.9955,+X
154.4960,-4.365675,-8.600154,3.141528,DRIVE_LANE,3,NONE,-4.9955,-4.9955,+X
154.5120,-4.357683,-8.600154,3.141528,DRIVE_LANE,3,NONE,-4.9955,-4.9955,+X
154.5280,-4.349690,-8.600155,3.141528,DRIVE_LANE,3,NONE,-4.9971,-4.9938,+X
154.5440,-4.341697,-8.600155,3.141533,DRIVE_LANE,3,NONE,-4.9955,-4.9955,+X
154.5600,-4.333704,-8.600155,3.141533,DRIVE_LANE,3,NONE,-4.9955,-4.9955,+X
154.5760,-4.325712,-8.600156,3.141533,DRIVE_LANE,3,NONE,-4.9955,-4.9955,+X
154.5920,-4.317719,-8.600156,3.141533,DRIVE_LANE,3,NONE,-4.9955,-4.9955,+X
154.6080,-4.309726,-8.600157,3.141533,DRIVE_LANE,3,NONE,-4.9971,-4.9938,+X
154.6240,-4.301733,-8.600157,3.141537,DRIVE_LANE,3,NONE,-4.9955,-4.9955,+X
154.6400,-4.293741,-8.600158,3.141537,DRIVE_LANE,3,NONE,-4.9955,-4.9955,+X
154.6560,-4.285748,-8.600158,3.141537,DRIVE_LANE,3,NONE,-4.9955,-4.9955,+X
154.6720,-4.277755,-8.600158,3.141537,DRIVE_LANE,3,NONE,-4.9955,-4.9955,+X
154.6880,-4.269762,-8.600159,3.141537,DRIVE_LANE,3,NONE,-4.9971,-4.9938,+X
154.7040,-4.261770,-8.600159,3.141542,DRIVE_LANE,3,NONE,-4.9955,-4.9955,+X
154.7200,-4.253777,-8.600159,3.141542,DRIVE_LANE,3,NONE,-4.9955,-4.9955,+X
154.7360,-4.245784,-8.600160,3.141542,DRIVE_LANE,3,NONE,-4.9955,-4.9955,+X
154.7520,-4.237791,-8.600160,3.141542,DRIVE_LANE,3,NONE,-4.9955,-4.9955,+X
154.7680,-4.229799,-8.600161,3.141542,DRIVE_LANE,3,NONE,-4.9971,-4.9938,+X
154.7840,-4.221806,-8.600161,3.141547,DRIVE_LANE,3,NONE,-4.9955,-4.9955,+X
154.8000,-4.213813,-8.600161,3.141547,DRIVE_LANE,3,NONE,-4.9955,-4.9955,+X
154.8160,-4.205820,-8.600161,3.141547,DRIVE_LANE,3,NONE,-4.9955,-4.9955,+X
154.8320,-4.197828,-8.600162,3.141547,DRIVE_LANE,3,NONE,-4.9955,-4.9955,+X
154.8480,-4.189835,-8.600162,3.141547,DRIVE_LANE,3,NONE,-4.9955,-4.9955,+X
154.8640,-4.181842,-8.600162,3.141547,DRIVE_LANE,3,NONE,-4.9955,-4.9955,+X
154.8800,-4.173849,-8.600163,3.141547,DRIVE_LANE,3,NONE,-4.9971,-4.9938,+X
154.8960,-4.165857,-8.600163,3.141551,DRIVE_LANE,3,NONE,-4.9955,-4.9955,+X
154.9120,-4.157864,-8.600163,3.141551,DRIVE_LANE,3,NONE,-4.9955,-4.9955,+X
154.9280,-4.149871,-8.600164,3.141551,DRIVE_LANE,3,NONE,-4.9955,-4.9955,+X
154.9440,-4.141878,-8.600164,3.141551,DRIVE_LANE,3,NONE,-4.9955,-4.9955,+X
154.9600,-4.133886,-8.600164,3.141551,DRIVE_LANE,3,NONE,-4.9955,-4.9955,+X
154.9760,-4.125893,-8.600165,3.141551,DRIVE_LANE,3,NONE,-4.9955,-4.9955,+X
154.9920,-4.117900,-8.600165,3.141551,DRIVE_LANE,3,NONE,-4.9971,-4.9938,+X
155.0080,-4.109907,-8.600165,3.141556,DRIVE_LANE,3,NONE,-4.9955,-4.9955,+X
155.0240,-4.101915,-8.600165,3.141556,DRIVE_LANE,3,NONE,-4.9955,-4.9955,+X
155.0400,-4.093922,-8.600165,3.141556,DRIVE_LANE,3,NONE,-4.9955,-4.9955,+X
155.0560,-4.085929,-8.600166,3.141556,DRIVE_LANE,3,NONE,-4.9955,-4.9955,+X
155.0720,-4.077936,-8.600166,3.141556,DRIVE_LANE,3,NONE,-4.9955,-4.9955,+X
155.0880,-4.069944,-8.600166,3.141556,DRIVE_LANE,3,NONE,-4.9955,-4.9955,+X
155.1040,-4.061951,-8.600167,3.141556,DRIVE_LANE,3,NONE,-4.9955,-4.9955,+X
155.1200,-4.053958,-8.600167,3.141556,DRIVE_LANE,3,NONE,-4.9971,-4.9938,+X
155.1360,-4.045965,-8.600167,3.141561,DRIVE_LANE,3,NONE,-4.9955,-4.9955,+X
155.1520,-4.037973,-8.600167,3.141561,DRIVE_LANE,3,NONE,-4.9955,-4.9955,+X
155.1680,-4.029980,-8.600167,3.141561,DRIVE_LANE,3,NONE,-4.9955,-4.9955,+X
155.1840,-4.021987,-8.600168,3.141561,DRIVE_LANE,3,NONE,-4.9955,-4.9955,+X
155.2000,-4.013994,-8.600168,3.141561,DRIVE_LANE,3,NONE,-4.9955,-4.9955,+X
155.2160,-4.006001,-8.600168,3.141561,DRIVE_LANE,3,NONE,-4.9955,-4.9955,+X
155.2320,-3.998009,-8.600168,3.141561,DRIVE_LANE,3,NONE,-4.9955,-4.9955,+X
155.2480,-3.990016,-8.600169,3.141561,DRIVE_LANE,3,NONE,-4.9955,-4.9955,+X
155.2640,-3.982023,-8.600169,3.141561,DRIVE_LANE,3,NONE,-4.9971,-4.9938,+X
155.2800,-3.974031,-8.600169,3.141565,DRIVE_LANE,3,NONE,-4.9955,-4.9955,+X
155.2960,-3.966038,-8.600169,3.141565,DRIVE_LANE,3,NONE,-4.9955,-4.9955,+X
155.3120,-3.958045,-8.600169,3.141565,DRIVE_LANE,3,NONE,-4.9955,-4.9955,+X
155.3280,-3.950052,-8.600170,3.141565,DRIVE_LANE,3,NONE,-4.9955,-4.9955,+X
155.3440,-3.942059,-8.600170,3.141565,DRIVE_LANE,3,NONE,-4.9955,-4.9955,+X
155.3600,-3.934067,-8.600170,3.141565,DRIVE_LANE,3,NONE,-4.9955,-4.9955,+X
155.3760,-3.926074,-8.600170,3.141565,DRIVE_LANE,3,NONE,-4.9955,-4.9955,+X
155.3920,-3.918081,-8.600170,3.141565,DRIVE_LANE,3,NONE,-4.9955,-4.9955,+X
155.4080,-3.910088,-8.600171,3.141565,DRIVE_LANE,3,NONE,-4.9955,-4.9955,+X
155.4240,-3.902096,-8.600171,3.141565,DRIVE_LANE,3,NONE,-4.9971,-4.9938,+X
155.4400,-3.894103,-8.600171,3.141570,DRIVE_LANE,3,NONE,-4.9955,-4.9955,+X
155.4560,-3.886110,-8.600171,3.141570,DRIVE_LANE,3,NONE,-4.9955,-4.9955,+X
155.4720,-3.878117,-8.600171,3.141570,DRIVE_LANE,3,NONE,-4.9955,-4.9955,+X
155.4880,-3.870125,-8.600171,3.141570,DRIVE_LANE,3,NONE,-4.9955,-4.9955,+X
155.5040,-3.862132,-8.600171,3.141570,DRIVE_LANE,3,NONE,-4.9955,-4.9955,+X
155.5200,-3.854139,-8.600172,3.141570,DRIVE_LANE,3,NONE,-4.9955,-4.9955,+X
155.5360,-3.846146,-8.600172,3.141570,DRIVE_LANE,3,NONE,-4.9955,-4.9955,+X
155.5520,-3.838154,-8.600172,3.141570,DRIVE_LANE,3,NONE,-4.9955,-4.9955,+X
155.5680,-3.830161,-8.600172,3.141570,DRIVE_LANE,3,NONE,-4.9955,-4.9955,+X
155.5840,-3.822168,-8.600172,3.141570,DRIVE_LANE,3,NONE,-4.9955,-4.9955,+X
155.6000,-3.814175,-8.600173,3.141570,DRIVE_LANE,3,NONE,-4.9955,-4.9955,+X
155.6160,-3.806183,-8.600173,3.141570,DRIVE_LANE,3,NONE,-4.9955,-4.9955,+X
155.6320,-3.798190,-8.600173,3.141570,DRIVE_LANE,3,NONE,-4.9971,-4.9938,+X
155.6480,-3.790197,-8.600173,3.141575,DRIVE_LANE,3,NONE,-4.9955,-4.9955,+X
155.6640,-3.782204,-8.600173,3.141575,DRIVE_LANE,3,NONE,-4.9955,-4.9955,+X
155.6800,-3.774211,-8.600173,3.141575,DRIVE_LANE,3,NONE,-4.9955,-4.9955,+X
155.6960,-3.766219,-8.600173,3.141575,DRIVE_LANE,3,NONE,-4.9955,-4.9955,+X
155.7120,-3.758226,-8.600173,3.141575,DRIVE_LANE,3,NONE,-4.9955,-4.9955,+X
155.7280,-3.750233,-8.600173,3.141575,DRIVE_LANE,3,NONE,-4.9955,-4.9955,+X
155.7440,-3.742240,-8.600174,3.141575,DRIVE_LANE,3,NONE,-4.9955,-4.9955,+X
155.7600,-3.734248,-8.600174,3.141575,DRIVE_LANE,3,NONE,-4.9955,-4.9955,+X
155.7760,-3.726255,-8.600174,3.141575,DRIVE_LANE,3,NONE,-4.9955,-4.9955,+X
155.7920,-3.718262,-8.600174,3.141575,DRIVE_LANE,3,NONE,-4.9955,-4.9955,+X
155.8080,-3.710269,-8.600174,3.141575,DRIVE_LANE,3,NONE,-4.9955,-4.9955,+X
155.8240,-3.702277,-8.600174,3.141575,DRIVE_LANE,3,NONE,-4.9955,-4.9955,+X
155.8400,-3.694284,-8.600174,3.141575,DRIVE_LANE,3,NONE,-4.9955,-4.9955,+X
155.8560,-3.686291,-8.600175,3.141575,DRIVE_LANE,3,NONE,-4.9955,-4.9955,+X
155.8720,-3.678298,-8.600175,3.141575,DRIVE_LANE,3,NONE,-4.9955,-4.9955,+X
155.8880,-3.670306,-8.600175,3.141575,DRIVE_LANE,3,NONE,-4.9955,-4.9955,+X
155.9040,-3.662313,-8.600175,3.141575,DRIVE_LANE,3,NONE,-4.9971,-4.9938,+X
155.9200,-3.654320,-8.600175,3.141579,DRIVE_LANE,3,NONE,-4.9955,-4.9955,+X
155.9360,-3.646327,-8.600175,3.141579,DRIVE_LANE,3,NONE,-4.9955,-4.9955,+X
155.9520,-3.638335,-8.600175,3.141579,DRIVE_LANE,3,NONE,-4.9955,-4.9955,+X
155.9680,-3.630342,-8.600175,3.141579,DRIVE_LANE,3,NONE,-4.9955,-4.9955,+X
155.9840,-3.622349,-8.600175,3.141579,DRIVE_LANE,3,NONE,-4.9955,-4.9955,+X
156.0000,-3.614356,-8.600175,3.141579,DRIVE_LANE,3,NONE,-4.9955,-4.9955,+X
156.0160,-3.606363,-8.600176,3.141579,DRIVE_LANE,3,NONE,-4.9955,-4.9955,+X
156.0320,-3.598371,-8.600176,3.141579,DRIVE_LANE,3,NONE,-4.9955,-4.9955,+X
156.0480,-3.590378,-8.600176,3.141579,DRIVE_LANE,3,NONE,-4.9955,-4.9955,+X
156.0640,-3.582385,-8.600176,3.141579,DRIVE_LANE,3,NONE,-4.9955,-4.9955,+X
156.0800,-3.574392,-8.600176,3.141579,DRIVE_LANE,3,NONE,-4.9955,-4.9955,+X
156.0960,-3.566400,-8.600176,3.141579,DRIVE_LANE,3,NONE,-4.9955,-4.9955,+X
156.1120,-3.558407,-8.600176,3.141579,DRIVE_LANE,3,NONE,-4.9955,-4.9955,+X
156.1280,-3.550414,-8.600176,3.141579,DRIVE_LANE,3,NONE,-4.9955,-4.9955,+X
156.1440,-3.542421,-8.600176,3.141579,DRIVE_LANE,3,NONE,-4.9955,-4.9955,+X
156.1600,-3.534429,-8.600176,3.141579,DRIVE_LANE,3,NONE,-4.9955,-4.9955,+X
156.1760,-3.526436,-8.600177,3.141579,DRIVE_LANE,3,NONE,-4.9955,-4.9955,+X
156.1920,-3.518443,-8.600177,3.141579,DRIVE_LANE,3,NONE,-4.9955,-4.9955,+X
156.2080,-3.510450,-8.600177,3.141579,DRIVE_LANE,3,NONE,-4.9955,-4.9955,+X
156.2240,-3.502458,-8.600177,3.141579,DRIVE_LANE,3,NONE,-4.9955,-4.9955,+X
156.2400,-3.494465,-8.600177,3.141579,DRIVE_LANE,3,NONE,-4.9971,-4.9938,+X
156.2560,-3.486472,-8.600177,3.141584,DRIVE_LANE,3,NONE,-4.9955,-4.9955,+X
156.2720,-3.478479,-8.600177,3.141584,DRIVE_LANE,3,NONE,-4.9955,-4.9955,+X
156.2880,-3.470487,-8.600177,3.141584,DRIVE_LANE,3,NONE,-4.9955,-4.9955,+X
156.3040,-3.462494,-8.600177,3.141584,DRIVE_LANE,3,NONE,-4.9955,-4.9955,+X
156.3200,-3.454501,-8.600177,3.141584,DRIVE_LANE,3,NONE,-4.9955,-4.9955,+X
156.3360,-3.446508,-8.600177,3.141584,DRIVE_LANE,3,NONE,-4.9955,-4.9955,+X
156.3520,-3.438515,-8.600177,3.141584,DRIVE_LANE,3,NONE,-4.9955,-4.9955,+X
156.3680,-3.430523,-8.600177,3.141584,DRIVE_LANE,3,NONE,-4.9955,-4.9955,+X
156.3840,-3.422530,-8.600177,3.141584,DRIVE_LANE,3,NONE,-4.9955,-4.9955,+X
156.4000,-3.414537,-8.600177,3.141584,DRIVE_LANE,3,NONE,-4.9955,-4.9955,+X
156.4160,-3.406544,-8.600177,3.141584,DRIVE_LANE,3,NONE,-4.9955,-4.9955,+X
156.4320,-3.398551,-8.600178,3.141584,DRIVE_LANE,3,NONE,-4.9955,-4.9955,+X
156.4480,-3.390559,-8.600178,3.141584,DRIVE_LANE,3,NONE,-4.9955,-4.9955,+X
156.4640,-3.382566,-8.600178,3.141584,DRIVE_LANE,3,NONE,-4.9955,-4.9955,+X
156.4800,-3.374573,-8.600178,3.141584,DRIVE_LANE,3,NONE,-4.9955,-4.9955,+X
156.4960,-3.366580,-8.600178,3.141584,DRIVE_LANE,3,NONE,-4.9955,-4.9955,+X
156.5120,-3.358588,-8.600178,3.141584,DRIVE_LANE,3,NONE,-4.9955,-4.9955,+X
156.5280,-3.350595,-8.600178,3.141584,DRIVE_LANE,3,NONE,-4.9955,-4.9955,+X
156.5440,-3.342602,-8.600178,3.141584,DRIVE_LANE,3,NONE,-4.9955,-4.9955,+X
156.5600,-3.334609,-8.600178,3.141584,DRIVE_LANE,3,NONE,-4.9955,-4.9955,+X
156.5760,-3.326617,-8.600178,3.141584,DRIVE_LANE,3,NONE,-4.9955,-4.9955,+X
156.5920,-3.318624,-8.600178,3.141584,DRIVE_LANE,3,NONE,-4.9955,-4.9955,+X
156.6080,-3.310631,-8.600178,3.141584,DRIVE_LANE,3,NONE,-4.9955,-4.9955,+X
156.6240,-3.302638,-8.600178,3.141584,DRIVE_LANE,3,NONE,-4.9955,-4.9955,+X
156.6400,-3.294646,-8.600178,3.141584,DRIVE_LANE,3,NONE,-4.9955,-4.9955,+X
156.6560,-3.286653,-8.600178,3.141584,DRIVE_LANE,3,NONE,-4.9955,-4.9955,+X
156.6720,-3.278660,-8.600179,3.141584,DRIVE_LANE,3,NONE,-4.9955,-4.9955,+X
156.6880,-3.270667,-8.600179,3.141584,DRIVE_LANE,3,NONE,-4.9955,-4.9955,+X
156.7040,-3.262675,-8.600179,3.141584,DRIVE_LANE,3,NONE,-4.9955,-4.9955,+X
156.7200,-3.254682,-8.600179,3.141584,DRIVE_LANE,3,NONE,-4.9955,-4.9955,+X
156.7360,-3.246689,-8.600179,3.141584,DRIVE_LANE,3,NONE,-4.9955,-4.9955,+X
156.7520,-3.238696,-8.600179,3.141584,DRIVE_LANE,3,NONE,-4.9955,-4.9955,+X
156.7680,-3.230704,-8.600179,3.141584,DRIVE_LANE,3,NONE,-4.9955,-4.9955,+X
156.7840,-3.222711,-8.600179,3.141584,DRIVE_LANE,3,NONE,-4.9971,-4.9938,+X
156.8000,-3.214718,-8.600179,3.141589,DRIVE_LANE,3,NONE,-4.9955,-4.9955,+X
156.8160,-3.206725,-8.600179,3.141589,DRIVE_LANE,3,NONE,-4.9955,-4.9955,+X
156.8320,-3.198733,-8.600179,3.141589,DRIVE_LANE,3,NONE,-4.9955,-4.9955,+X
156.8480,-3.190740,-8.600179,3.141589,DRIVE_LANE,3,NONE,-4.9955,-4.9955,+X
156.8640,-3.182747,-8.600179,3.141589,DRIVE_LANE,3,NONE,-4.9955,-4.9955,+X
156.8800,-3.174754,-8.600179,3.141589,DRIVE_LANE,3,NONE,-4.9955,-4.9955,+X
156.8960,-3.166761,-8.600179,3.141589,DRIVE_LANE,3,NONE,-4.9955,-4.9955,+X
156.9120,-3.158769,-8.600179,3.141589,DRIVE_LANE,3,NONE,-4.9955,-4.9955,+X
156.9280,-3.150776,-8.600179,3.141589,DRIVE_LANE,3,NONE,-4.9955,-4.9955,+X
156.9440,-3.142783,-8.600179,3.141589,DRIVE_LANE,3,NONE,-4.9955,-4.9955,+X
156.9600,-3.134790,-8.600179,3.141589,DRIVE_LANE,3,NONE,-4.9955,-4.9955,+X
156.9760,-3.126797,-8.600179,3.141589,DRIVE_LANE,3,NONE,-4.9955,-4.9955,+X
156.9920,-3.118805,-8.600179,3.141589,DRIVE_LANE,3,NONE,-4.9955,-4.9955,+X
157.0080,-3.110812,-8.600179,3.141589,DRIVE_LANE,3,NONE,-4.9955,-4.9955,+X
157.0240,-3.102819,-8.600179,3.141589,DRIVE_LANE,3,NONE,-4.9955,-4.9955,+X
157.0400,-3.094826,-8.600179,3.141589,DRIVE_LANE,3,NONE,-4.9955,-4.9955,+X
157.0560,-3.086833,-8.600179,3.141589,DRIVE_LANE,3,NONE,-4.9955,-4.9955,+X
157.0720,-3.078841,-8.600179,3.141589,DRIVE_LANE,3,NONE,-4.9955,-4.9955,+X
157.0880,-3.070848,-8.600179,3.141589,DRIVE_LANE,3,NONE,-4.9955,-4.9955,+X
157.1040,-3.062855,-8.600179,3.141589,DRIVE_LANE,3,NONE,-4.9955,-4.9955,+X
157.1200,-3.054862,-8.600179,3.141589,DRIVE_LANE,3,NONE,-4.9955,-4.9955,+X
157.1360,-3.046870,-8.600179,3.141589,DRIVE_LANE,3,NONE,-4.9955,-4.9955,+X
157.1520,-3.038877,-8.600179,3.141589,DRIVE_LANE,3,NONE,-4.9955,-4.9955,+X
157.1680,-3.030884,-8.600180,3.141589,DRIVE_LANE,3,NONE,-4.9955,-4.9955,+X
157.1840,-3.022891,-8.600180,3.141589,DRIVE_LANE,3,NONE,-4.9955,-4.9955,+X
157.2000,-3.014898,-8.600180,3.141589,DRIVE_LANE,3,NONE,-4.9955,-4.9955,+X
157.2160,-3.006906,-8.600180,3.141589,DRIVE_LANE,3,NONE,-4.9955,-4.9955,+X
157.2320,-2.998913,-8.600180,3.141589,DRIVE_LANE,3,NONE,-4.9955,-4.9955,+X
157.2480,-2.990920,-8.600180,3.141589,DRIVE_LANE,3,NONE,-4.9955,-4.9955,+X
157.2640,-2.982927,-8.600180,3.141589,DRIVE_LANE,3,NONE,-4.9955,-4.9955,+X
157.2800,-2.974935,-8.600180,3.141589,DRIVE_LANE,3,NONE,-4.9955,-4.9955,+X
157.2960,-2.966942,-8.600180,3.141589,DRIVE_LANE,3,NONE,-4.9955,-4.9955,+X
157.3120,-2.958949,-8.600180,3.141589,DRIVE_LANE,3,NONE,-4.9955,-4.9955,+X
157.3280,-2.950956,-8.600180,3.141589,DRIVE_LANE,3,NONE,-4.9955,-4.9955,+X
157.3440,-2.942963,-8.600180,3.141589,DRIVE_LANE,3,NONE,-4.9955,-4.9955,+X
157.3600,-2.934971,-8.600180,3.141589,DRIVE_LANE,3,NONE,-4.9955,-4.9955,+X
157.3760,-2.926978,-8.600180,3.141589,DRIVE_LANE,3,NONE,-4.9955,-4.9955,+X
157.3920,-2.918985,-8.600180,3.141589,DRIVE_LANE,3,NONE,-4.9955,-4.9955,+X
157.4080,-2.910992,-8.600180,3.141589,DRIVE_LANE,3,NONE,-4.9955,-4.9955,+X
157.4240,-2.903000,-8.600180,3.141589,DRIVE_LANE,3,NONE,-4.9955,-4.9955,+X
157.4400,-2.895007,-8.600180,3.141589,DRIVE_LANE,3,NONE,-4.9955,-4.9955,+X
157.4560,-2.887014,-8.600180,3.141589,DRIVE_LANE,3,NONE,-4.9955,-4.9955,+X
157.4720,-2.879021,-8.600180,3.141589,DRIVE_LANE,3,NONE,-4.9955,-4.9955,+X
157.4880,-2.871029,-8.600180,3.141589,DRIVE_LANE,3,NONE,-4.9955,-4.9955,+X
157.5040,-2.863036,-8.600180,3.141589,DRIVE_LANE,3,NONE,-4.9955,-4.9955,+X
157.5200,-2.855043,-8.600180,3.141589,DRIVE_LANE,3,NONE,-4.9955,-4.9955,+X
157.5360,-2.847050,-8.600180,3.141589,DRIVE_LANE,3,NONE,-4.9955,-4.9955,+X
157.5520,-2.839058,-8.600180,3.141589,DRIVE_LANE,3,NONE,-4.9955,-4.9955,+X
157.5680,-2.831065,-8.600180,3.141589,DRIVE_LANE,3,NONE,-4.9955,-4.9955,+X
157.5840,-2.823072,-8.600180,3.141589,DRIVE_LANE,3,NONE,-4.9955,-4.9955,+X
157.6000,-2.815079,-8.600180,3.141589,DRIVE_LANE,3,NONE,-4.9955,-4.9955,+X
157.6160,-2.807087,-8.600180,3.141589,DRIVE_LANE,3,NONE,-4.9955,-4.9955,+X
157.6320,-2.799094,-8.600180,3.141589,DRIVE_LANE,3,NONE,-4.9955,-4.9955,+X
157.6480,-2.791101,-8.600180,3.141589,DRIVE_LANE,3,NONE,-4.9955,-4.9955,+X
157.6640,-2.783108,-8.600180,3.141589,DRIVE_LANE,3,NONE,-4.9955,-4.9955,+X
157.6800,-2.775116,-8.600181,3.141589,DRIVE_LANE,3,NONE,-4.9955,-4.9955,+X
157.6960,-2.767123,-8.600181,3.141589,DRIVE_LANE,3,NONE,-4.9955,-4.9955,+X
157.7120,-2.759130,-8.600181,3.141589,DRIVE_LANE,3,NONE,-4.9955,-4.9955,+X
157.7280,-2.751137,-8.600181,3.141589,DRIVE_LANE,3,NONE,-4.9955,-4.9955,+X
157.7440,-2.743145,-8.600181,3.141589,DRIVE_LANE,3,NONE,-4.9955,-4.9955,+X
157.7600,-2.735152,-8.600181,3.141589,DRIVE_LANE,3,NONE,-4.9955,-4.9955,+X
157.7760,-2.727159,-8.600181,3.141589,DRIVE_LANE,3,NONE,-4.9955,-4.9955,+X
157.7920,-2.719166,-8.600181,3.141589,DRIVE_LANE,3,NONE,-4.9955,-4.9955,+X
157.8080,-2.711174,-8.600181,3.141589,DRIVE_LANE,3,NONE,-4.9955,-4.9955,+X
157.8240,-2.703181,-8.600181,3.141589,DRIVE_LANE,3,NONE,-4.9955,-4.9955,+X
157.8400,-2.695188,-8.600181,3.141589,DRIVE_LANE,3,NONE,-4.9955,-4.9955,+X
157.8560,-2.687195,-8.600181,3.141589,DRIVE_LANE,3,NONE,-4.9955,-4.9955,+X
157.8720,-2.679203,-8.600181,3.141589,DRIVE_LANE,3,NONE,-4.9955,-4.9955,+X
157.8880,-2.671210,-8.600181,3.141589,DRIVE_LANE,3,NONE,-4.9955,-4.9955,+X
157.9040,-2.663217,-8.600181,3.141589,DRIVE_LANE,3,NONE,-4.9955,-4.9955,+X
157.9200,-2.655225,-8.600181,3.141589,DRIVE_LANE,3,NONE,-4.9955,-4.9955,+X
157.9360,-2.647232,-8.600181,3.141589,DRIVE_LANE,3,NONE,-4.9955,-4.9955,+X
157.9520,-2.639239,-8.600181,3.141589,DRIVE_LANE,3,NONE,-4.9971,-4.9938,+X
157.9680,-2.631246,-8.600181,-3.141592,DRIVE_LANE,3,NONE,-4.9955,-4.9955,+X
157.9840,-2.623254,-8.600181,-3.141592,DRIVE_LANE,3,NONE,-4.9955,-4.9955,+X
158.0000,-2.615261,-8.600181,-3.141592,DRIVE_LANE,3,NONE,-4.9955,-4.9955,+X
158.0160,-2.607268,-8.600181,-3.141592,DRIVE_LANE,3,NONE,-4.9955,-4.9955,+X
158.0320,-2.599275,-8.600181,-3.141592,DRIVE_LANE,3,NONE,-4.9955,-4.9955,+X
158.0480,-2.591282,-8.600181,-3.141592,DRIVE_LANE,3,NONE,-4.9955,-4.9955,+X
158.0640,-2.583290,-8.600181,-3.141592,DRIVE_LANE,3,NONE,-4.9955,-4.9955,+X
158.0800,-2.575297,-8.600181,-3.141592,DRIVE_LANE,3,NONE,-4.9955,-4.9955,+X
158.0960,-2.567304,-8.600181,-3.141592,DRIVE_LANE,3,NONE,-4.9955,-4.9955,+X
158.1120,-2.559311,-8.600181,-3.141592,DRIVE_LANE,3,NONE,-4.9955,-4.9955,+X
158.1280,-2.551318,-8.600181,-3.141592,DRIVE_LANE,3,NONE,-4.9955,-4.9955,+X
158.1440,-2.543326,-8.600181,-3.141592,DRIVE_LANE,3,NONE,-4.9955,-4.9955,+X
158.1600,-2.535333,-8.600181,-3.141592,DRIVE_LANE,3,NONE,-4.9955,-4.9955,+X
158.1760,-2.527340,-8.600181,-3.141592,DRIVE_LANE,3,NONE,-4.9955,-4.9955,+X
158.1920,-2.519347,-8.600181,-3.141592,DRIVE_LANE,3,NONE,-4.9955,-4.9955,+X
158.2080,-2.511354,-8.600181,-3.141592,DRIVE_LANE,3,NONE,-4.9955,-4.9955,+X
158.2240,-2.503361,-8.600181,-3.141592,DRIVE_LANE,3,NONE,-4.9955,-4.9955,+X
158.2400,-2.495369,-8.600181,-3.141592,DRIVE_LANE,3,NONE,-4.9955,-4.9955,+X
158.2560,-2.487376,-8.600181,-3.141592,DRIVE_LANE,3,NONE,-4.9955,-4.9955,+X
158.2720,-2.479383,-8.600181,-3.141592,DRIVE_LANE,3,NONE,-4.9955,-4.9955,+X
158.2880,-2.471390,-8.600181,-3.141592,DRIVE_LANE,3,NONE,-4.9955,-4.9955,+X
158.3040,-2.463397,-8.600181,-3.141592,DRIVE_LANE,3,NONE,-4.9955,-4.9955,+X
158.3200,-2.455405,-8.600181,-3.141592,DRIVE_LANE,3,NONE,-4.9955,-4.9955,+X
158.3360,-2.447412,-8.600181,-3.141592,DRIVE_LANE,3,NONE,-4.9955,-4.9955,+X
158.3520,-2.439419,-8.600181,-3.141592,DRIVE_LANE,3,NONE,-4.9955,-4.9955,+X
158.3680,-2.431426,-8.600181,-3.141592,DRIVE_LANE,3,NONE,-4.9955,-4.9955,+X
158.3840,-2.423433,-8.600181,-3.141592,DRIVE_LANE,3,NONE,-4.9955,-4.9955,+X
158.4000,-2.415441,-8.600181,-3.141592,DRIVE_LANE,3,NONE,-4.9955,-4.9955,+X
158.4160,-2.407448,-8.600181,-3.141592,DRIVE_LANE,3,NONE,-4.9955,-4.9955,+X
158.4320,-2.399455,-8.600181,-3.141592,DRIVE_LANE,3,NONE,-4.9955,-4.9955,+X
158.4480,-2.391462,-8.600181,-3.141592,DRIVE_LANE,3,NONE,-4.9955,-4.9955,+X
158.4640,-2.383469,-8.600181,-3.141592,DRIVE_LANE,3,NONE,-4.9955,-4.9955,+X
158.4800,-2.375477,-8.600181,-3.141592,DRIVE_LANE,3,NONE,-4.9955,-4.9955,+X
158.4960,-2.367484,-8.600181,-3.141592,DRIVE_LANE,3,NONE,-4.9955,-4.9955,+X
158.5120,-2.359491,-8.600181,-3.141592,DRIVE_LANE,3,NONE,-4.9955,-4.9955,+X
158.5280,-2.351498,-8.600181,-3.141592,DRIVE_LANE,3,NONE,-4.9955,-4.9955,+X
158.5440,-2.343505,-8.600181,-3.141592,DRIVE_LANE,3,NONE,-4.9955,-4.9955,+X
158.5600,-2.335512,-8.600181,-3.141592,DRIVE_LANE,3,NONE,-4.9955,-4.9955,+X
158.5760,-2.327520,-8.600181,-3.141592,DRIVE_LANE,3,NONE,-4.9955,-4.9955,+X
158.5920,-2.319527,-8.600181,-3.141592,DRIVE_LANE,3,NONE,-4.9955,-4.9955,+X
158.6080,-2.311534,-8.600181,-3.141592,DRIVE_LANE,3,NONE,-4.9955,-4.9955,+X
158.6240,-2.303541,-8.600181,-3.141592,DRIVE_LANE,3,NONE,-4.9955,-4.9955,+X
158.6400,-2.295548,-8.600181,-3.141592,DRIVE_LANE,3,NONE,-4.9955,-4.9955,+X
158.6560,-2.287556,-8.600181,-3.141592,DRIVE_LANE,3,NONE,-4.9955,-4.9955,+X
158.6720,-2.279563,-8.600181,-3.141592,DRIVE_LANE,3,NONE,-4.9955,-4.9955,+X
158.6880,-2.271570,-8.600181,-3.141592,DRIVE_LANE,3,NONE,-4.9955,-4.9955,+X
158.7040,-2.263577,-8.600181,-3.141592,DRIVE_LANE,3,NONE,-4.9955,-4.9955,+X
158.7200,-2.255584,-8.600181,-3.141592,DRIVE_LANE,3,NONE,-4.9955,-4.9955,+X
158.7360,-2.247592,-8.600181,-3.141592,DRIVE_LANE,3,NONE,-4.9955,-4.9955,+X
158.7520,-2.239599,-8.600181,-3.141592,DRIVE_LANE,3,NONE,-4.9955,-4.9955,+X
158.7680,-2.231606,-8.600181,-3.141592,DRIVE_LANE,3,NONE,-4.9955,-4.9955,+X
158.7840,-2.223613,-8.600181,-3.141592,DRIVE_LANE,3,NONE,-4.9955,-4.9955,+X
158.8000,-2.215620,-8.600181,-3.141592,DRIVE_LANE,3,NONE,-4.9955,-4.9955,+X
158.8160,-2.207627,-8.600180,-3.141592,DRIVE_LANE,3,NONE,-4.9955,-4.9955,+X
158.8320,-2.199635,-8.600180,-3.141592,DRIVE_LANE,3,NONE,-4.9955,-4.9955,+X
158.8480,-2.191642,-8.600180,-3.141592,DRIVE_LANE,3,NONE,-4.9955,-4.9955,+X
158.8640,-2.183649,-8.600180,-3.141592,DRIVE_LANE,3,NONE,-4.9955,-4.9955,+X
158.8800,-2.175656,-8.600180,-3.141592,DRIVE_LANE,3,NONE,-4.9955,-4.9955,+X
158.8960,-2.167663,-8.600180,-3.141592,DRIVE_LANE,3,NONE,-4.9955,-4.9955,+X
158.9120,-2.159671,-8.600180,-3.141592,DRIVE_LANE,3,NONE,-4.9955,-4.9955,+X
158.9280,-2.151678,-8.600180,-3.141592,DRIVE_LANE,3,NONE,-4.9955,-4.9955,+X
158.9440,-2.143685,-8.600180,-3.141592,DRIVE_LANE,3,NONE,-4.9955,-4.9955,+X
158.9600,-2.135692,-8.600180,-3.141592,DRIVE_LANE,3,NONE,-4.9955,-4.9955,+X
158.9760,-2.127699,-8.600180,-3.141592,DRIVE_LANE,3,NONE,-4.9955,-4.9955,+X
158.9920,-2.119707,-8.600180,-3.141592,DRIVE_LANE,3,NONE,-4.9955,-4.9955,+X
159.0080,-2.111714,-8.600180,-3.141592,DRIVE_LANE,3,NONE,-4.9955,-4.9955,+X
159.0240,-2.103721,-8.600180,-3.141592,DRIVE_LANE,3,NONE,-4.9955,-4.9955,+X
159.0400,-2.095728,-8.600180,-3.141592,DRIVE_LANE,3,NONE,-4.9955,-4.9955,+X
159.0560,-2.087735,-8.600180,-3.141592,DRIVE_LANE,3,NONE,-4.9955,-4.9955,+X
159.0720,-2.079742,-8.600180,-3.141592,DRIVE_LANE,3,NONE,-4.9955,-4.9955,+X
159.0880,-2.071750,-8.600180,-3.141592,DRIVE_LANE,3,NONE,-4.9955,-4.9955,+X
159.1040,-2.063757,-8.600180,-3.141592,DRIVE_LANE,3,NONE,-4.9955,-4.9955,+X
159.1200,-2.055764,-8.600180,-3.141592,DRIVE_LANE,3,NONE,-4.9955,-4.9955,+X
159.1360,-2.047771,-8.600180,-3.141592,DRIVE_LANE,3,NONE,-4.9955,-4.9955,+X
159.1520,-2.039778,-8.600180,-3.141592,DRIVE_LANE,3,NONE,-4.9955,-4.9955,+X
159.1680,-2.031786,-8.600180,-3.141592,DRIVE_LANE,3,NONE,-4.9955,-4.9955,+X
159.1840,-2.023793,-8.600180,-3.141592,DRIVE_LANE,3,NONE,-4.9955,-4.9955,+X
159.2000,-2.015800,-8.600180,-3.141592,DRIVE_LANE,3,NONE,-4.9955,-4.9955,+X
159.2160,-2.007807,-8.600180,-3.141592,DRIVE_LANE,3,NONE,-4.9955,-4.9955,+X
159.2320,-1.999814,-8.600180,-3.141592,DRIVE_LANE,3,NONE,-4.9955,-4.9955,+X
159.2480,-1.991821,-8.600180,-3.141592,DRIVE_LANE,3,NONE,-4.9955,-4.9955,+X
159.2640,-1.983829,-8.600180,-3.141592,DRIVE_LANE,3,NONE,-4.9955,-4.9955,+X
159.2800,-1.975836,-8.600180,-3.141592,DRIVE_LANE,3,NONE,-4.9955,-4.9955,+X
159.2960,-1.967843,-8.600180,-3.141592,DRIVE_LANE,3,NONE,-4.9955,-4.9955,+X
159.3120,-1.959850,-8.600180,-3.141592,DRIVE_LANE,3,NONE,-4.9955,-4.9955,+X
159.3280,-1.951857,-8.600180,-3.141592,DRIVE_LANE,3,NONE,-4.9955,-4.9955,+X
159.3440,-1.943864,-8.600180,-3.141592,DRIVE_LANE,3,NONE,-4.9955,-4.9955,+X
159.3600,-1.935872,-8.600180,-3.141592,DRIVE_LANE,3,NONE,-4.9955,-4.9955,+X
159.3760,-1.927879,-8.600180,-3.141592,DRIVE_LANE,3,NONE,-4.9955,-4.9955,+X
159.3920,-1.919886,-8.600180,-3.141592,DRIVE_LANE,3,NONE,-4.9955,-4.9955,+X
159.4080,-1.911893,-8.600180,-3.141592,DRIVE_LANE,3,NONE,-4.9955,-4.9955,+X
159.4240,-1.903900,-8.600180,-3.141592,DRIVE_LANE,3,NONE,-4.9955,-4.9955,+X
159.4400,-1.895908,-8.600180,-3.141592,DRIVE_LANE,3,NONE,-4.9955,-4.9955,+X
159.4560,-1.887915,-8.600180,-3.141592,DRIVE_LANE,3,NONE,-4.9955,-4.9955,+X
159.4720,-1.879922,-8.600180,-3.141592,DRIVE_LANE,3,NONE,-4.9955,-4.9955,+X
159.4880,-1.871929,-8.600180,-3.141592,DRIVE_LANE,3,NONE,-4.9955,-4.9955,+X
159.5040,-1.863936,-8.600180,-3.141592,DRIVE_LANE,3,NONE,-4.9955,-4.9955,+X
159.5200,-1.855943,-8.600180,-3.141592,DRIVE_LANE,3,NONE,-4.9955,-4.9955,+X
159.5360,-1.847951,-8.600180,-3.141592,DRIVE_LANE,3,NONE,-4.9955,-4.9955,+X
159.5520,-1.839958,-8.600180,-3.141592,DRIVE_LANE,3,NONE,-4.9955,-4.9955,+X
159.5680,-1.831965,-8.600180,-3.141592,DRIVE_LANE,3,NONE,-4.9955,-4.9955,+X
159.5840,-1.823972,-8.600180,-3.141592,DRIVE_LANE,3,NONE,-4.9955,-4.9955,+X
159.6000,-1.815979,-8.600180,-3.141592,DRIVE_LANE,3,NONE,-4.9955,-4.9955,+X
159.6160,-1.807987,-8.600180,-3.141592,DRIVE_LANE,3,NONE,-4.9955,-4.9955,+X
159.6320,-1.799994,-8.600180,-3.141592,DRIVE_LANE,3,NONE,-4.9955,-4.9955,+X
159.6480,-1.792001,-8.600180,-3.141592,DRIVE_LANE,3,NONE,-4.9955,-4.9955,+X
159.6640,-1.784008,-8.600180,-3.141592,DRIVE_LANE,3,NONE,-4.9955,-4.9955,+X
159.6800,-1.776015,-8.600180,-3.141592,DRIVE_LANE,3,NONE,-4.9955,-4.9955,+X
159.6960,-1.768022,-8.600180,-3.141592,DRIVE_LANE,3,NONE,-4.9955,-4.9955,+X
159.7120,-1.760030,-8.600180,-3.141592,DRIVE_LANE,3,NONE,-4.9955,-4.9955,+X
159.7280,-1.752037,-8.600180,-3.141592,DRIVE_LANE,3,NONE,-4.9955,-4.9955,+X
159.7440,-1.744044,-8.600180,-3.141592,DRIVE_LANE,3,NONE,-4.9955,-4.9955,+X
159.7600,-1.736051,-8.600180,-3.141592,DRIVE_LANE,3,NONE,-4.9955,-4.9955,+X
159.7760,-1.728058,-8.600180,-3.141592,DRIVE_LANE,3,NONE,-4.9955,-4.9955,+X
159.7920,-1.720065,-8.600180,-3.141592,DRIVE_LANE,3,NONE,-4.9955,-4.9955,+X
159.8080,-1.712073,-8.600180,-3.141592,DRIVE_LANE,3,NONE,-4.9955,-4.9955,+X
159.8240,-1.704080,-8.600180,-3.141592,DRIVE_LANE,3,NONE,-4.9955,-4.9955,+X
159.8400,-1.696087,-8.600180,-3.141592,DRIVE_LANE,3,NONE,-4.9955,-4.9955,+X
159.8560,-1.688094,-8.600180,-3.141592,DRIVE_LANE,3,NONE,-4.9955,-4.9955,+X
159.8720,-1.680101,-8.600180,-3.141592,DRIVE_LANE,3,NONE,-4.9955,-4.9955,+X
159.8880,-1.672108,-8.600180,-3.141592,DRIVE_LANE,3,NONE,-4.9955,-4.9955,+X
159.9040,-1.664116,-8.600180,-3.141592,DRIVE_LANE,3,NONE,-4.9955,-4.9955,+X
159.9200,-1.656123,-8.600180,-3.141592,DRIVE_LANE,3,NONE,-4.9955,-4.9955,+X
159.9360,-1.648130,-8.600180,-3.141592,DRIVE_LANE,3,NONE,-4.9955,-4.9955,+X
159.9520,-1.640137,-8.600180,-3.141592,DRIVE_LANE,3,NONE,-4.9955,-4.9955,+X
159.9680,-1.632144,-8.600180,-3.141592,DRIVE_LANE,3,NONE,-4.9955,-4.9955,+X
159.9840,-1.624152,-8.600180,-3.141592,DRIVE_LANE,3,NONE,-4.9955,-4.9955,+X
160.0000,-1.616159,-8.600180,-3.141592,DRIVE_LANE,3,NONE,-4.9955,-4.9955,+X
160.0160,-1.608166,-8.600180,-3.141592,DRIVE_LANE,3,NONE,-4.9955,-4.9955,+X
160.0320,-1.600173,-8.600180,-3.141592,DRIVE_LANE,3,NONE,-4.9955,-4.9955,+X
160.0480,-1.592180,-8.600180,-3.141592,DRIVE_LANE,3,NONE,-4.9955,-4.9955,+X
160.0640,-1.584187,-8.600180,-3.141592,DRIVE_LANE,3,NONE,-4.9955,-4.9955,+X
160.0800,-1.576195,-8.600180,-3.141592,DRIVE_LANE,3,NONE,-4.9955,-4.9955,+X
160.0960,-1.568202,-8.600180,-3.141592,DRIVE_LANE,3,NONE,-4.9955,-4.9955,+X
160.1120,-1.560209,-8.600180,-3.141592,DRIVE_LANE,3,NONE,-4.9955,-4.9955,+X
160.1280,-1.552216,-8.600180,-3.141592,DRIVE_LANE,3,NONE,-4.9955,-4.9955,+X
160.1440,-1.544223,-8.600180,-3.141592,DRIVE_LANE,3,NONE,-4.9955,-4.9955,+X
160.1600,-1.536230,-8.600180,-3.141592,DRIVE_LANE,3,NONE,-4.9955,-4.9955,+X
160.1760,-1.528238,-8.600180,-3.141592,DRIVE_LANE,3,NONE,-4.9955,-4.9955,+X
160.1920,-1.520245,-8.600180,-3.141592,DRIVE_LANE,3,NONE,-4.9955,-4.9955,+X
160.2080,-1.512252,-8.600180,-3.141592,DRIVE_LANE,3,NONE,-4.9955,-4.9955,+X
160.2240,-1.504259,-8.600180,-3.141592,DRIVE_LANE,3,NONE,-4.9955,-4.9955,+X
160.2400,-1.496266,-8.600180,-3.141592,DRIVE_LANE,3,NONE,-4.9955,-4.9955,+X
160.2560,-1.488273,-8.600180,-3.141592,DRIVE_LANE,3,NONE,-4.9955,-4.9955,+X
160.2720,-1.480281,-8.600180,-3.141592,DRIVE_LANE,3,NONE,-4.9955,-4.9955,+X
160.2880,-1.472288,-8.600180,-3.141592,DRIVE_LANE,3,NONE,-4.9955,-4.9955,+X
160.3040,-1.464295,-8.600180,-3.141592,DRIVE_LANE,3,NONE,-4.9955,-4.9955,+X
160.3200,-1.456302,-8.600180,-3.141592,DRIVE_LANE,3,NONE,-4.9955,-4.9955,+X
160.3360,-1.448309,-8.600180,-3.141592,DRIVE_LANE,3,NONE,-4.9955,-4.9955,+X
160.3520,-1.440316,-8.600180,-3.141592,DRIVE_LANE,3,NONE,-4.9955,-4.9955,+X
160.3680,-1.432324,-8.600180,-3.141592,DRIVE_LANE,3,NONE,-4.9955,-4.9955,+X
160.3840,-1.424331,-8.600180,-3.141592,DRIVE_LANE,3,NONE,-4.9955,-4.9955,+X
160.4000,-1.416338,-8.600180,-3.141592,DRIVE_LANE,3,NONE,-4.9955,-4.9955,+X
160.4160,-1.408345,-8.600180,-3.141592,DRIVE_LANE,3,NONE,-4.9955,-4.9955,+X
160.4320,-1.400352,-8.600180,-3.141592,DRIVE_LANE,3,NONE,-4.9955,-4.9955,+X
160.4480,-1.392359,-8.600180,-3.141592,DRIVE_LANE,3,NONE,-4.9955,-4.9955,+X
160.4640,-1.384367,-8.600180,-3.141592,DRIVE_LANE,3,NONE,-4.9955,-4.9955,+X
160.4800,-1.376374,-8.600180,-3.141592,DRIVE_LANE,3,NONE,-4.9955,-4.9955,+X
160.4960,-1.368381,-8.600180,-3.141592,DRIVE_LANE,3,NONE,-4.9955,-4.9955,+X
160.5120,-1.360388,-8.600180,-3.141592,DRIVE_LANE,3,NONE,-4.9955,-4.9955,+X
160.5280,-1.352395,-8.600180,-3.141592,DRIVE_LANE,3,NONE,-4.9955,-4.9955,+X
160.5440,-1.344402,-8.600180,-3.141592,DRIVE_LANE,3,NONE,-4.9955,-4.9955,+X
160.5600,-1.336410,-8.600180,-3.141592,DRIVE_LANE,3,NONE,-4.9955,-4.9955,+X
160.5760,-1.328417,-8.600180,-3.141592,DRIVE_LANE,3,NONE,-4.9955,-4.9955,+X
160.5920,-1.320424,-8.600180,-3.141592,DRIVE_LANE,3,NONE,-4.9955,-4.9955,+X
160.6080,-1.312431,-8.600180,-3.141592,DRIVE_LANE,3,NONE,-4.9955,-4.9955,+X
160.6240,-1.304438,-8.600180,-3.141592,DRIVE_LANE,3,NONE,-4.9955,-4.9955,+X
160.6400,-1.296445,-8.600180,-3.141592,DRIVE_LANE,3,NONE,-4.9955,-4.9955,+X
160.6560,-1.288453,-8.600180,-3.141592,DRIVE_LANE,3,NONE,-4.9955,-4.9955,+X
160.6720,-1.280460,-8.600180,-3.141592,DRIVE_LANE,3,NONE,-4.9955,-4.9955,+X
160.6880,-1.272467,-8.600180,-3.141592,DRIVE_LANE,3,NONE,-4.9955,-4.9955,+X
160.7040,-1.264474,-8.600180,-3.141592,DRIVE_LANE,3,NONE,-4.9955,-4.9955,+X
160.7200,-1.256481,-8.600180,-3.141592,DRIVE_LANE,3,NONE,-4.9955,-4.9955,+X
160.7360,-1.248488,-8.600180,-3.141592,DRIVE_LANE,3,NONE,-4.9955,-4.9955,+X
160.7520,-1.240496,-8.600180,-3.141592,DRIVE_LANE,3,NONE,-4.9955,-4.9955,+X
160.7680,-1.232503,-8.600180,-3.141592,DRIVE_LANE,3,NONE,-4.9955,-4.9955,+X
160.7840,-1.224510,-8.600180,-3.141592,DRIVE_LANE,3,NONE,-4.9955,-4.9955,+X
160.8000,-1.216517,-8.600180,-3.141592,DRIVE_LANE,3,NONE,-4.9955,-4.9955,+X
160.8160,-1.208524,-8.600180,-3.141592,DRIVE_LANE,3,NONE,-4.9955,-4.9955,+X
160.8320,-1.200531,-8.600180,-3.141592,DRIVE_LANE,3,NONE,-4.9955,-4.9955,+X
160.8480,-1.192539,-8.600180,-3.141592,DRIVE_LANE,3,NONE,-4.9955,-4.9955,+X
160.8640,-1.184546,-8.600180,-3.141592,DRIVE_LANE,3,NONE,-4.9955,-4.9955,+X
160.8800,-1.176553,-8.600180,-3.141592,DRIVE_LANE,3,NONE,-4.9955,-4.9955,+X
160.8960,-1.168560,-8.600180,-3.141592,DRIVE_LANE,3,NONE,-4.9955,-4.9955,+X
160.9120,-1.160567,-8.600180,-3.141592,DRIVE_LANE,3,NONE,-4.9955,-4.9955,+X
160.9280,-1.152574,-8.600180,-3.141592,DRIVE_LANE,3,NONE,-4.9955,-4.9955,+X
160.9440,-1.144582,-8.600180,-3.141592,DRIVE_LANE,3,NONE,-4.9955,-4.9955,+X
160.9600,-1.136589,-8.600180,-3.141592,DRIVE_LANE,3,NONE,-4.9955,-4.9955,+X
160.9760,-1.128596,-8.600180,-3.141592,DRIVE_LANE,3,NONE,-4.9955,-4.9955,+X
160.9920,-1.120603,-8.600180,-3.141592,DRIVE_LANE,3,NONE,-4.9955,-4.9955,+X
161.0080,-1.112610,-8.600180,-3.141592,DRIVE_LANE,3,NONE,-4.9955,-4.9955,+X
161.0240,-1.104617,-8.600180,-3.141592,DRIVE_LANE,3,NONE,-4.9955,-4.9955,+X
161.0400,-1.096624,-8.600180,-3.141592,DRIVE_LANE,3,NONE,-4.9955,-4.9955,+X
161.0560,-1.088632,-8.600180,-3.141592,DRIVE_LANE,3,NONE,-4.9955,-4.9955,+X
161.0720,-1.080639,-8.600180,-3.141592,DRIVE_LANE,3,NONE,-4.9955,-4.9955,+X
161.0880,-1.072646,-8.600180,-3.141592,DRIVE_LANE,3,NONE,-4.9955,-4.9955,+X
161.1040,-1.064653,-8.600180,-3.141592,DRIVE_LANE,3,NONE,-4.9955,-4.9955,+X
161.1200,-1.056660,-8.600180,-3.141592,DRIVE_LANE,3,NONE,-4.9955,-4.9955,+X
161.1360,-1.048667,-8.600180,-3.141592,DRIVE_LANE,3,NONE,-4.9955,-4.9955,+X
161.1520,-1.040675,-8.600180,-3.141592,DRIVE_LANE,3,NONE,-4.9955,-4.9955,+X
161.1680,-1.032682,-8.600180,-3.141592,DRIVE_LANE,3,NONE,-4.9955,-4.9955,+X
161.1840,-1.024689,-8.600180,-3.141592,DRIVE_LANE,3,NONE,-4.9955,-4.9955,+X
161.2000,-1.016696,-8.600180,-3.141592,DRIVE_LANE,3,NONE,-4.9955,-4.9955,+X
161.2160,-1.008703,-8.600180,-3.141592,DRIVE_LANE,3,NONE,-4.9955,-4.9955,+X
161.2320,-1.000710,-8.600180,-3.141592,DRIVE_LANE,3,NONE,-4.9955,-4.9955,+X
161.2480,-0.992718,-8.600180,-3.141592,DRIVE_LANE,3,NONE,-4.9955,-4.9955,+X
161.2640,-0.984725,-8.600180,-3.141592,DRIVE_LANE,3,NONE,-4.9955,-4.9955,+X
161.2800,-0.976732,-8.600180,-3.141592,DRIVE_LANE,3,NONE,-4.9955,-4.9955,+X
161.2960,-0.968739,-8.600180,-3.141592,DRIVE_LANE,3,NONE,-4.9955,-4.9955,+X
161.3120,-0.960746,-8.600180,-3.141592,DRIVE_LANE,3,NONE,-4.9955,-4.9955,+X
161.3280,-0.952753,-8.600180,-3.141592,DRIVE_LANE,3,NONE,-4.9955,-4.9955,+X
161.3440,-0.944760,-8.600180,-3.141592,DRIVE_LANE,3,NONE,-4.9955,-4.9955,+X
161.3600,-0.936768,-8.600180,-3.141592,DRIVE_LANE,3,NONE,-4.9955,-4.9955,+X
161.3760,-0.928775,-8.600180,-3.141592,DRIVE_LANE,3,NONE,-4.9955,-4.9955,+X
161.3920,-0.920782,-8.600180,-3.141592,DRIVE_LANE,3,NONE,-4.9955,-4.9955,+X
161.4080,-0.912789,-8.600180,-3.141592,DRIVE_LANE,3,NONE,-4.9955,-4.9955,+X
161.4240,-0.904796,-8.600180,-3.141592,DRIVE_LANE,3,NONE,-4.9955,-4.9955,+X
161.4400,-0.896803,-8.600180,-3.141592,DRIVE_LANE,3,NONE,-4.9955,-4.9955,+X
161.4560,-0.888811,-8.600180,-3.141592,DRIVE_LANE,3,NONE,-4.9955,-4.9955,+X
161.4720,-0.880818,-8.600180,-3.141592,DRIVE_LANE,3,NONE,-4.9955,-4.9955,+X
161.4880,-0.872825,-8.600180,-3.141592,DRIVE_LANE,3,NONE,-4.9955,-4.9955,+X
161.5040,-0.864832,-8.600180,-3.141592,DRIVE_LANE,3,NONE,-4.9955,-4.9955,+X
161.5200,-0.856839,-8.600180,-3.141592,DRIVE_LANE,3,NONE,-4.9955,-4.9955,+X
161.5360,-0.848846,-8.600180,-3.141592,DRIVE_LANE,3,NONE,-4.9955,-4.9955,+X
161.5520,-0.840853,-8.600180,-3.141592,DRIVE_LANE,3,NONE,-4.9955,-4.9955,+X
161.5680,-0.832861,-8.600180,-3.141592,DRIVE_LANE,3,NONE,-4.9955,-4.9955,+X
161.5840,-0.824868,-8.600180,-3.141592,DRIVE_LANE,3,NONE,-4.9955,-4.9955,+X
161.6000,-0.816875,-8.600180,-3.141592,DRIVE_LANE,3,NONE,-4.9955,-4.9955,+X
161.6160,-0.808882,-8.600180,-3.141592,DRIVE_LANE,3,NONE,-4.9955,-4.9955,+X
161.6320,-0.800889,-8.600179,-3.141592,DRIVE_LANE,3,NONE,-4.9955,-4.9955,+X
161.6480,-0.792896,-8.600179,-3.141592,DRIVE_LANE,3,NONE,-4.9955,-4.9955,+X
161.6640,-0.784904,-8.600179,-3.141592,DRIVE_LANE,3,NONE,-4.9955,-4.9955,+X
161.6800,-0.776911,-8.600179,-3.141592,DRIVE_LANE,3,NONE,-4.9955,-4.9955,+X
161.6960,-0.768918,-8.600179,-3.141592,DRIVE_LANE,3,NONE,-4.9955,-4.9955,+X
161.7120,-0.760925,-8.600179,-3.141592,DRIVE_LANE,3,NONE,-4.9955,-4.9955,+X
161.7280,-0.752932,-8.600179,-3.141592,DRIVE_LANE,3,NONE,-4.9955,-4.9955,+X
161.7440,-0.744939,-8.600179,-3.141592,DRIVE_LANE,3,NONE,-4.9955,-4.9955,+X
161.7600,-0.736946,-8.600179,-3.141592,DRIVE_LANE,3,NONE,-4.9955,-4.9955,+X
161.7760,-0.728954,-8.600179,-3.141592,DRIVE_LANE,3,NONE,-4.9955,-4.9955,+X
161.7920,-0.720961,-8.600179,-3.141592,DRIVE_LANE,3,NONE,-4.9955,-4.9955,+X
161.8080,-0.712968,-8.600179,-3.141592,DRIVE_LANE,3,NONE,-4.9955,-4.9955,+X
161.8240,-0.704975,-8.600179,-3.141592,DRIVE_LANE,3,NONE,-4.9955,-4.9955,+X
161.8400,-0.696982,-8.600179,-3.141592,DRIVE_LANE,3,NONE,-4.9955,-4.9955,+X
161.8560,-0.688989,-8.600179,-3.141592,DRIVE_LANE,3,NONE,-4.9955,-4.9955,+X
161.8720,-0.680997,-8.600179,-3.141592,DRIVE_LANE,3,NONE,-4.9955,-4.9955,+X
161.8880,-0.673004,-8.600179,-3.141592,DRIVE_LANE,3,NONE,-4.9955,-4.9955,+X
161.9040,-0.665011,-8.600179,-3.141592,DRIVE_LANE,3,NONE,-4.9955,-4.9955,+X
161.9200,-0.657018,-8.600179,-3.141592,DRIVE_LANE,3,NONE,-4.9955,-4.9955,+X
161.9360,-0.649025,-8.600179,-3.141592,DRIVE_LANE,3,NONE,-4.9955,-4.9955,+X
161.9520,-0.641032,-8.600179,-3.141592,DRIVE_LANE,3,NONE,-4.9955,-4.9955,+X
161.9680,-0.633039,-8.600179,-3.141592,DRIVE_LANE,3,NONE,-4.9955,-4.9955,+X
161.9840,-0.625047,-8.600179,-3.141592,DRIVE_LANE,3,NONE,-4.9955,-4.9955,+X
162.0000,-0.617054,-8.600179,-3.141592,DRIVE_LANE,3,NONE,-4.9955,-4.9955,+X
162.0160,-0.609061,-8.600179,-3.141592,DRIVE_LANE,3,NONE,-4.9955,-4.9955,+X
162.0320,-0.601068,-8.600179,-3.141592,DRIVE_LANE,3,NONE,-4.9955,-4.9955,+X
162.0480,-0.593075,-8.600179,-3.141592,DRIVE_LANE,3,NONE,-4.9955,-4.9955,+X
162.0640,-0.585082,-8.600179,-3.141592,DRIVE_LANE,3,NONE,-4.9955,-4.9955,+X
162.0800,-0.577089,-8.600179,-3.141592,DRIVE_LANE,3,NONE,-4.9955,-4.9955,+X
162.0960,-0.569097,-8.600179,-3.141592,DRIVE_LANE,3,NONE,-4.9955,-4.9955,+X
162.1120,-0.561104,-8.600179,-3.141592,DRIVE_LANE,3,NONE,-4.9955,-4.9955,+X
162.1280,-0.553111,-8.600179,-3.141592,DRIVE_LANE,3,NONE,-4.9955,-4.9955,+X
162.1440,-0.545118,-8.600179,-3.141592,DRIVE_LANE,3,NONE,-4.9955,-4.9955,+X
162.1600,-0.537125,-8.600179,-3.141592,DRIVE_LANE,3,NONE,-4.9955,-4.9955,+X
162.1760,-0.529132,-8.600179,-3.141592,DRIVE_LANE,3,NONE,-4.9955,-4.9955,+X
162.1920,-0.521139,-8.600179,-3.141592,DRIVE_LANE,3,NONE,-4.9955,-4.9955,+X
162.2080,-0.513147,-8.600179,-3.141592,DRIVE_LANE,3,NONE,-4.9955,-4.9955,+X
162.2240,-0.505154,-8.600179,-3.141592,DRIVE_LANE,3,NONE,-4.9955,-4.9955,+X
162.2400,-0.497161,-8.600179,-3.141592,DRIVE_LANE,3,NONE,-4.9955,-4.9955,+X
162.2560,-0.489168,-8.600179,-3.141592,DRIVE_LANE,3,NONE,-4.9955,-4.9955,+X
162.2720,-0.481175,-8.600179,-3.141592,DRIVE_LANE,3,NONE,-4.9955,-4.9955,+X
162.2880,-0.473182,-8.600179,-3.141592,DRIVE_LANE,3,NONE,-4.9955,-4.9955,+X
162.3040,-0.465189,-8.600179,-3.141592,DRIVE_LANE,3,NONE,-4.9955,-4.9955,+X
162.3200,-0.457197,-8.600179,-3.141592,DRIVE_LANE,3,NONE,-4.9955,-4.9955,+X
162.3360,-0.449204,-8.600179,-3.141592,DRIVE_LANE,3,NONE,-4.9955,-4.9955,+X
162.3520,-0.441211,-8.600179,-3.141592,DRIVE_LANE,3,NONE,-4.9955,-4.9955,+X
162.3680,-0.433218,-8.600179,-3.141592,DRIVE_LANE,3,NONE,-4.9955,-4.9955,+X
162.3840,-0.425225,-8.600179,-3.141592,DRIVE_LANE,3,NONE,-4.9955,-4.9955,+X
162.4000,-0.417232,-8.600179,-3.141592,DRIVE_LANE,3,NONE,-4.9955,-4.9955,+X
162.4160,-0.409240,-8.600179,-3.141592,DRIVE_LANE,3,NONE,-4.9955,-4.9955,+X
162.4320,-0.401247,-8.600179,-3.141592,DRIVE_LANE,3,NONE,-4.9955,-4.9955,+X
162.4480,-0.393254,-8.600179,-3.141592,DRIVE_LANE,3,NONE,-4.9955,-4.9955,+X
162.4640,-0.385261,-8.600179,-3.141592,DRIVE_LANE,3,NONE,-4.9955,-4.9955,+X
162.4800,-0.377268,-8.600179,-3.141592,DRIVE_LANE,3,NONE,-4.9955,-4.9955,+X
162.4960,-0.369275,-8.600179,-3.141592,DRIVE_LANE,3,NONE,-4.9955,-4.9955,+X
162.5120,-0.361282,-8.600179,-3.141592,DRIVE_LANE,3,NONE,-4.9955,-4.9955,+X
162.5280,-0.353290,-8.600179,-3.141592,DRIVE_LANE,3,NONE,-4.9955,-4.9955,+X
162.5440,-0.345297,-8.600179,-3.141592,DRIVE_LANE,3,NONE,-4.9955,-4.9955,+X
162.5600,-0.337304,-8.600179,-3.141592,DRIVE_LANE,3,NONE,-4.9955,-4.9955,+X
162.5760,-0.329311,-8.600179,-3.141592,DRIVE_LANE,3,NONE,-4.9955,-4.9955,+X
162.5920,-0.321318,-8.600179,-3.141592,DRIVE_LANE,3,NONE,-4.9955,-4.9955,+X
162.6080,-0.313325,-8.600179,-3.141592,DRIVE_LANE,3,NONE,-4.9955,-4.9955,+X
162.6240,-0.305332,-8.600179,-3.141592,DRIVE_LANE,3,NONE,-4.9955,-4.9955,+X
162.6400,-0.297339,-8.600179,-3.141592,DRIVE_LANE,3,NONE,-4.9955,-4.9955,+X
162.6560,-0.289347,-8.600179,-3.141592,DRIVE_LANE,3,NONE,-4.9955,-4.9955,+X
162.6720,-0.281354,-8.600179,-3.141592,DRIVE_LANE,3,NONE,-4.9955,-4.9955,+X
162.6880,-0.273361,-8.600179,-3.141592,DRIVE_LANE,3,NONE,-4.9955,-4.9955,+X
162.7040,-0.265368,-8.600179,-3.141592,DRIVE_LANE,3,NONE,-4.9955,-4.9955,+X
162.7200,-0.257375,-8.600179,-3.141592,DRIVE_LANE,3,NONE,-4.9955,-4.9955,+X
162.7360,-0.249382,-8.600179,-3.141592,DRIVE_LANE,3,NONE,-4.9955,-4.9955,+X
162.7520,-0.241389,-8.600179,-3.141592,DRIVE_LANE,3,NONE,-4.9955,-4.9955,+X
162.7680,-0.233397,-8.600179,-3.141592,DRIVE_LANE,3,NONE,-4.9955,-4.9955,+X
162.7840,-0.225404,-8.600179,-3.141592,DRIVE_LANE,3,NONE,-4.9955,-4.9955,+X
162.8000,-0.217411,-8.600179,-3.141592,DRIVE_LANE,3,NONE,-4.9955,-4.9955,+X
162.8160,-0.209418,-8.600179,-3.141592,DRIVE_LANE,3,NONE,-4.9955,-4.9955,+X
162.8320,-0.201425,-8.600179,-3.141592,DRIVE_LANE,3,NONE,-4.9955,-4.9955,+X
162.8480,-0.193432,-8.600179,-3.141592,DRIVE_LANE,3,NONE,-4.9955,-4.9955,+X
162.8640,-0.185439,-8.600179,-3.141592,DRIVE_LANE,3,NONE,-4.9955,-4.9955,+X
162.8800,-0.177447,-8.600179,-3.141592,DRIVE_LANE,3,NONE,-4.9955,-4.9955,+X
162.8960,-0.169454,-8.600179,-3.141592,DRIVE_LANE,3,NONE,-4.9955,-4.9955,+X
162.9120,-0.161461,-8.600179,-3.141592,DRIVE_LANE,3,NONE,-4.9955,-4.9955,+X
162.9280,-0.153468,-8.600179,-3.141592,DRIVE_LANE,3,NONE,-4.9955,-4.9955,+X
162.9440,-0.145475,-8.600179,-3.141592,DRIVE_LANE,3,NONE,-4.9955,-4.9955,+X
162.9600,-0.137482,-8.600179,-3.141592,DRIVE_LANE,3,NONE,-4.9955,-4.9955,+X
162.9760,-0.129489,-8.600179,-3.141592,DRIVE_LANE,3,NONE,-4.9955,-4.9955,+X
162.9920,-0.121497,-8.600179,-3.141592,DRIVE_LANE,3,NONE,-4.9955,-4.9955,+X
163.0080,-0.113504,-8.600179,-3.141592,DRIVE_LANE,3,NONE,-4.9955,-4.9955,+X
163.0240,-0.105511,-8.600179,-3.141592,DRIVE_LANE,3,NONE,-4.9955,-4.9955,+X
163.0400,-0.097518,-8.600179,-3.141592,DRIVE_LANE,3,NONE,-4.9955,-4.9955,+X
163.0560,-0.089525,-8.600179,-3.141592,DRIVE_LANE,3,NONE,-4.9955,-4.9955,+X
163.0720,-0.081532,-8.600179,-3.141592,DRIVE_LANE,3,NONE,-4.9955,-4.9955,+X
163.0880,-0.073539,-8.600179,-3.141592,DRIVE_LANE,3,NONE,-4.9955,-4.9955,+X
163.1040,-0.065547,-8.600179,-3.141592,DRIVE_LANE,3,NONE,-4.9955,-4.9955,+X
163.1200,-0.057554,-8.600179,-3.141592,DRIVE_LANE,3,NONE,-4.9955,-4.9955,+X
163.1360,-0.049561,-8.600179,-3.141592,DRIVE_LANE,3,NONE,-4.9955,-4.9955,+X
163.1520,-0.041568,-8.600179,-3.141592,DRIVE_LANE,3,NONE,-4.9955,-4.9955,+X
163.1680,-0.033575,-8.600179,-3.141592,DRIVE_LANE,3,NONE,-4.9955,-4.9955,+X
163.1840,-0.025582,-8.600179,-3.141592,DRIVE_LANE,3,NONE,-4.9955,-4.9955,+X
163.2000,-0.017589,-8.600179,-3.141592,DRIVE_LANE,3,NONE,-4.9955,-4.9955,+X
163.2160,-0.009596,-8.600179,-3.141592,DRIVE_LANE,3,NONE,-4.9955,-4.9955,+X
163.2320,-0.001604,-8.600179,-3.141592,DRIVE_LANE,3,NONE,-4.9955,-4.9955,+X
163.2480,0.006389,-8.600179,-3.141592,DRIVE_LANE,3,NONE,-4.9955,-4.9955,+X
163.2640,0.014382,-8.600179,-3.141592,DRIVE_LANE,3,NONE,-4.9955,-4.9955,+X
163.2800,0.022375,-8.600179,-3.141592,DRIVE_LANE,3,NONE,-4.9955,-4.9955,+X
163.2960,0.030368,-8.600179,-3.141592,DRIVE_LANE,3,NONE,-4.9955,-4.9955,+X
163.3120,0.038361,-8.600179,-3.141592,DRIVE_LANE,3,NONE,-4.9955,-4.9955,+X
163.3280,0.046354,-8.600179,-3.141592,DRIVE_LANE,3,NONE,-4.9955,-4.9955,+X
163.3440,0.054346,-8.600179,-3.141592,DRIVE_LANE,3,NONE,-4.9955,-4.9955,+X
163.3600,0.062339,-8.600179,-3.141592,DRIVE_LANE,3,NONE,-4.9955,-4.9955,+X
163.3760,0.070332,-8.600179,-3.141592,DRIVE_LANE,3,NONE,-4.9955,-4.9955,+X
163.3920,0.078325,-8.600179,-3.141592,DRIVE_LANE,3,NONE,-4.9955,-4.9955,+X
163.4080,0.086318,-8.600179,-3.141592,DRIVE_LANE,3,NONE,-4.9955,-4.9955,+X
163.4240,0.094311,-8.600179,-3.141592,DRIVE_LANE,3,NONE,-4.9955,-4.9955,+X
163.4400,0.102304,-8.600179,-3.141592,DRIVE_LANE,3,NONE,-4.9955,-4.9955,+X
163.4560,0.110297,-8.600179,-3.141592,DRIVE_LANE,3,NONE,-4.9955,-4.9955,+X
163.4720,0.118289,-8.600179,-3.141592,DRIVE_LANE,3,NONE,-4.9955,-4.9955,+X
163.4880,0.126282,-8.600179,-3.141592,DRIVE_LANE,3,NONE,-4.9955,-4.9955,+X
163.5040,0.134275,-8.600179,-3.141592,DRIVE_LANE,3,NONE,-4.9955,-4.9955,+X
163.5200,0.142268,-8.600179,-3.141592,DRIVE_LANE,3,NONE,-4.9955,-4.9955,+X
163.5360,0.150261,-8.600179,-3.141592,DRIVE_LANE,3,NONE,-4.9955,-4.9955,+X
163.5520,0.158254,-8.600179,-3.141592,DRIVE_LANE,3,NONE,-4.9955,-4.9955,+X
163.5680,0.166247,-8.600179,-3.141592,DRIVE_LANE,3,NONE,-4.9955,-4.9955,+X
163.5840,0.174240,-8.600179,-3.141592,DRIVE_LANE,3,NONE,-4.9955,-4.9955,+X
163.6000,0.182232,-8.600179,-3.141592,DRIVE_LANE,3,NONE,-4.9955,-4.9955,+X
163.6160,0.190225,-8.600179,-3.141592,DRIVE_LANE,3,NONE,-4.9955,-4.9955,+X
163.6320,0.198218,-8.600179,-3.141592,DRIVE_LANE,3,NONE,-4.9955,-4.9955,+X
163.6480,0.206211,-8.600179,-3.141592,DRIVE_LANE,3,NONE,-4.9955,-4.9955,+X
163.6640,0.214204,-8.600179,-3.141592,DRIVE_LANE,3,NONE,-4.9955,-4.9955,+X
163.6800,0.222197,-8.600179,-3.141592,DRIVE_LANE,3,NONE,-4.9955,-4.9955,+X
163.6960,0.230190,-8.600179,-3.141592,DRIVE_LANE,3,NONE,-4.9955,-4.9955,+X
163.7120,0.238182,-8.600179,-3.141592,DRIVE_LANE,3,NONE,-4.9955,-4.9955,+X
163.7280,0.246175,-8.600179,-3.141592,DRIVE_LANE,3,NONE,-4.9955,-4.9955,+X
163.7440,0.254168,-8.600179,-3.141592,DRIVE_LANE,3,NONE,-4.9955,-4.9955,+X
163.7600,0.262161,-8.600179,-3.141592,DRIVE_LANE,3,NONE,-4.9955,-4.9955,+X
163.7760,0.270154,-8.600179,-3.141592,DRIVE_LANE,3,NONE,-4.9955,-4.9955,+X
163.7920,0.278147,-8.600179,-3.141592,DRIVE_LANE,3,NONE,-4.9955,-4.9955,+X
163.8080,0.286140,-8.600179,-3.141592,DRIVE_LANE,3,NONE,-4.9955,-4.9955,+X
163.8240,0.294133,-8.600179,-3.141592,DRIVE_LANE,3,NONE,-4.9955,-4.9955,+X
163.8400,0.302125,-8.600179,-3.141592,DRIVE_LANE,3,NONE,-4.9955,-4.9955,+X
163.8560,0.310118,-8.600179,-3.141592,DRIVE_LANE,3,NONE,-4.9955,-4.9955,+X
163.8720,0.318111,-8.600179,-3.141592,DRIVE_LANE,3,NONE,-4.9955,-4.9955,+X
163.8880,0.326104,-8.600179,-3.141592,DRIVE_LANE,3,NONE,-4.9955,-4.9955,+X
163.9040,0.334097,-8.600179,-3.141592,DRIVE_LANE,3,NONE,-4.9955,-4.9955,+X
163.9200,0.342090,-8.600179,-3.141592,DRIVE_LANE,3,NONE,-4.9955,-4.9955,+X
163.9360,0.350083,-8.600179,-3.141592,DRIVE_LANE,3,NONE,-4.9955,-4.9955,+X
163.9520,0.358076,-8.600179,-3.141592,DRIVE_LANE,3,NONE,-4.9955,-4.9955,+X
163.9680,0.366068,-8.600179,-3.141592,DRIVE_LANE,3,NONE,-4.9955,-4.9955,+X
163.9840,0.374061,-8.600179,-3.141592,DRIVE_LANE,3,NONE,-4.9955,-4.9955,+X
164.0000,0.382054,-8.600179,-3.141592,DRIVE_LANE,3,NONE,-4.9955,-4.9955,+X
164.0160,0.390047,-8.600179,-3.141592,DRIVE_LANE,3,NONE,-4.9955,-4.9955,+X
164.0320,0.398040,-8.600179,-3.141592,DRIVE_LANE,3,NONE,-4.9955,-4.9955,+X
164.0480,0.406033,-8.600179,-3.141592,DRIVE_LANE,3,NONE,-4.9955,-4.9955,+X
164.0640,0.414026,-8.600179,-3.141592,DRIVE_LANE,3,NONE,-4.9955,-4.9955,+X
164.0800,0.422019,-8.600179,-3.141592,DRIVE_LANE,3,NONE,-4.9955,-4.9955,+X
164.0960,0.430011,-8.600179,-3.141592,DRIVE_LANE,3,NONE,-4.9955,-4.9955,+X
164.1120,0.438004,-8.600179,-3.141592,DRIVE_LANE,3,NONE,-4.9955,-4.9955,+X
164.1280,0.445997,-8.600179,-3.141592,DRIVE_LANE,3,NONE,-4.9955,-4.9955,+X
164.1440,0.453990,-8.600179,-3.141592,DRIVE_LANE,3,NONE,-4.9955,-4.9955,+X
164.1600,0.461983,-8.600179,-3.141592,DRIVE_LANE,3,NONE,-4.9955,-4.9955,+X
164.1760,0.469976,-8.600179,-3.141592,DRIVE_LANE,3,NONE,-4.9955,-4.9955,+X
164.1920,0.477969,-8.600179,-3.141592,DRIVE_LANE,3,NONE,-4.9955,-4.9955,+X
164.2080,0.485962,-8.600179,-3.141592,DRIVE_LANE,3,NONE,-4.9955,-4.9955,+X
164.2240,0.493954,-8.600179,-3.141592,DRIVE_LANE,3,NONE,-4.9955,-4.9955,+X
164.2400,0.501947,-8.600179,-3.141592,DRIVE_LANE,3,NONE,-4.9955,-4.9955,+X
164.2560,0.509940,-8.600179,-3.141592,DRIVE_LANE,3,NONE,-4.9955,-4.9955,+X
164.2720,0.517933,-8.600179,-3.141592,DRIVE_LANE,3,NONE,-4.9955,-4.9955,+X
164.2880,0.525926,-8.600179,-3.141592,DRIVE_LANE,3,NONE,-4.9955,-4.9955,+X
164.3040,0.533919,-8.600179,-3.141592,DRIVE_LANE,3,NONE,-4.9955,-4.9955,+X
164.3200,0.541912,-8.600179,-3.141592,DRIVE_LANE,3,NONE,-4.9955,-4.9955,+X
164.3360,0.549905,-8.600179,-3.141592,DRIVE_LANE,3,NONE,-4.9955,-4.9955,+X
164.3520,0.557897,-8.600179,-3.141592,DRIVE_LANE,3,NONE,-4.9955,-4.9955,+X
164.3680,0.565890,-8.600179,-3.141592,DRIVE_LANE,3,NONE,-4.9955,-4.9955,+X
164.3840,0.573883,-8.600179,-3.141592,DRIVE_LANE,3,NONE,-4.9955,-4.9955,+X
164.4000,0.581876,-8.600179,-3.141592,DRIVE_LANE,3,NONE,-4.9955,-4.9955,+X
164.4160,0.589869,-8.600179,-3.141592,DRIVE_LANE,3,NONE,-4.9956,-4.9956,+X
164.4320,0.597862,-8.600179,-3.141592,DRIVE_LANE,3,NONE,-4.9956,-4.9956,+X
164.4480,0.605855,-8.600179,-3.141592,DRIVE_LANE,3,NONE,-4.9956,-4.9956,+X
164.4640,0.613848,-8.600178,-3.141592,DRIVE_LANE,3,NONE,-4.9956,-4.9956,+X
164.4800,0.621841,-8.600178,-3.141592,DRIVE_LANE,3,NONE,-4.9956,-4.9956,+X
164.4960,0.629833,-8.600178,-3.141592,DRIVE_LANE,3,NONE,-4.9956,-4.9956,+X
164.5120,0.637826,-8.600178,-3.141592,DRIVE_LANE,3,NONE,-4.9956,-4.9956,+X
164.5280,0.645819,-8.600178,-3.141592,DRIVE_LANE,3,NONE,-4.9956,-4.9956,+X
164.5440,0.653812,-8.600178,-3.141592,DRIVE_LANE,3,NONE,-4.9956,-4.9956,+X
164.5600,0.661805,-8.600178,-3.141592,DRIVE_LANE,3,NONE,-4.9956,-4.9956,+X
164.5760,0.669798,-8.600178,-3.141592,DRIVE_LANE,3,NONE,-4.9956,-4.9956,+X
164.5920,0.677791,-8.600178,-3.141592,DRIVE_LANE,3,NONE,-4.9956,-4.9956,+X
164.6080,0.685784,-8.600178,-3.141592,DRIVE_LANE,3,NONE,-4.9956,-4.9956,+X
164.6240,0.693776,-8.600178,-3.141592,DRIVE_LANE,3,NONE,-4.9956,-4.9956,+X
164.6400,0.701769,-8.600178,-3.141592,DRIVE_LANE,3,NONE,-4.9956,-4.9956,+X
164.6560,0.709762,-8.600178,-3.141592,DRIVE_LANE,3,NONE,-4.9956,-4.9956,+X
164.6720,0.717755,-8.600178,-3.141592,DRIVE_LANE,3,NONE,-4.9956,-4.9956,+X
164.6880,0.725748,-8.600178,-3.141592,DRIVE_LANE,3,NONE,-4.9956,-4.9956,+X
164.7040,0.733741,-8.600178,-3.141592,DRIVE_LANE,3,NONE,-4.9956,-4.9956,+X
164.7200,0.741734,-8.600178,-3.141592,DRIVE_LANE,3,NONE,-4.9956,-4.9956,+X
164.7360,0.749727,-8.600178,-3.141592,DRIVE_LANE,3,NONE,-4.9956,-4.9956,+X
164.7520,0.757720,-8.600178,-3.141592,DRIVE_LANE,3,NONE,-4.9956,-4.9956,+X
164.7680,0.765712,-8.600178,-3.141592,DRIVE_LANE,3,NONE,-4.9956,-4.9956,+X
164.7840,0.773705,-8.600178,-3.141592,DRIVE_LANE,3,NONE,-4.9956,-4.9956,+X
164.8000,0.781698,-8.600178,-3.141592,DRIVE_LANE,3,NONE,-4.9956,-4.9956,+X
164.8160,0.789691,-8.600178,-3.141592,DRIVE_LANE,3,NONE,-4.9956,-4.9956,+X
164.8320,0.797684,-8.600178,-3.141592,DRIVE_LANE,3,NONE,-4.9956,-4.9956,+X
164.8480,0.805677,-8.600178,-3.141592,DRIVE_LANE,3,NONE,-4.9956,-4.9956,+X
164.8640,0.813670,-8.600178,-3.141592,DRIVE_LANE,3,NONE,-4.9956,-4.9956,+X
164.8800,0.821663,-8.600178,-3.141592,DRIVE_LANE,3,NONE,-4.9956,-4.9956,+X
164.8960,0.829655,-8.600178,-3.141592,DRIVE_LANE,3,NONE,-4.9956,-4.9956,+X
164.9120,0.837648,-8.600178,-3.141592,DRIVE_LANE,3,NONE,-4.9956,-4.9956,+X
164.9280,0.845641,-8.600178,-3.141592,DRIVE_LANE,3,NONE,-4.9956,-4.9956,+X
164.9440,0.853634,-8.600178,-3.141592,DRIVE_LANE,3,NONE,-4.9956,-4.9956,+X
164.9600,0.861627,-8.600178,-3.141592,DRIVE_LANE,3,NONE,-4.9956,-4.9956,+X
164.9760,0.869620,-8.600178,-3.141592,DRIVE_LANE,3,NONE,-4.9956,-4.9956,+X
164.9920,0.877613,-8.600178,-3.141592,DRIVE_LANE,3,NONE,-4.9956,-4.9956,+X
165.0080,0.885606,-8.600178,-3.141592,DRIVE_LANE,3,NONE,-4.9956,-4.9956,+X
165.0240,0.893599,-8.600178,-3.141592,DRIVE_LANE,3,NONE,-4.9956,-4.9956,+X
165.0400,0.901591,-8.600178,-3.141592,DRIVE_LANE,3,NONE,-4.9956,-4.9956,+X
165.0560,0.909584,-8.600178,-3.141592,DRIVE_LANE,3,NONE,-4.9956,-4.9956,+X
165.0720,0.917577,-8.600178,-3.141592,DRIVE_LANE,3,NONE,-4.9956,-4.9956,+X
165.0880,0.925570,-8.600178,-3.141592,DRIVE_LANE,3,NONE,-4.9956,-4.9956,+X
165.1040,0.933563,-8.600178,-3.141592,DRIVE_LANE,3,NONE,-4.9956,-4.9956,+X
165.1200,0.941556,-8.600178,-3.141592,DRIVE_LANE,3,NONE,-4.9956,-4.9956,+X
165.1360,0.949549,-8.600178,-3.141592,DRIVE_LANE,3,NONE,-4.9956,-4.9956,+X
165.1520,0.957542,-8.600178,-3.141592,DRIVE_LANE,3,NONE,-4.9956,-4.9956,+X
165.1680,0.965535,-8.600178,-3.141592,DRIVE_LANE,3,NONE,-4.9956,-4.9956,+X
165.1840,0.973527,-8.600178,-3.141592,DRIVE_LANE,3,NONE,-4.9956,-4.9956,+X
165.2000,0.981520,-8.600178,-3.141592,DRIVE_LANE,3,NONE,-4.9956,-4.9956,+X
165.2160,0.989513,-8.600178,-3.141592,DRIVE_LANE,3,NONE,-4.9956,-4.9956,+X
165.2320,0.997506,-8.600178,-3.141592,DRIVE_LANE,3,NONE,-4.9956,-4.9956,+X
165.2480,1.005499,-8.600178,-3.141592,DRIVE_LANE,3,NONE,-4.9956,-4.9956,+X
165.2640,1.013492,-8.600178,-3.141592,DRIVE_LANE,3,NONE,-4.9956,-4.9956,+X
165.2800,1.021485,-8.600178,-3.141592,DRIVE_LANE,3,NONE,-4.9956,-4.9956,+X
165.2960,1.029478,-8.600178,-3.141592,DRIVE_LANE,3,NONE,-4.9956,-4.9956,+X
165.3120,1.037471,-8.600178,-3.141592,DRIVE_LANE,3,NONE,-4.9956,-4.9956,+X
165.3280,1.045463,-8.600178,-3.141592,DRIVE_LANE,3,NONE,-4.9956,-4.9956,+X
165.3440,1.053456,-8.600178,-3.141592,DRIVE_LANE,3,NONE,-4.9956,-4.9956,+X
165.3600,1.061449,-8.600178,-3.141592,DRIVE_LANE,3,NONE,-4.9956,-4.9956,+X
165.3760,1.069442,-8.600178,-3.141592,DRIVE_LANE,3,NONE,-4.9956,-4.9956,+X
165.3920,1.077435,-8.600178,-3.141592,DRIVE_LANE,3,NONE,-4.9956,-4.9956,+X
165.4080,1.085428,-8.600178,-3.141592,DRIVE_LANE,3,NONE,-4.9956,-4.9956,+X
165.4240,1.093421,-8.600178,-3.141592,DRIVE_LANE,3,NONE,-4.9956,-4.9956,+X
165.4400,1.101414,-8.600178,-3.141592,DRIVE_LANE,3,NONE,-4.9956,-4.9956,+X
165.4560,1.109407,-8.600178,-3.141592,DRIVE_LANE,3,NONE,-4.9956,-4.9956,+X
165.4720,1.117399,-8.600178,-3.141592,DRIVE_LANE,3,NONE,-4.9956,-4.9956,+X
165.4880,1.125392,-8.600178,-3.141592,DRIVE_LANE,3,NONE,-4.9956,-4.9956,+X
165.5040,1.133385,-8.600178,-3.141592,DRIVE_LANE,3,NONE,-4.9956,-4.9956,+X
165.5200,1.141378,-8.600178,-3.141592,DRIVE_LANE,3,NONE,-4.9956,-4.9956,+X
165.5360,1.149371,-8.600178,-3.141592,DRIVE_LANE,3,NONE,-4.9956,-4.9956,+X
165.5520,1.157364,-8.600178,-3.141592,DRIVE_LANE,3,NONE,-4.9956,-4.9956,+X
165.5680,1.165357,-8.600178,-3.141592,DRIVE_LANE,3,NONE,-4.9956,-4.9956,+X
165.5840,1.173350,-8.600178,-3.141592,DRIVE_LANE,3,NONE,-4.9956,-4.9956,+X
165.6000,1.181343,-8.600178,-3.141592,DRIVE_LANE,3,NONE,-4.9956,-4.9956,+X
165.6160,1.189336,-8.600178,-3.141592,DRIVE_LANE,3,NONE,-4.9956,-4.9956,+X
165.6320,1.197328,-8.600178,-3.141592,DRIVE_LANE,3,NONE,-4.9956,-4.9956,+X
165.6480,1.205321,-8.600178,-3.141592,DRIVE_LANE,3,NONE,-4.9956,-4.9956,+X
165.6640,1.213314,-8.600178,-3.141592,DRIVE_LANE,3,NONE,-4.9956,-4.9956,+X
165.6800,1.221307,-8.600178,-3.141592,DRIVE_LANE,3,NONE,-4.9956,-4.9956,+X
165.6960,1.229300,-8.600178,-3.141592,DRIVE_LANE,3,NONE,-4.9956,-4.9956,+X
165.7120,1.237293,-8.600178,-3.141592,DRIVE_LANE,3,NONE,-4.9956,-4.9956,+X
165.7280,1.245286,-8.600178,-3.141592,DRIVE_LANE,3,NONE,-4.9956,-4.9956,+X
165.7440,1.253279,-8.600178,-3.141592,DRIVE_LANE,3,NONE,-4.9956,-4.9956,+X
165.7600,1.261272,-8.600178,-3.141592,DRIVE_LANE,3,NONE,-4.9956,-4.9956,+X
165.7760,1.269264,-8.600178,-3.141592,DRIVE_LANE,3,NONE,-4.9956,-4.9956,+X
165.7920,1.277257,-8.600178,-3.141592,DRIVE_LANE,3,NONE,-4.9956,-4.9956,+X
165.8080,1.285250,-8.600178,-3.141592,DRIVE_LANE,3,NONE,-4.9956,-4.9956,+X
165.8240,1.293243,-8.600178,-3.141592,DRIVE_LANE,3,NONE,-4.9956,-4.9956,+X
165.8400,1.301236,-8.600178,-3.141592,DRIVE_LANE,3,NONE,-4.9956,-4.9956,+X
165.8560,1.309229,-8.600178,-3.141592,DRIVE_LANE,3,NONE,-4.9956,-4.9956,+X
165.8720,1.317222,-8.600178,-3.141592,DRIVE_LANE,3,NONE,-4.9956,-4.9956,+X
165.8880,1.325215,-8.600178,-3.141592,DRIVE_LANE,3,NONE,-4.9956,-4.9956,+X
165.9040,1.333208,-8.600178,-3.141592,DRIVE_LANE,3,NONE,-4.9956,-4.9956,+X
165.9200,1.341201,-8.600178,-3.141592,DRIVE_LANE,3,NONE,-4.9956,-4.9956,+X
165.9360,1.349193,-8.600178,-3.141592,DRIVE_LANE,3,NONE,-4.9956,-4.9956,+X
165.9520,1.357186,-8.600178,-3.141592,DRIVE_LANE,3,NONE,-4.9956,-4.9956,+X
165.9680,1.365179,-8.600178,-3.141592,DRIVE_LANE,3,NONE,-4.9956,-4.9956,+X
165.9840,1.373172,-8.600178,-3.141592,DRIVE_LANE,3,NONE,-4.9956,-4.9956,+X
166.0000,1.381165,-8.600178,-3.141592,DRIVE_LANE,3,NONE,-4.9956,-4.9956,+X
166.0160,1.389158,-8.600178,-3.141592,DRIVE_LANE,3,NONE,-4.9956,-4.9956,+X
166.0320,1.397151,-8.600178,-3.141592,DRIVE_LANE,3,NONE,-4.9956,-4.9956,+X
166.0480,1.405144,-8.600178,-3.141592,DRIVE_LANE,3,NONE,-4.9956,-4.9956,+X
166.0640,1.413137,-8.600178,-3.141592,DRIVE_LANE,3,NONE,-4.9956,-4.9956,+X
166.0800,1.421130,-8.600178,-3.141592,DRIVE_LANE,3,NONE,-4.9956,-4.9956,+X
166.0960,1.429122,-8.600178,-3.141592,DRIVE_LANE,3,NONE,-4.9956,-4.9956,+X
166.1120,1.437115,-8.600178,-3.141592,DRIVE_LANE,3,NONE,-4.9956,-4.9956,+X
166.1280,1.445108,-8.600178,-3.141592,DRIVE_LANE,3,NONE,-4.9956,-4.9956,+X
166.1440,1.453101,-8.600178,-3.141592,DRIVE_LANE,3,NONE,-4.9956,-4.9956,+X
166.1600,1.461094,-8.600178,-3.141592,DRIVE_LANE,3,NONE,-4.9956,-4.9956,+X
166.1760,1.469087,-8.600178,-3.141592,DRIVE_LANE,3,NONE,-4.9956,-4.9956,+X
166.1920,1.477080,-8.600178,-3.141592,DRIVE_LANE,3,NONE,-4.9956,-4.9956,+X
166.2080,1.485073,-8.600178,-3.141592,DRIVE_LANE,3,NONE,-4.9956,-4.9956,+X
166.2240,1.493066,-8.600178,-3.141592,DRIVE_LANE,3,NONE,-4.9956,-4.9956,+X
166.2400,1.501059,-8.600178,-3.141592,DRIVE_LANE,3,NONE,-4.9956,-4.9956,+X
166.2560,1.509051,-8.600178,-3.141592,DRIVE_LANE,3,NONE,-4.9956,-4.9956,+X
166.2720,1.517044,-8.600178,-3.141592,DRIVE_LANE,3,NONE,-4.9956,-4.9956,+X
166.2880,1.525037,-8.600178,-3.141592,DRIVE_LANE,3,NONE,-4.9956,-4.9956,+X
166.3040,1.533030,-8.600178,-3.141592,DRIVE_LANE,3,NONE,-4.9956,-4.9956,+X
166.3200,1.541023,-8.600178,-3.141592,DRIVE_LANE,3,NONE,-4.9956,-4.9956,+X
166.3360,1.549016,-8.600178,-3.141592,DRIVE_LANE,3,NONE,-4.9956,-4.9956,+X
166.3520,1.557009,-8.600178,-3.141592,DRIVE_LANE,3,NONE,-4.9956,-4.9956,+X
166.3680,1.565002,-8.600178,-3.141592,DRIVE_LANE,3,NONE,-4.9956,-4.9956,+X
166.3840,1.572995,-8.600178,-3.141592,DRIVE_LANE,3,NONE,-4.9956,-4.9956,+X
166.4000,1.580988,-8.600178,-3.141592,DRIVE_LANE,3,NONE,-4.9956,-4.9956,+X
166.4160,1.588980,-8.600178,-3.141592,DRIVE_LANE,3,NONE,-4.9956,-4.9956,+X
166.4320,1.596973,-8.600178,-3.141592,DRIVE_LANE,3,NONE,-4.9956,-4.9956,+X
166.4480,1.604966,-8.600178,-3.141592,DRIVE_LANE,3,NONE,-4.9956,-4.9956,+X
166.4640,1.612959,-8.600178,-3.141592,DRIVE_LANE,3,NONE,-4.9956,-4.9956,+X
166.4800,1.620952,-8.600178,-3.141592,DRIVE_LANE,3,NONE,-4.9956,-4.9956,+X
166.4960,1.628945,-8.600178,-3.141592,DRIVE_LANE,3,NONE,-4.9956,-4.9956,+X
166.5120,1.636938,-8.600178,-3.141592,DRIVE_LANE,3,NONE,-4.9956,-4.9956,+X
166.5280,1.644931,-8.600178,-3.141592,DRIVE_LANE,3,NONE,-4.9956,-4.9956,+X
166.5440,1.652924,-8.600178,-3.141592,DRIVE_LANE,3,NONE,-4.9956,-4.9956,+X
166.5600,1.660917,-8.600178,-3.141592,DRIVE_LANE,3,NONE,-4.9956,-4.9956,+X
166.5760,1.668909,-8.600178,-3.141592,DRIVE_LANE,3,NONE,-4.9956,-4.9956,+X
166.5920,1.676902,-8.600178,-3.141592,DRIVE_LANE,3,NONE,-4.9956,-4.9956,+X
166.6080,1.684895,-8.600178,-3.141592,DRIVE_LANE,3,NONE,-4.9956,-4.9956,+X
166.6240,1.692888,-8.600178,-3.141592,DRIVE_LANE,3,NONE,-4.9956,-4.9956,+X
166.6400,1.700881,-8.600178,-3.141592,DRIVE_LANE,3,NONE,-4.9956,-4.9956,+X
166.6560,1.708874,-8.600178,-3.141592,DRIVE_LANE,3,NONE,-4.9956,-4.9956,+X
166.6720,1.716867,-8.600178,-3.141592,DRIVE_LANE,3,NONE,-4.9956,-4.9956,+X
166.6880,1.724860,-8.600178,-3.141592,DRIVE_LANE,3,NONE,-4.9956,-4.9956,+X
166.7040,1.732853,-8.600178,-3.141592,DRIVE_LANE,3,NONE,-4.9956,-4.9956,+X
166.7200,1.740846,-8.600178,-3.141592,DRIVE_LANE,3,NONE,-4.9956,-4.9956,+X
166.7360,1.748839,-8.600178,-3.141592,DRIVE_LANE,3,NONE,-4.9956,-4.9956,+X
166.7520,1.756831,-8.600178,-3.141592,DRIVE_LANE,3,NONE,-4.9956,-4.9956,+X
166.7680,1.764824,-8.600178,-3.141592,DRIVE_LANE,3,NONE,-4.9956,-4.9956,+X
166.7840,1.772817,-8.600178,-3.141592,DRIVE_LANE,3,NONE,-4.9956,-4.9956,+X
166.8000,1.780810,-8.600178,-3.141592,DRIVE_LANE,3,NONE,-4.9956,-4.9956,+X
166.8160,1.788803,-8.600178,-3.141592,DRIVE_LANE,3,NONE,-4.9956,-4.9956,+X
166.8320,1.796796,-8.600178,-3.141592,DRIVE_LANE,3,NONE,-4.9956,-4.9956,+X
166.8480,1.804789,-8.600178,-3.141592,DRIVE_LANE,3,NONE,-4.9956,-4.9956,+X
166.8640,1.812782,-8.600178,-3.141592,DRIVE_LANE,3,NONE,-4.9956,-4.9956,+X
166.8800,1.820775,-8.600178,-3.141592,DRIVE_LANE,3,NONE,-4.9956,-4.9956,+X
166.8960,1.828768,-8.600178,-3.141592,DRIVE_LANE,3,NONE,-4.9956,-4.9956,+X
166.9120,1.836761,-8.600178,-3.141592,DRIVE_LANE,3,NONE,-4.9956,-4.9956,+X
166.9280,1.844753,-8.600178,-3.141592,DRIVE_LANE,3,NONE,-4.9956,-4.9956,+X
166.9440,1.852746,-8.600178,-3.141592,DRIVE_LANE,3,NONE,-4.9956,-4.9956,+X
166.9600,1.860739,-8.600178,-3.141592,DRIVE_LANE,3,NONE,-4.9956,-4.9956,+X
166.9760,1.868732,-8.600178,-3.141592,DRIVE_LANE,3,NONE,-4.9956,-4.9956,+X
166.9920,1.876725,-8.600178,-3.141592,DRIVE_LANE,3,NONE,-4.9956,-4.9956,+X
167.0080,1.884718,-8.600178,-3.141592,DRIVE_LANE,3,NONE,-4.9956,-4.9956,+X
167.0240,1.892711,-8.600178,-3.141592,DRIVE_LANE,3,NONE,-4.9956,-4.9956,+X
167.0400,1.900704,-8.600178,-3.141592,DRIVE_LANE,3,NONE,-4.9956,-4.9956,+X
167.0560,1.908697,-8.600178,-3.141592,DRIVE_LANE,3,NONE,-4.9956,-4.9956,+X
167.0720,1.916690,-8.600178,-3.141592,DRIVE_LANE,3,NONE,-4.9956,-4.9956,+X
167.0880,1.924683,-8.600178,-3.141592,DRIVE_LANE,3,NONE,-4.9956,-4.9956,+X
167.1040,1.932675,-8.600178,-3.141592,DRIVE_LANE,3,NONE,-4.9956,-4.9956,+X
167.1200,1.940668,-8.600178,-3.141592,DRIVE_LANE,3,NONE,-4.9956,-4.9956,+X
167.1360,1.948661,-8.600178,-3.141592,DRIVE_LANE,3,NONE,-4.9956,-4.9956,+X
167.1520,1.956654,-8.600178,-3.141592,DRIVE_LANE,3,NONE,-4.9956,-4.9956,+X
167.1680,1.964647,-8.600178,-3.141592,DRIVE_LANE,3,NONE,-4.9956,-4.9956,+X
167.1840,1.972640,-8.600178,-3.141592,DRIVE_LANE,3,NONE,-4.9956,-4.9956,+X
167.2000,1.980633,-8.600178,-3.141592,DRIVE_LANE,3,NONE,-4.9956,-4.9956,+X
167.2160,1.988626,-8.600178,-3.141592,DRIVE_LANE,3,NONE,-4.9956,-4.9956,+X
167.2320,1.996619,-8.600178,-3.141592,DRIVE_LANE,3,NONE,-4.9956,-4.9956,+X
167.2480,2.004612,-8.600178,-3.141592,DRIVE_LANE,3,NONE,-4.9956,-4.9956,+X
167.2640,2.012605,-8.600178,-3.141592,DRIVE_LANE,3,NONE,-4.9956,-4.9956,+X
167.2800,2.020597,-8.600178,-3.141592,DRIVE_LANE,3,NONE,-4.9956,-4.9956,+X
167.2960,2.028590,-8.600177,-3.141592,DRIVE_LANE,3,NONE,-4.9956,-4.9956,+X
167.3120,2.036583,-8.600177,-3.141592,DRIVE_LANE,3,NONE,-4.9956,-4.9956,+X
167.3280,2.044576,-8.600177,-3.141592,DRIVE_LANE,3,NONE,-4.9956,-4.9956,+X
167.3440,2.052569,-8.600177,-3.141592,DRIVE_LANE,3,NONE,-4.9956,-4.9956,+X
167.3600,2.060562,-8.600177,-3.141592,DRIVE_LANE,3,NONE,-4.9956,-4.9956,+X
167.3760,2.068555,-8.600177,-3.141592,DRIVE_LANE,3,NONE,-4.9956,-4.9956,+X
167.3920,2.076548,-8.600177,-3.141592,DRIVE_LANE,3,NONE,-4.9956,-4.9956,+X
167.4080,2.084541,-8.600177,-3.141592,DRIVE_LANE,3,NONE,-4.9956,-4.9956,+X
167.4240,2.092534,-8.600177,-3.141592,DRIVE_LANE,3,NONE,-4.9956,-4.9956,+X
167.4400,2.100527,-8.600177,-3.141592,DRIVE_LANE,3,NONE,-4.9956,-4.9956,+X
167.4560,2.108520,-8.600177,-3.141592,DRIVE_LANE,3,NONE,-4.9956,-4.9956,+X
167.4720,2.116512,-8.600177,-3.141592,DRIVE_LANE,3,NONE,-4.9956,-4.9956,+X
167.4880,2.124505,-8.600177,-3.141592,DRIVE_LANE,3,NONE,-4.9956,-4.9956,+X
167.5040,2.132498,-8.600177,-3.141592,DRIVE_LANE,3,NONE,-4.9956,-4.9956,+X
167.5200,2.140491,-8.600177,-3.141592,DRIVE_LANE,3,NONE,-4.9956,-4.9956,+X
167.5360,2.148484,-8.600177,-3.141592,DRIVE_LANE,3,NONE,-4.9956,-4.9956,+X
167.5520,2.156477,-8.600177,-3.141592,DRIVE_LANE,3,NONE,-4.9956,-4.9956,+X
167.5680,2.164470,-8.600177,-3.141592,DRIVE_LANE,3,NONE,-4.9956,-4.9956,+X
167.5840,2.172463,-8.600177,-3.141592,DRIVE_LANE,3,NONE,-4.9956,-4.9956,+X
167.6000,2.180456,-8.600177,-3.141592,DRIVE_LANE,3,NONE,-4.9956,-4.9956,+X
167.6160,2.188449,-8.600177,-3.141592,DRIVE_LANE,3,NONE,-4.9956,-4.9956,+X
167.6320,2.196442,-8.600177,-3.141592,DRIVE_LANE,3,NONE,-4.9956,-4.9956,+X
167.6480,2.204435,-8.600177,-3.141592,DRIVE_LANE,3,NONE,-4.9956,-4.9956,+X
167.6640,2.212427,-8.600177,-3.141592,DRIVE_LANE,3,NONE,-4.9956,-4.9956,+X
167.6800,2.220420,-8.600177,-3.141592,DRIVE_LANE,3,NONE,-4.9956,-4.9956,+X
167.6960,2.228413,-8.600177,-3.141592,DRIVE_LANE,3,NONE,-4.9956,-4.9956,+X
167.7120,2.236406,-8.600177,-3.141592,DRIVE_LANE,3,NONE,-4.9956,-4.9956,+X
167.7280,2.244399,-8.600177,-3.141592,DRIVE_LANE,3,NONE,-4.9956,-4.9956,+X
167.7440,2.252392,-8.600177,-3.141592,DRIVE_LANE,3,NONE,-4.9956,-4.9956,+X
167.7600,2.260385,-8.600177,-3.141592,DRIVE_LANE,3,NONE,-4.9956,-4.9956,+X
167.7760,2.268378,-8.600177,-3.141592,DRIVE_LANE,3,NONE,-4.9956,-4.9956,+X
167.7920,2.276371,-8.600177,-3.141592,DRIVE_LANE,3,NONE,-4.9956,-4.9956,+X
167.8080,2.284364,-8.600177,-3.141592,DRIVE_LANE,3,NONE,-4.9956,-4.9956,+X
167.8240,2.292357,-8.600177,-3.141592,DRIVE_LANE,3,NONE,-4.9956,-4.9956,+X
167.8400,2.300350,-8.600177,-3.141592,DRIVE_LANE,3,NONE,-4.9956,-4.9956,+X
167.8560,2.308342,-8.600177,-3.141592,DRIVE_LANE,3,NONE,-4.9956,-4.9956,+X
167.8720,2.316335,-8.600177,-3.141592,DRIVE_LANE,3,NONE,-4.9956,-4.9956,+X
167.8880,2.324328,-8.600177,-3.141592,DRIVE_LANE,3,NONE,-4.9956,-4.9956,+X
167.9040,2.332321,-8.600177,-3.141592,DRIVE_LANE,3,NONE,-4.9956,-4.9956,+X
167.9200,2.340314,-8.600177,-3.141592,DRIVE_LANE,3,NONE,-4.9956,-4.9956,+X
167.9360,2.348307,-8.600177,-3.141592,DRIVE_LANE,3,NONE,-4.9956,-4.9956,+X
167.9520,2.356300,-8.600177,-3.141592,DRIVE_LANE,3,NONE,-4.9956,-4.9956,+X
167.9680,2.364293,-8.600177,-3.141592,DRIVE_LANE,3,NONE,-4.9956,-4.9956,+X
167.9840,2.372286,-8.600177,-3.141592,DRIVE_LANE,3,NONE,-4.9956,-4.9956,+X
168.0000,2.380279,-8.600177,-3.141592,DRIVE_LANE,3,NONE,-4.9956,-4.9956,+X
168.0160,2.388272,-8.600177,-3.141592,DRIVE_LANE,3,NONE,-4.9956,-4.9956,+X
168.0320,2.396265,-8.600177,-3.141592,DRIVE_LANE,3,NONE,-4.9956,-4.9956,+X
168.0480,2.404258,-8.600177,-3.141592,DRIVE_LANE,3,NONE,-4.9956,-4.9956,+X
168.0640,2.412250,-8.600177,-3.141592,DRIVE_LANE,3,NONE,-4.9956,-4.9956,+X
168.0800,2.420243,-8.600177,-3.141592,DRIVE_LANE,3,NONE,-4.9956,-4.9956,+X
168.0960,2.428236,-8.600177,-3.141592,DRIVE_LANE,3,NONE,-4.9956,-4.9956,+X
168.1120,2.436229,-8.600177,-3.141592,DRIVE_LANE,3,NONE,-4.9956,-4.9956,+X
168.1280,2.444222,-8.600177,-3.141592,DRIVE_LANE,3,NONE,-4.9956,-4.9956,+X
168.1440,2.452215,-8.600177,-3.141592,DRIVE_LANE,3,NONE,-4.9956,-4.9956,+X
168.1600,2.460208,-8.600177,-3.141592,DRIVE_LANE,3,NONE,-4.9956,-4.9956,+X
168.1760,2.468201,-8.600177,-3.141592,DRIVE_LANE,3,NONE,-4.9956,-4.9956,+X
168.1920,2.476194,-8.600177,-3.141592,DRIVE_LANE,3,NONE,-4.9956,-4.9956,+X
168.2080,2.484187,-8.600177,-3.141592,DRIVE_LANE,3,NONE,-4.9956,-4.9956,+X
168.2240,2.492180,-8.600177,-3.141592,DRIVE_LANE,3,NONE,-4.9956,-4.9956,+X
168.2400,2.500173,-8.600177,-3.141592,DRIVE_LANE,3,NONE,-4.9956,-4.9956,+X
168.2560,2.508166,-8.600177,-3.141592,DRIVE_LANE,3,NONE,-4.9956,-4.9956,+X
168.2720,2.516158,-8.600177,-3.141592,DRIVE_LANE,3,NONE,-4.9956,-4.9956,+X
168.2880,2.524151,-8.600177,-3.141592,DRIVE_LANE,3,NONE,-4.9956,-4.9956,+X
168.3040,2.532144,-8.600177,-3.141592,DRIVE_LANE,3,NONE,-4.9956,-4.9956,+X
168.3200,2.540137,-8.600177,-3.141592,DRIVE_LANE,3,NONE,-4.9956,-4.9956,+X
168.3360,2.548130,-8.600177,-3.141592,DRIVE_LANE,3,NONE,-4.9956,-4.9956,+X
168.3520,2.556123,-8.600177,-3.141592,DRIVE_LANE,3,NONE,-4.9956,-4.9956,+X
168.3680,2.564116,-8.600177,-3.141592,DRIVE_LANE,3,NONE,-4.9956,-4.9956,+X
168.3840,2.572109,-8.600177,-3.141592,DRIVE_LANE,3,NONE,-4.9956,-4.9956,+X
168.4000,2.580102,-8.600177,-3.141592,DRIVE_LANE,3,NONE,-4.9956,-4.9956,+X
168.4160,2.588095,-8.600177,-3.141592,DRIVE_LANE,3,NONE,-4.9956,-4.9956,+X
168.4320,2.596088,-8.600177,-3.141592,DRIVE_LANE,3,NONE,-4.9956,-4.9956,+X
168.4480,2.604081,-8.600177,-3.141592,DRIVE_LANE,3,NONE,-4.9956,-4.9956,+X
168.4640,2.612074,-8.600177,-3.141592,DRIVE_LANE,3,NONE,-4.9956,-4.9956,+X
168.4800,2.620066,-8.600177,-3.141592,DRIVE_LANE,3,NONE,-4.9956,-4.9956,+X
168.4960,2.628059,-8.600177,-3.141592,DRIVE_LANE,3,NONE,-4.9956,-4.9956,+X
168.5120,2.636052,-8.600177,-3.141592,DRIVE_LANE,3,NONE,-4.9956,-4.9956,+X
168.5280,2.644045,-8.600177,-3.141592,DRIVE_LANE,3,NONE,-4.9956,-4.9956,+X
168.5440,2.652038,-8.600177,-3.141592,DRIVE_LANE,3,NONE,-4.9956,-4.9956,+X
168.5600,2.660031,-8.600177,-3.141592,DRIVE_LANE,3,NONE,-4.9956,-4.9956,+X
168.5760,2.668024,-8.600177,-3.141592,DRIVE_LANE,3,NONE,-4.9956,-4.9956,+X
168.5920,2.676017,-8.600177,-3.141592,DRIVE_LANE,3,NONE,-4.9956,-4.9956,+X
168.6080,2.684010,-8.600177,-3.141592,DRIVE_LANE,3,NONE,-4.9956,-4.9956,+X
168.6240,2.692003,-8.600177,-3.141592,DRIVE_LANE,3,NONE,-4.9956,-4.9956,+X
168.6400,2.699996,-8.600177,-3.141592,DRIVE_LANE,3,NONE,-4.9956,-4.9956,+X
168.6560,2.707989,-8.600177,-3.141592,DRIVE_LANE,3,NONE,-4.9956,-4.9956,+X
168.6720,2.715982,-8.600177,-3.141592,DRIVE_LANE,3,NONE,-4.9956,-4.9956,+X
168.6880,2.723975,-8.600177,-3.141592,DRIVE_LANE,3,NONE,-4.9956,-4.9956,+X
168.7040,2.731967,-8.600177,-3.141592,DRIVE_LANE,3,NONE,-4.9956,-4.9956,+X
168.7200,2.739960,-8.600177,-3.141592,DRIVE_LANE,3,NONE,-4.9956,-4.9956,+X
168.7360,2.747953,-8.600177,-3.141592,DRIVE_LANE,3,NONE,-4.9956,-4.9956,+X
168.7520,2.755946,-8.600177,-3.141592,DRIVE_LANE,3,NONE,-4.9956,-4.9956,+X
168.7680,2.763939,-8.600177,-3.141592,DRIVE_LANE,3,NONE,-4.9956,-4.9956,+X
168.7840,2.771932,-8.600177,-3.141592,DRIVE_LANE,3,NONE,-4.9956,-4.9956,+X
168.8000,2.779925,-8.600177,-3.141592,DRIVE_LANE,3,NONE,-4.9956,-4.9956,+X
168.8160,2.787918,-8.600177,-3.141592,DRIVE_LANE,3,NONE,-4.9956,-4.9956,+X
168.8320,2.795911,-8.600177,-3.141592,DRIVE_LANE,3,NONE,-4.9956,-4.9956,+X
168.8480,2.803904,-8.600177,-3.141592,DRIVE_LANE,3,NONE,-4.9956,-4.9956,+X
168.8640,2.811897,-8.600177,-3.141592,DRIVE_LANE,3,NONE,-4.9956,-4.9956,+X
168.8800,2.819890,-8.600177,-3.141592,DRIVE_LANE,3,NONE,-4.9956,-4.9956,+X
168.8960,2.827883,-8.600177,-3.141592,DRIVE_LANE,3,NONE,-4.9956,-4.9956,+X
168.9120,2.835876,-8.600177,-3.141592,DRIVE_LANE,3,NONE,-4.9956,-4.9956,+X
168.9280,2.843869,-8.600177,-3.141592,DRIVE_LANE,3,NONE,-4.9956,-4.9956,+X
168.9440,2.851861,-8.600177,-3.141592,DRIVE_LANE,3,NONE,-4.9956,-4.9956,+X
168.9600,2.859854,-8.600177,-3.141592,DRIVE_LANE,3,NONE,-4.9956,-4.9956,+X
168.9760,2.867847,-8.600177,-3.141592,DRIVE_LANE,3,NONE,-4.9956,-4.9956,+X
168.9920,2.875840,-8.600177,-3.141592,DRIVE_LANE,3,NONE,-4.9956,-4.9956,+X
169.0080,2.883833,-8.600177,-3.141592,DRIVE_LANE,3,NONE,-4.9956,-4.9956,+X
169.0240,2.891826,-8.600177,-3.141592,DRIVE_LANE,3,NONE,-4.9956,-4.9956,+X
169.0400,2.899819,-8.600177,-3.141592,DRIVE_LANE,3,NONE,-4.9956,-4.9956,+X
169.0560,2.907812,-8.600177,-3.141592,DRIVE_LANE,3,NONE,-4.9956,-4.9956,+X
169.0720,2.915805,-8.600177,-3.141592,DRIVE_LANE,3,NONE,-4.9956,-4.9956,+X
169.0880,2.923798,-8.600177,-3.141592,DRIVE_LANE,3,NONE,-4.9956,-4.9956,+X
169.1040,2.931791,-8.600177,-3.141592,DRIVE_LANE,3,NONE,-4.9956,-4.9956,+X
169.1200,2.939784,-8.600177,-3.141592,DRIVE_LANE,3,NONE,-4.9956,-4.9956,+X
169.1360,2.947777,-8.600177,-3.141592,DRIVE_LANE,3,NONE,-4.9956,-4.9956,+X
169.1520,2.955770,-8.600177,-3.141592,DRIVE_LANE,3,NONE,-4.9956,-4.9956,+X
169.1680,2.963763,-8.600177,-3.141592,DRIVE_LANE,3,NONE,-4.9956,-4.9956,+X
169.1840,2.971755,-8.600177,-3.141592,DRIVE_LANE,3,NONE,-4.9956,-4.9956,+X
169.2000,2.979748,-8.600177,-3.141592,DRIVE_LANE,3,NONE,-4.9956,-4.9956,+X
169.2160,2.987741,-8.600177,-3.141592,DRIVE_LANE,3,NONE,-4.9956,-4.9956,+X
169.2320,2.995734,-8.600177,-3.141592,DRIVE_LANE,3,NONE,-4.9956,-4.9956,+X
169.2480,3.003727,-8.600177,-3.141592,DRIVE_LANE,3,NONE,-4.9956,-4.9956,+X
169.2640,3.011720,-8.600177,-3.141592,DRIVE_LANE,3,NONE,-4.9956,-4.9956,+X
169.2800,3.019713,-8.600177,-3.141592,DRIVE_LANE,3,NONE,-4.9956,-4.9956,+X
169.2960,3.027706,-8.600177,-3.141592,DRIVE_LANE,3,NONE,-4.9956,-4.9956,+X
169.3120,3.035699,-8.600177,-3.141592,DRIVE_LANE,3,NONE,-4.9956,-4.9956,+X
169.3280,3.043692,-8.600177,-3.141592,DRIVE_LANE,3,NONE,-4.9956,-4.9956,+X
169.3440,3.051685,-8.600177,-3.141592,DRIVE_LANE,3,NONE,-4.9956,-4.9956,+X
169.3600,3.059678,-8.600177,-3.141592,DRIVE_LANE,3,NONE,-4.9956,-4.9956,+X
169.3760,3.067671,-8.600177,-3.141592,DRIVE_LANE,3,NONE,-4.9956,-4.9956,+X
169.3920,3.075664,-8.600177,-3.141592,DRIVE_LANE,3,NONE,-4.9956,-4.9956,+X
169.4080,3.083657,-8.600177,-3.141592,DRIVE_LANE,3,NONE,-4.9956,-4.9956,+X
169.4240,3.091649,-8.600177,-3.141592,DRIVE_LANE,3,NONE,-4.9956,-4.9956,+X
169.4400,3.099642,-8.600177,-3.141592,DRIVE_LANE,3,NONE,-4.9956,-4.9956,+X
169.4560,3.107635,-8.600177,-3.141592,DRIVE_LANE,3,NONE,-4.9956,-4.9956,+X
169.4720,3.115628,-8.600177,-3.141592,DRIVE_LANE,3,NONE,-4.9956,-4.9956,+X
169.4880,3.123621,-8.600177,-3.141592,DRIVE_LANE,3,NONE,-4.9956,-4.9956,+X
169.5040,3.131614,-8.600177,-3.141592,DRIVE_LANE,3,NONE,-4.9956,-4.9956,+X
169.5200,3.139607,-8.600177,-3.141592,DRIVE_LANE,3,NONE,-4.9956,-4.9956,+X
169.5360,3.147600,-8.600177,-3.141592,DRIVE_LANE,3,NONE,-4.9956,-4.9956,+X
169.5520,3.155593,-8.600177,-3.141592,DRIVE_LANE,3,NONE,-4.9956,-4.9956,+X
169.5680,3.163586,-8.600177,-3.141592,DRIVE_LANE,3,NONE,-4.9956,-4.9956,+X
169.5840,3.171579,-8.600177,-3.141592,DRIVE_LANE,3,NONE,-4.9956,-4.9956,+X
169.6000,3.179572,-8.600177,-3.141592,DRIVE_LANE,3,NONE,-4.9956,-4.9956,+X
169.6160,3.187565,-8.600177,-3.141592,DRIVE_LANE,3,NONE,-4.9956,-4.9956,+X
169.6320,3.195558,-8.600177,-3.141592,DRIVE_LANE,3,NONE,-4.9956,-4.9956,+X
169.6480,3.203551,-8.600177,-3.141592,DRIVE_LANE,3,NONE,-4.9956,-4.9956,+X
169.6640,3.211544,-8.600177,-3.141592,DRIVE_LANE,3,NONE,-4.9956,-4.9956,+X
169.6800,3.219537,-8.600177,-3.141592,DRIVE_LANE,3,NONE,-4.9956,-4.9956,+X
169.6960,3.227529,-8.600177,-3.141592,DRIVE_LANE,3,NONE,-4.9956,-4.9956,+X
169.7120,3.235522,-8.600177,-3.141592,DRIVE_LANE,3,NONE,-4.9956,-4.9956,+X
169.7280,3.243515,-8.600177,-3.141592,DRIVE_LANE,3,NONE,-4.9956,-4.9956,+X
169.7440,3.251508,-8.600177,-3.141592,DRIVE_LANE,3,NONE,-4.9956,-4.9956,+X
169.7600,3.259501,-8.600177,-3.141592,DRIVE_LANE,3,NONE,-4.9956,-4.9956,+X
169.7760,3.267494,-8.600177,-3.141592,DRIVE_LANE,3,NONE,-4.9956,-4.9956,+X
169.7920,3.275487,-8.600177,-3.141592,DRIVE_LANE,3,NONE,-4.9956,-4.9956,+X
169.8080,3.283480,-8.600177,-3.141592,DRIVE_LANE,3,NONE,-4.9956,-4.9956,+X
169.8240,3.291473,-8.600177,-3.141592,DRIVE_LANE,3,NONE,-4.9956,-4.9956,+X
169.8400,3.299466,-8.600177,-3.141592,DRIVE_LANE,3,NONE,-4.9956,-4.9956,+X
169.8560,3.307459,-8.600177,-3.141592,DRIVE_LANE,3,NONE,-4.9956,-4.9956,+X
169.8720,3.315452,-8.600177,-3.141592,DRIVE_LANE,3,NONE,-4.9956,-4.9956,+X
169.8880,3.323445,-8.600177,-3.141592,DRIVE_LANE,3,NONE,-4.9956,-4.9956,+X
169.9040,3.331438,-8.600177,-3.141592,DRIVE_LANE,3,NONE,-4.9956,-4.9956,+X
169.9200,3.339431,-8.600177,-3.141592,DRIVE_LANE,3,NONE,-4.9956,-4.9956,+X
169.9360,3.347424,-8.600177,-3.141592,DRIVE_LANE,3,NONE,-4.9956,-4.9956,+X
169.9520,3.355417,-8.600177,-3.141592,DRIVE_LANE,3,NONE,-4.9956,-4.9956,+X
169.9680,3.363410,-8.600177,-3.141592,DRIVE_LANE,3,NONE,-4.9956,-4.9956,+X
169.9840,3.371402,-8.600177,-3.141592,DRIVE_LANE,3,NONE,-4.9956,-4.9956,+X
170.0000,3.379395,-8.600177,-3.141592,DRIVE_LANE,3,NONE,-4.9956,-4.9956,+X
170.0160,3.387388,-8.600177,-3.141592,DRIVE_LANE,3,NONE,-4.9956,-4.9956,+X
170.0320,3.395381,-8.600177,-3.141592,DRIVE_LANE,3,NONE,-4.9956,-4.9956,+X
170.0480,3.403374,-8.600177,-3.141592,DRIVE_LANE,3,NONE,-4.9956,-4.9956,+X
170.0640,3.411367,-8.600177,-3.141592,DRIVE_LANE,3,NONE,-4.9956,-4.9956,+X
170.0800,3.419360,-8.600177,-3.141592,DRIVE_LANE,3,NONE,-4.9956,-4.9956,+X
170.0960,3.427353,-8.600177,-3.141592,DRIVE_LANE,3,NONE,-4.9956,-4.9956,+X
170.1120,3.435346,-8.600177,-3.141592,DRIVE_LANE,3,NONE,-4.9956,-4.9956,+X
170.1280,3.443339,-8.600177,-3.141592,DRIVE_LANE,3,NONE,-4.9956,-4.9956,+X
170.1440,3.451332,-8.600177,-3.141592,DRIVE_LANE,3,NONE,-4.9956,-4.9956,+X
170.1600,3.459325,-8.600176,-3.141592,DRIVE_LANE,3,NONE,-4.9956,-4.9956,+X
170.1760,3.467318,-8.600176,-3.141592,DRIVE_LANE,3,NONE,-4.9956,-4.9956,+X
170.1920,3.475311,-8.600176,-3.141592,DRIVE_LANE,3,NONE,-4.9956,-4.9956,+X
170.2080,3.483304,-8.600176,-3.141592,DRIVE_LANE,3,NONE,-4.9956,-4.9956,+X
170.2240,3.491297,-8.600176,-3.141592,DRIVE_LANE,3,NONE,-4.9956,-4.9956,+X
170.2400,3.499290,-8.600176,-3.141592,DRIVE_LANE,3,NONE,-4.9956,-4.9956,+X
170.2560,3.507283,-8.600176,-3.141592,DRIVE_LANE,3,NONE,-4.9956,-4.9956,+X
170.2720,3.515275,-8.600176,-3.141592,DRIVE_LANE,3,NONE,-4.9956,-4.9956,+X
170.2880,3.523268,-8.600176,-3.141592,DRIVE_LANE,3,NONE,-4.9956,-4.9956,+X
170.3040,3.531261,-8.600176,-3.141592,DRIVE_LANE,3,NONE,-4.9956,-4.9956,+X
170.3200,3.539254,-8.600176,-3.141592,DRIVE_LANE,3,NONE,-4.9956,-4.9956,+X
170.3360,3.547247,-8.600176,-3.141592,DRIVE_LANE,3,NONE,-4.9956,-4.9956,+X
170.3520,3.555240,-8.600176,-3.141592,DRIVE_LANE,3,NONE,-4.9956,-4.9956,+X
170.3680,3.563233,-8.600176,-3.141592,DRIVE_LANE,3,NONE,-4.9956,-4.9956,+X
170.3840,3.571226,-8.600176,-3.141592,DRIVE_LANE,3,NONE,-4.9956,-4.9956,+X
170.4000,3.579219,-8.600176,-3.141592,DRIVE_LANE,3,NONE,-4.9956,-4.9956,+X
170.4160,3.587212,-8.600176,-3.141592,DRIVE_LANE,3,NONE,-4.9956,-4.9956,+X
170.4320,3.595205,-8.600176,-3.141592,DRIVE_LANE,3,NONE,-4.9956,-4.9956,+X
170.4480,3.603198,-8.600176,-3.141592,DRIVE_LANE,3,NONE,-4.9956,-4.9956,+X
170.4640,3.611191,-8.600176,-3.141592,DRIVE_LANE,3,NONE,-4.9956,-4.9956,+X
170.4800,3.619184,-8.600176,-3.141592,DRIVE_LANE,3,NONE,-4.9956,-4.9956,+X
170.4960,3.627177,-8.600176,-3.141592,DRIVE_LANE,3,NONE,-4.9956,-4.9956,+X
170.5120,3.635170,-8.600176,-3.141592,DRIVE_LANE,3,NONE,-4.9956,-4.9956,+X
170.5280,3.643163,-8.600176,-3.141592,DRIVE_LANE,3,NONE,-4.9956,-4.9956,+X
170.5440,3.651156,-8.600176,-3.141592,DRIVE_LANE,3,NONE,-4.9956,-4.9956,+X
170.5600,3.659149,-8.600176,-3.141592,DRIVE_LANE,3,NONE,-4.9956,-4.9956,+X
170.5760,3.667142,-8.600176,-3.141592,DRIVE_LANE,3,NONE,-4.9956,-4.9956,+X
170.5920,3.675134,-8.600176,-3.141592,DRIVE_LANE,3,NONE,-4.9956,-4.9956,+X
170.6080,3.683127,-8.600176,-3.141592,DRIVE_LANE,3,NONE,-4.9956,-4.9956,+X
170.6240,3.691120,-8.600176,-3.141592,DRIVE_LANE,3,NONE,-4.9956,-4.9956,+X
170.6400,3.699113,-8.600176,-3.141592,DRIVE_LANE,3,NONE,-4.9956,-4.9956,+X
170.6560,3.707106,-8.600176,-3.141592,DRIVE_LANE,3,NONE,-4.9956,-4.9956,+X
170.6720,3.715099,-8.600176,-3.141592,DRIVE_LANE,3,NONE,-4.9956,-4.9956,+X
170.6880,3.723092,-8.600176,-3.141592,DRIVE_LANE,3,NONE,-4.9956,-4.9956,+X
170.7040,3.731085,-8.600176,-3.141592,DRIVE_LANE,3,NONE,-4.9956,-4.9956,+X
170.7200,3.739078,-8.600176,-3.141592,DRIVE_LANE,3,NONE,-4.9956,-4.9956,+X
170.7360,3.747071,-8.600176,-3.141592,DRIVE_LANE,3,NONE,-4.9956,-4.9956,+X
170.7520,3.755064,-8.600176,-3.141592,DRIVE_LANE,3,NONE,-4.9956,-4.9956,+X
170.7680,3.763057,-8.600176,-3.141592,DRIVE_LANE,3,NONE,-4.9956,-4.9956,+X
170.7840,3.771050,-8.600176,-3.141592,DRIVE_LANE,3,NONE,-4.9956,-4.9956,+X
170.8000,3.779043,-8.600176,-3.141592,DRIVE_LANE,3,NONE,-4.9956,-4.9956,+X
170.8160,3.787036,-8.600176,-3.141592,DRIVE_LANE,3,NONE,-4.9956,-4.9956,+X
170.8320,3.795029,-8.600176,-3.141592,DRIVE_LANE,3,NONE,-4.9956,-4.9956,+X
170.8480,3.803022,-8.600176,-3.141592,DRIVE_LANE,3,NONE,-4.9956,-4.9956,+X
170.8640,3.811015,-8.600176,-3.141592,DRIVE_LANE,3,NONE,-4.9956,-4.9956,+X
170.8800,3.819008,-8.600176,-3.141592,DRIVE_LANE,3,NONE,-4.9956,-4.9956,+X
170.8960,3.827001,-8.600176,-3.141592,DRIVE_LANE,3,NONE,-4.9956,-4.9956,+X
170.9120,3.834994,-8.600176,-3.141592,DRIVE_LANE,3,NONE,-4.9956,-4.9956,+X
170.9280,3.842987,-8.600176,-3.141592,DRIVE_LANE,3,NONE,-4.9956,-4.9956,+X
170.9440,3.850979,-8.600176,-3.141592,DRIVE_LANE,3,NONE,-4.9956,-4.9956,+X
170.9600,3.858972,-8.600176,-3.141592,DRIVE_LANE,3,NONE,-4.9956,-4.9956,+X
170.9760,3.866965,-8.600176,-3.141592,DRIVE_LANE,3,NONE,-4.9956,-4.9956,+X
170.9920,3.874958,-8.600176,-3.141592,DRIVE_LANE,3,NONE,-4.9956,-4.9956,+X
171.0080,3.882951,-8.600176,-3.141592,DRIVE_LANE,3,NONE,-4.9956,-4.9956,+X
171.0240,3.890944,-8.600176,-3.141592,DRIVE_LANE,3,NONE,-4.9956,-4.9956,+X
171.0400,3.898937,-8.600176,-3.141592,DRIVE_LANE,3,NONE,-4.9956,-4.9956,+X
171.0560,3.906930,-8.600176,-3.141592,DRIVE_LANE,3,NONE,-4.9956,-4.9956,+X
171.0720,3.914923,-8.600176,-3.141592,DRIVE_LANE,3,NONE,-4.9956,-4.9956,+X
171.0880,3.922916,-8.600176,-3.141592,DRIVE_LANE,3,NONE,-4.9956,-4.9956,+X
171.1040,3.930909,-8.600176,-3.141592,DRIVE_LANE,3,NONE,-4.9956,-4.9956,+X
171.1200,3.938902,-8.600176,-3.141592,DRIVE_LANE,3,NONE,-4.9956,-4.9956,+X
171.1360,3.946895,-8.600176,-3.141592,DRIVE_LANE,3,NONE,-4.9956,-4.9956,+X
171.1520,3.954888,-8.600176,-3.141592,DRIVE_LANE,3,NONE,-4.9956,-4.9956,+X
171.1680,3.962881,-8.600176,-3.141592,DRIVE_LANE,3,NONE,-4.9956,-4.9956,+X
171.1840,3.970874,-8.600176,-3.141592,DRIVE_LANE,3,NONE,-4.9956,-4.9956,+X
171.2000,3.978867,-8.600176,-3.141592,DRIVE_LANE,3,NONE,-4.9956,-4.9956,+X
171.2160,3.986860,-8.600176,-3.141592,DRIVE_LANE,3,NONE,-4.9956,-4.9956,+X
171.2320,3.994853,-8.600176,-3.141592,DRIVE_LANE,3,NONE,-4.9956,-4.9956,+X
171.2480,4.002846,-8.600176,-3.141592,DRIVE_LANE,3,NONE,-4.9956,-4.9956,+X
171.2640,4.010839,-8.600176,-3.141592,DRIVE_LANE,3,NONE,-4.9956,-4.9956,+X
171.2800,4.018832,-8.600176,-3.141592,DRIVE_LANE,3,NONE,-4.9956,-4.9956,+X
171.2960,4.026825,-8.600176,-3.141592,DRIVE_LANE,3,NONE,-4.9956,-4.9956,+X
171.3120,4.034817,-8.600176,-3.141592,DRIVE_LANE,3,NONE,-4.9956,-4.9956,+X
171.3280,4.042810,-8.600176,-3.141592,DRIVE_LANE,3,NONE,-4.9956,-4.9956,+X
171.3440,4.050803,-8.600176,-3.141592,DRIVE_LANE,3,NONE,-4.9956,-4.9956,+X
171.3600,4.058796,-8.600176,-3.141592,DRIVE_LANE,3,NONE,-4.9956,-4.9956,+X
171.3760,4.066789,-8.600176,-3.141592,DRIVE_LANE,3,NONE,-4.9956,-4.9956,+X
171.3920,4.074782,-8.600176,-3.141592,DRIVE_LANE,3,NONE,-4.9956,-4.9956,+X
171.4080,4.082775,-8.600176,-3.141592,DRIVE_LANE,3,NONE,-4.9956,-4.9956,+X
171.4240,4.090768,-8.600176,-3.141592,DRIVE_LANE,3,NONE,-4.9956,-4.9956,+X
171.4400,4.098761,-8.600176,-3.141592,DRIVE_LANE,3,NONE,-4.9956,-4.9956,+X
171.4560,4.106754,-8.600176,-3.141592,DRIVE_LANE,3,NONE,-4.9956,-4.9956,+X
171.4720,4.114747,-8.600176,-3.141592,DRIVE_LANE,3,NONE,-4.9956,-4.9956,+X
171.4880,4.122740,-8.600176,-3.141592,DRIVE_LANE,3,NONE,-4.9956,-4.9956,+X
171.5040,4.130733,-8.600176,-3.141592,DRIVE_LANE,3,NONE,-4.9956,-4.9956,+X
171.5200,4.138726,-8.600176,-3.141592,DRIVE_LANE,3,NONE,-4.9956,-4.9956,+X
171.5360,4.146719,-8.600176,-3.141592,DRIVE_LANE,3,NONE,-4.9956,-4.9956,+X
171.5520,4.154712,-8.600176,-3.141592,DRIVE_LANE,3,NONE,-4.9956,-4.9956,+X
171.5680,4.162705,-8.600176,-3.141592,DRIVE_LANE,3,NONE,-4.9956,-4.9956,+X
171.5840,4.170698,-8.600176,-3.141592,DRIVE_LANE,3,NONE,-4.9956,-4.9956,+X
171.6000,4.178691,-8.600176,-3.141592,DRIVE_LANE,3,NONE,-4.9956,-4.9956,+X
171.6160,4.186684,-8.600176,-3.141592,DRIVE_LANE,3,NONE,-4.9956,-4.9956,+X
171.6320,4.194677,-8.600176,-3.141592,DRIVE_LANE,3,NONE,-4.9956,-4.9956,+X
171.6480,4.202670,-8.600176,-3.141592,DRIVE_LANE,3,NONE,-4.9956,-4.9956,+X
171.6640,4.210663,-8.600176,-3.141592,DRIVE_LANE,3,NONE,-4.9956,-4.9956,+X
171.6800,4.218656,-8.600176,-3.141592,DRIVE_LANE,3,NONE,-4.9956,-4.9956,+X
171.6960,4.226649,-8.600176,-3.141592,DRIVE_LANE,3,NONE,-4.9956,-4.9956,+X
171.7120,4.234642,-8.600176,-3.141592,DRIVE_LANE,3,NONE,-4.9956,-4.9956,+X
171.7280,4.242635,-8.600176,-3.141592,DRIVE_LANE,3,NONE,-4.9956,-4.9956,+X
171.7440,4.250627,-8.600176,-3.141592,DRIVE_LANE,3,NONE,-4.9956,-4.9956,+X
171.7600,4.258620,-8.600176,-3.141592,DRIVE_LANE,3,NONE,-4.9956,-4.9956,+X
171.7760,4.266613,-8.600176,-3.141592,DRIVE_LANE,3,NONE,-4.9956,-4.9956,+X
171.7920,4.274606,-8.600176,-3.141592,DRIVE_LANE,3,NONE,-4.9956,-4.9956,+X
171.8080,4.282599,-8.600176,-3.141592,DRIVE_LANE,3,NONE,-4.9956,-4.9956,+X
171.8240,4.290592,-8.600176,-3.141592,DRIVE_LANE,3,NONE,-4.9956,-4.9956,+X
171.8400,4.298585,-8.600176,-3.141592,DRIVE_LANE,3,NONE,-4.9956,-4.9956,+X
171.8560,4.306578,-8.600176,-3.141592,DRIVE_LANE,3,NONE,-4.9956,-4.9956,+X
171.8720,4.314571,-8.600176,-3.141592,DRIVE_LANE,3,NONE,-4.9956,-4.9956,+X
171.8880,4.322564,-8.600176,-3.141592,DRIVE_LANE,3,NONE,-4.9956,-4.9956,+X
171.9040,4.330557,-8.600176,-3.141592,DRIVE_LANE,3,NONE,-4.9956,-4.9956,+X
171.9200,4.338550,-8.600176,-3.141592,DRIVE_LANE,3,NONE,-4.9956,-4.9956,+X
171.9360,4.346543,-8.600176,-3.141592,DRIVE_LANE,3,NONE,-4.9956,-4.9956,+X
171.9520,4.354536,-8.600176,-3.141592,DRIVE_LANE,3,NONE,-4.9956,-4.9956,+X
171.9680,4.362529,-8.600176,-3.141592,DRIVE_LANE,3,NONE,-4.9956,-4.9956,+X
171.9840,4.370522,-8.600176,-3.141592,DRIVE_LANE,3,NONE,-4.9956,-4.9956,+X
172.0000,4.378515,-8.600176,-3.141592,DRIVE_LANE,3,NONE,-4.9956,-4.9956,+X
172.0160,4.386508,-8.600176,-3.141592,DRIVE_LANE,3,NONE,-4.9956,-4.9956,+X
172.0320,4.394501,-8.600176,-3.141592,DRIVE_LANE,3,NONE,-4.9956,-4.9956,+X
172.0480,4.402494,-8.600176,-3.141592,DRIVE_LANE,3,NONE,-4.9956,-4.9956,+X
172.0640,4.410487,-8.600176,-3.141592,DRIVE_LANE,3,NONE,-4.9956,-4.9956,+X
172.0800,4.418480,-8.600176,-3.141592,DRIVE_LANE,3,NONE,-4.9956,-4.9956,+X
172.0960,4.426473,-8.600176,-3.141592,DRIVE_LANE,3,NONE,-4.9956,-4.9956,+X
172.1120,4.434466,-8.600176,-3.141592,DRIVE_LANE,3,NONE,-4.9956,-4.9956,+X
172.1280,4.442459,-8.600176,-3.141592,DRIVE_LANE,3,NONE,-4.9956,-4.9956,+X
172.1440,4.450452,-8.600176,-3.141592,DRIVE_LANE,3,NONE,-4.9956,-4.9956,+X
172.1600,4.458445,-8.600176,-3.141592,DRIVE_LANE,3,NONE,-4.9956,-4.9956,+X
172.1760,4.466438,-8.600176,-3.141592,DRIVE_LANE,3,NONE,-4.9956,-4.9956,+X
172.1920,4.474431,-8.600176,-3.141592,DRIVE_LANE,3,NONE,-4.9956,-4.9956,+X
172.2080,4.482424,-8.600176,-3.141592,DRIVE_LANE,3,NONE,-4.9956,-4.9956,+X
172.2240,4.490417,-8.600176,-3.141592,DRIVE_LANE,3,NONE,-4.9956,-4.9956,+X
172.2400,4.498409,-8.600176,-3.141592,DRIVE_LANE,3,NONE,-4.9956,-4.9956,+X
172.2560,4.506402,-8.600176,-3.141592,DRIVE_LANE,3,NONE,-4.9956,-4.9956,+X
172.2720,4.514395,-8.600176,-3.141592,DRIVE_LANE,3,NONE,-4.9956,-4.9956,+X
172.2880,4.522388,-8.600176,-3.141592,DRIVE_LANE,3,NONE,-4.9956,-4.9956,+X
172.3040,4.530381,-8.600176,-3.141592,DRIVE_LANE,3,NONE,-4.9956,-4.9956,+X
172.3200,4.538374,-8.600176,-3.141592,DRIVE_LANE,3,NONE,-4.9956,-4.9956,+X
172.3360,4.546367,-8.600176,-3.141592,DRIVE_LANE,3,NONE,-4.9956,-4.9956,+X
172.3520,4.554360,-8.600176,-3.141592,DRIVE_LANE,3,NONE,-4.9956,-4.9956,+X
172.3680,4.562353,-8.600176,-3.141592,DRIVE_LANE,3,NONE,-4.9956,-4.9956,+X
172.3840,4.570346,-8.600176,-3.141592,DRIVE_LANE,3,NONE,-4.9956,-4.9956,+X
172.4000,4.578339,-8.600176,-3.141592,DRIVE_LANE,3,NONE,-4.9956,-4.9956,+X
172.4160,4.586332,-8.600176,-3.141592,DRIVE_LANE,3,NONE,-4.9956,-4.9956,+X
172.4320,4.594325,-8.600176,-3.141592,DRIVE_LANE,3,NONE,-4.9956,-4.9956,+X
172.4480,4.602318,-8.600176,-3.141592,DRIVE_LANE,3,NONE,-4.9956,-4.9956,+X
172.4640,4.610311,-8.600176,-3.141592,DRIVE_LANE,3,NONE,-4.9956,-4.9956,+X
172.4800,4.618304,-8.600176,-3.141592,DRIVE_LANE,3,NONE,-4.9956,-4.9956,+X
172.4960,4.626297,-8.600176,-3.141592,DRIVE_LANE,3,NONE,-4.9956,-4.9956,+X
172.5120,4.634290,-8.600176,-3.141592,DRIVE_LANE,3,NONE,-4.9956,-4.9956,+X
172.5280,4.642283,-8.600176,-3.141592,DRIVE_LANE,3,NONE,-4.9956,-4.9956,+X
172.5440,4.650276,-8.600176,-3.141592,DRIVE_LANE,3,NONE,-4.9956,-4.9956,+X
172.5600,4.658269,-8.600176,-3.141592,DRIVE_LANE,3,NONE,-4.9956,-4.9956,+X
172.5760,4.666262,-8.600176,-3.141592,DRIVE_LANE,3,NONE,-4.9956,-4.9956,+X
172.5920,4.674255,-8.600176,-3.141592,DRIVE_LANE,3,NONE,-4.9956,-4.9956,+X
172.6080,4.682248,-8.600176,-3.141592,DRIVE_LANE,3,NONE,-4.9956,-4.9956,+X
172.6240,4.690241,-8.600176,-3.141592,DRIVE_LANE,3,NONE,-4.9956,-4.9956,+X
172.6400,4.698234,-8.600176,-3.141592,DRIVE_LANE,3,NONE,-4.9956,-4.9956,+X
172.6560,4.706227,-8.600176,-3.141592,DRIVE_LANE,3,NONE,-4.9956,-4.9956,+X
172.6720,4.714220,-8.600176,-3.141592,DRIVE_LANE,3,NONE,-4.9956,-4.9956,+X
172.6880,4.722213,-8.600176,-3.141592,DRIVE_LANE,3,NONE,-4.9956,-4.9956,+X
172.7040,4.730206,-8.600176,-3.141592,DRIVE_LANE,3,NONE,-4.9956,-4.9956,+X
172.7200,4.738199,-8.600176,-3.141592,DRIVE_LANE,3,NONE,-4.9956,-4.9956,+X
172.7360,4.746192,-8.600176,-3.141592,DRIVE_LANE,3,NONE,-4.9956,-4.9956,+X
172.7520,4.754185,-8.600176,-3.141592,DRIVE_LANE,3,NONE,-4.9956,-4.9956,+X
172.7680,4.762178,-8.600176,-3.141592,DRIVE_LANE,3,NONE,-4.9956,-4.9956,+X
172.7840,4.770171,-8.600176,-3.141592,DRIVE_LANE,3,NONE,-4.9956,-4.9956,+X
172.8000,4.778164,-8.600176,-3.141592,DRIVE_LANE,3,NONE,-4.9956,-4.9956,+X
172.8160,4.786157,-8.600176,-3.141592,DRIVE_LANE,3,NONE,-4.9956,-4.9956,+X
172.8320,4.794150,-8.600176,-3.141592,DRIVE_LANE,3,NONE,-4.9956,-4.9956,+X
172.8480,4.802143,-8.600176,-3.141592,DRIVE_LANE,3,NONE,-4.9956,-4.9956,+X
172.8640,4.810136,-8.600176,-3.141592,DRIVE_LANE,3,NONE,-4.9956,-4.9956,+X
172.8800,4.818128,-8.600176,-3.141592,DRIVE_LANE,3,NONE,-4.9956,-4.9956,+X
172.8960,4.826121,-8.600176,-3.141592,DRIVE_LANE,3,NONE,-4.9956,-4.9956,+X
172.9120,4.834114,-8.600176,-3.141592,DRIVE_LANE,3,NONE,-4.9956,-4.9956,+X
172.9280,4.842107,-8.600176,-3.141592,DRIVE_LANE,3,NONE,-4.9956,-4.9956,+X
172.9440,4.850100,-8.600176,-3.141592,DRIVE_LANE,3,NONE,-4.9956,-4.9956,+X
172.9600,4.858093,-8.600176,-3.141592,DRIVE_LANE,3,NONE,-4.9956,-4.9956,+X
172.9760,4.866086,-8.600175,-3.141592,DRIVE_LANE,3,NONE,-4.9956,-4.9956,+X
172.9920,4.874079,-8.600175,-3.141592,DRIVE_LANE,3,NONE,-4.9956,-4.9956,+X
173.0080,4.882072,-8.600175,-3.141592,DRIVE_LANE,3,NONE,-4.9956,-4.9956,+X
173.0240,4.890065,-8.600175,-3.141592,DRIVE_LANE,3,NONE,-4.9956,-4.9956,+X
173.0400,4.898058,-8.600175,-3.141592,DRIVE_LANE,3,NONE,-4.9956,-4.9956,+X
173.0560,4.906051,-8.600175,-3.141592,DRIVE_LANE,3,NONE,-4.9956,-4.9956,+X
173.0720,4.914044,-8.600175,-3.141592,DRIVE_LANE,3,NONE,-4.9956,-4.9956,+X
173.0880,4.922037,-8.600175,-3.141592,DRIVE_LANE,3,NONE,-4.9956,-4.9956,+X
173.1040,4.930030,-8.600175,-3.141592,DRIVE_LANE,3,NONE,-4.9956,-4.9956,+X
173.1200,4.938023,-8.600175,-3.141592,DRIVE_LANE,3,NONE,-4.9956,-4.9956,+X
173.1360,4.946016,-8.600175,-3.141592,DRIVE_LANE,3,NONE,-4.9956,-4.9956,+X
173.1520,4.954009,-8.600175,-3.141592,DRIVE_LANE,3,NONE,-4.9956,-4.9956,+X
173.1680,4.962002,-8.600175,-3.141592,DRIVE_LANE,3,NONE,-4.9956,-4.9956,+X
173.1840,4.969995,-8.600175,-3.141592,DRIVE_LANE,3,NONE,-4.9956,-4.9956,+X
173.2000,4.977988,-8.600175,-3.141592,DRIVE_LANE,3,NONE,-4.9956,-4.9956,+X
173.2160,4.985981,-8.600175,-3.141592,DRIVE_LANE,3,NONE,-4.9956,-4.9956,+X
173.2320,4.993974,-8.600175,-3.141592,DRIVE_LANE,3,NONE,-4.9956,-4.9956,+X
173.2480,5.001967,-8.600175,-3.141592,DRIVE_LANE,3,NONE,-4.9956,-4.9956,+X
173.2640,5.009960,-8.600175,-3.141592,DRIVE_LANE,3,NONE,-4.9956,-4.9956,+X
173.2800,5.017953,-8.600175,-3.141592,DRIVE_LANE,3,NONE,-4.9956,-4.9956,+X
173.2960,5.025946,-8.600175,-3.141592,DRIVE_LANE,3,NONE,-4.9956,-4.9956,+X
173.3120,5.033939,-8.600175,-3.141592,DRIVE_LANE,3,NONE,-4.9956,-4.9956,+X
173.3280,5.041932,-8.600175,-3.141592,DRIVE_LANE,3,NONE,-4.9956,-4.9956,+X
173.3440,5.049925,-8.600175,-3.141592,DRIVE_LANE,3,NONE,-4.9956,-4.9956,+X
173.3600,5.057918,-8.600175,-3.141592,DRIVE_LANE,3,NONE,-4.9956,-4.9956,+X
173.3760,5.065911,-8.600175,-3.141592,DRIVE_LANE,3,NONE,-4.9956,-4.9956,+X
173.3920,5.073904,-8.600175,-3.141592,DRIVE_LANE,3,NONE,-4.9956,-4.9956,+X
173.4080,5.081897,-8.600175,-3.141592,DRIVE_LANE,3,NONE,-4.9956,-4.9956,+X
173.4240,5.089890,-8.600175,-3.141592,DRIVE_LANE,3,NONE,-4.9956,-4.9956,+X
173.4400,5.097883,-8.600175,-3.141592,DRIVE_LANE,3,NONE,-4.9956,-4.9956,+X
173.4560,5.105876,-8.600175,-3.141592,DRIVE_LANE,3,NONE,-4.9956,-4.9956,+X
173.4720,5.113869,-8.600175,-3.141592,DRIVE_LANE,3,NONE,-4.9956,-4.9956,+X
173.4880,5.121862,-8.600175,-3.141592,DRIVE_LANE,3,NONE,-4.9956,-4.9956,+X
173.5040,5.129855,-8.600175,-3.141592,DRIVE_LANE,3,NONE,-4.9956,-4.9956,+X
173.5200,5.137848,-8.600175,-3.141592,DRIVE_LANE,3,NONE,-4.9956,-4.9956,+X
173.5360,5.145841,-8.600175,-3.141592,DRIVE_LANE,3,NONE,-4.9956,-4.9956,+X
173.5520,5.153834,-8.600175,-3.141592,DRIVE_LANE,3,NONE,-4.9956,-4.9956,+X
173.5680,5.161827,-8.600175,-3.141592,DRIVE_LANE,3,NONE,-4.9956,-4.9956,+X
173.5840,5.169820,-8.600175,-3.141592,DRIVE_LANE,3,NONE,-4.9956,-4.9956,+X
173.6000,5.177813,-8.600175,-3.141592,DRIVE_LANE,3,NONE,-4.9956,-4.9956,+X
173.6160,5.185806,-8.600175,-3.141592,DRIVE_LANE,3,NONE,-4.9956,-4.9956,+X
173.6320,5.193799,-8.600175,-3.141592,DRIVE_LANE,3,NONE,-4.9956,-4.9956,+X
173.6480,5.201792,-8.600175,-3.141592,DRIVE_LANE,3,NONE,-4.9956,-4.9956,+X
173.6640,5.209785,-8.600175,-3.141592,DRIVE_LANE,3,NONE,-4.9956,-4.9956,+X
173.6800,5.217778,-8.600175,-3.141592,DRIVE_LANE,3,NONE,-4.9956,-4.9956,+X
173.6960,5.225771,-8.600175,-3.141592,DRIVE_LANE,3,NONE,-4.9956,-4.9956,+X
173.7120,5.233764,-8.600175,-3.141592,DRIVE_LANE,3,NONE,-4.9956,-4.9956,+X
173.7280,5.241757,-8.600175,-3.141592,DRIVE_LANE,3,NONE,-4.9956,-4.9956,+X
173.7440,5.249750,-8.600175,-3.141592,DRIVE_LANE,3,NONE,-4.9956,-4.9956,+X
173.7600,5.257743,-8.600175,-3.141592,DRIVE_LANE,3,NONE,-4.9956,-4.9956,+X
173.7760,5.265736,-8.600175,-3.141592,DRIVE_LANE,3,NONE,-4.9956,-4.9956,+X
173.7920,5.273729,-8.600175,-3.141592,DRIVE_LANE,3,NONE,-4.9956,-4.9956,+X
173.8080,5.281722,-8.600175,-3.141592,DRIVE_LANE,3,NONE,-4.9956,-4.9956,+X
173.8240,5.289715,-8.600175,-3.141592,DRIVE_LANE,3,NONE,-4.9956,-4.9956,+X
173.8400,5.297708,-8.600175,-3.141592,DRIVE_LANE,3,NONE,-4.9956,-4.9956,+X
173.8560,5.305701,-8.600175,-3.141592,DRIVE_LANE,3,NONE,-4.9956,-4.9956,+X
173.8720,5.313693,-8.600175,-3.141592,DRIVE_LANE,3,NONE,-4.9956,-4.9956,+X
173.8880,5.321686,-8.600175,-3.141592,DRIVE_LANE,3,NONE,-4.9956,-4.9956,+X
173.9040,5.329679,-8.600175,-3.141592,DRIVE_LANE,3,NONE,-4.9956,-4.9956,+X
173.9200,5.337672,-8.600175,-3.141592,DRIVE_LANE,3,NONE,-4.9956,-4.9956,+X
173.9360,5.345665,-8.600175,-3.141592,DRIVE_LANE,3,NONE,-4.9956,-4.9956,+X
173.9520,5.353658,-8.600175,-3.141592,DRIVE_LANE,3,NONE,-4.9956,-4.9956,+X
173.9680,5.361651,-8.600175,-3.141592,DRIVE_LANE,3,NONE,-4.9956,-4.9956,+X
173.9840,5.369644,-8.600175,-3.141592,DRIVE_LANE,3,NONE,-4.9956,-4.9956,+X
174.0000,5.377637,-8.600175,-3.141592,DRIVE_LANE,3,NONE,-4.9956,-4.9956,+X
174.0160,5.385630,-8.600175,-3.141592,DRIVE_LANE,3,NONE,-4.9956,-4.9956,+X
174.0320,5.393623,-8.600175,-3.141592,DRIVE_LANE,3,NONE,-4.9956,-4.9956,+X
174.0480,5.401616,-8.600175,-3.141592,DRIVE_LANE,3,NONE,-4.9956,-4.9956,+X
174.0640,5.409609,-8.600175,-3.141592,DRIVE_LANE,3,NONE,-4.9956,-4.9956,+X
174.0800,5.417602,-8.600175,-3.141592,DRIVE_LANE,3,NONE,-4.9956,-4.9956,+X
174.0960,5.425595,-8.600175,-3.141592,DRIVE_LANE,3,NONE,-4.9956,-4.9956,+X
174.1120,5.433588,-8.600175,-3.141592,DRIVE_LANE,3,NONE,-4.9956,-4.9956,+X
174.1280,5.441581,-8.600175,-3.141592,DRIVE_LANE,3,NONE,-4.9956,-4.9956,+X
174.1440,5.449574,-8.600175,-3.141592,DRIVE_LANE,3,NONE,-4.9956,-4.9956,+X
174.1600,5.457567,-8.600175,-3.141592,DRIVE_LANE,3,NONE,-4.9956,-4.9956,+X
174.1760,5.465560,-8.600175,-3.141592,DRIVE_LANE,3,NONE,-4.9956,-4.9956,+X
174.1920,5.473553,-8.600175,-3.141592,DRIVE_LANE,3,NONE,-4.9956,-4.9956,+X
174.2080,5.481546,-8.600175,-3.141592,DRIVE_LANE,3,NONE,-4.9956,-4.9956,+X
174.2240,5.489539,-8.600175,-3.141592,DRIVE_LANE,3,NONE,-4.9956,-4.9956,+X
174.2400,5.497532,-8.600175,-3.141592,DRIVE_LANE,3,NONE,-4.9956,-4.9956,+X
174.2560,5.505525,-8.600175,-3.141592,DRIVE_LANE,3,NONE,-4.9956,-4.9956,+X
174.2720,5.513518,-8.600175,-3.141592,DRIVE_LANE,3,NONE,-4.9956,-4.9956,+X
174.2880,5.521511,-8.600175,-3.141592,DRIVE_LANE,3,NONE,-4.9956,-4.9956,+X
174.3040,5.529504,-8.600175,-3.141592,DRIVE_LANE,3,NONE,-4.9956,-4.9956,+X
174.3200,5.537497,-8.600175,-3.141592,DRIVE_LANE,3,NONE,-4.9956,-4.9956,+X
174.3360,5.545490,-8.600175,-3.141592,DRIVE_LANE,3,NONE,-4.9956,-4.9956,+X
174.3520,5.553483,-8.600175,-3.141592,DRIVE_LANE,3,NONE,-4.9956,-4.9956,+X
174.3680,5.561476,-8.600175,-3.141592,DRIVE_LANE,3,NONE,-4.9956,-4.9956,+X
174.3840,5.569469,-8.600175,-3.141592,DRIVE_LANE,3,NONE,-4.9956,-4.9956,+X
174.4000,5.577462,-8.600175,-3.141592,DRIVE_LANE,3,NONE,-4.9956,-4.9956,+X
174.4160,5.585455,-8.600175,-3.141592,DRIVE_LANE,3,NONE,-4.9956,-4.9956,+X
174.4320,5.593448,-8.600175,-3.141592,DRIVE_LANE,3,NONE,-4.9956,-4.9956,+X
174.4480,5.601441,-8.600175,-3.141592,DRIVE_LANE,3,NONE,-4.9956,-4.9956,+X
174.4640,5.609434,-8.600175,-3.141592,DRIVE_LANE,3,NONE,-4.9956,-4.9956,+X
174.4800,5.617427,-8.600175,-3.141592,DRIVE_LANE,3,NONE,-4.9956,-4.9956,+X
174.4960,5.625420,-8.600175,-3.141592,DRIVE_LANE,3,NONE,-4.9956,-4.9956,+X
174.5120,5.633413,-8.600175,-3.141592,DRIVE_LANE,3,NONE,-4.9956,-4.9956,+X
174.5280,5.641406,-8.600175,-3.141592,DRIVE_LANE,3,NONE,-4.9956,-4.9956,+X
174.5440,5.649399,-8.600175,-3.141592,DRIVE_LANE,3,NONE,-4.9956,-4.9956,+X
174.5600,5.657392,-8.600175,-3.141592,DRIVE_LANE,3,NONE,-4.9956,-4.9956,+X
174.5760,5.665385,-8.600175,-3.141592,DRIVE_LANE,3,NONE,-4.9956,-4.9956,+X
174.5920,5.673378,-8.600175,-3.141592,DRIVE_LANE,3,NONE,-4.9956,-4.9956,+X
174.6080,5.681371,-8.600175,-3.141592,DRIVE_LANE,3,NONE,-4.9956,-4.9956,+X
174.6240,5.689364,-8.600175,-3.141592,DRIVE_LANE,3,NONE,-4.9956,-4.9956,+X
174.6400,5.697357,-8.600175,-3.141592,DRIVE_LANE,3,NONE,-4.9956,-4.9956,+X
174.6560,5.705350,-8.600175,-3.141592,DRIVE_LANE,3,NONE,-4.9956,-4.9956,+X
174.6720,5.713343,-8.600175,-3.141592,DRIVE_LANE,3,NONE,-4.9956,-4.9956,+X
174.6880,5.721336,-8.600175,-3.141592,DRIVE_LANE,3,NONE,-4.9956,-4.9956,+X
174.7040,5.729329,-8.600175,-3.141592,DRIVE_LANE,3,NONE,-4.9956,-4.9956,+X
174.7200,5.737322,-8.600175,-3.141592,DRIVE_LANE,3,NONE,-4.9956,-4.9956,+X
174.7360,5.745315,-8.600175,-3.141592,DRIVE_LANE,3,NONE,-4.9956,-4.9956,+X
174.7520,5.753308,-8.600175,-3.141592,DRIVE_LANE,3,NONE,-4.9956,-4.9956,+X
174.7680,5.761301,-8.600175,-3.141592,DRIVE_LANE,3,NONE,-4.9956,-4.9956,+X
174.7840,5.769294,-8.600175,-3.141592,DRIVE_LANE,3,NONE,-4.9956,-4.9956,+X
174.8000,5.777287,-8.600175,-3.141592,DRIVE_LANE,3,NONE,-4.9956,-4.9956,+X
174.8160,5.785280,-8.600175,-3.141592,DRIVE_LANE,3,NONE,-4.9956,-4.9956,+X
174.8320,5.793273,-8.600175,-3.141592,DRIVE_LANE,3,NONE,-4.9956,-4.9956,+X
174.8480,5.801266,-8.600175,-3.141592,DRIVE_LANE,3,NONE,-4.9956,-4.9956,+X
174.8640,5.809259,-8.600175,-3.141592,DRIVE_LANE,3,NONE,-4.9956,-4.9956,+X
174.8800,5.817252,-8.600175,-3.141592,DRIVE_LANE,3,NONE,-4.9956,-4.9956,+X
174.8960,5.825245,-8.600175,-3.141592,DRIVE_LANE,3,NONE,-4.9956,-4.9956,+X
174.9120,5.833238,-8.600175,-3.141592,DRIVE_LANE,3,NONE,-4.9956,-4.9956,+X
174.9280,5.841231,-8.600175,-3.141592,DRIVE_LANE,3,NONE,-4.9956,-4.9956,+X
174.9440,5.849224,-8.600175,-3.141592,DRIVE_LANE,3,NONE,-4.9956,-4.9956,+X
174.9600,5.857217,-8.600175,-3.141592,DRIVE_LANE,3,NONE,-4.9956,-4.9956,+X
174.9760,5.865210,-8.600175,-3.141592,DRIVE_LANE,3,NONE,-4.9956,-4.9956,+X
174.9920,5.873203,-8.600175,-3.141592,DRIVE_LANE,3,NONE,-4.9956,-4.9956,+X
175.0080,5.881196,-8.600175,-3.141592,DRIVE_LANE,3,NONE,-4.9956,-4.9956,+X
175.0240,5.889189,-8.600175,-3.141592,DRIVE_LANE,3,NONE,-4.9956,-4.9956,+X
175.0400,5.897182,-8.600175,-3.141592,DRIVE_LANE,3,NONE,-4.9956,-4.9956,+X
175.0560,5.905175,-8.600175,-3.141592,DRIVE_LANE,3,NONE,-4.9956,-4.9956,+X
175.0720,5.913168,-8.600175,-3.141592,DRIVE_LANE,3,NONE,-4.9956,-4.9956,+X
175.0880,5.921161,-8.600175,-3.141592,DRIVE_LANE,3,NONE,-4.9956,-4.9956,+X
175.1040,5.929154,-8.600175,-3.141592,DRIVE_LANE,3,NONE,-4.9956,-4.9956,+X
175.1200,5.937147,-8.600175,-3.141592,DRIVE_LANE,3,NONE,-4.9956,-4.9956,+X
175.1360,5.945140,-8.600175,-3.141592,DRIVE_LANE,3,NONE,-4.9956,-4.9956,+X
175.1520,5.953133,-8.600175,-3.141592,DRIVE_LANE,3,NONE,-4.9956,-4.9956,+X
175.1680,5.961126,-8.600175,-3.141592,DRIVE_LANE,3,NONE,-4.9956,-4.9956,+X
175.1840,5.969119,-8.600175,-3.141592,DRIVE_LANE,3,NONE,-4.9956,-4.9956,+X
175.2000,5.977112,-8.600175,-3.141592,DRIVE_LANE,3,NONE,-4.9956,-4.9956,+X
175.2160,5.985105,-8.600175,-3.141592,DRIVE_LANE,3,NONE,-4.9956,-4.9956,+X
175.2320,5.993098,-8.600175,-3.141592,DRIVE_LANE,3,NONE,-4.9956,-4.9956,+X
175.2480,6.001091,-8.600175,-3.141592,DRIVE_LANE,3,NONE,-4.9956,-4.9956,+X
175.2640,6.009084,-8.600175,-3.141592,DRIVE_LANE,3,NONE,-4.9956,-4.9956,+X
175.2800,6.017077,-8.600175,-3.141592,DRIVE_LANE,3,NONE,-4.9956,-4.9956,+X
175.2960,6.025070,-8.600175,-3.141592,DRIVE_LANE,3,NONE,-4.9956,-4.9956,+X
175.3120,6.033063,-8.600175,-3.141592,DRIVE_LANE,3,NONE,-4.9956,-4.9956,+X
175.3280,6.041056,-8.600175,-3.141592,DRIVE_LANE,3,NONE,-4.9956,-4.9956,+X
175.3440,6.049049,-8.600175,-3.141592,DRIVE_LANE,3,NONE,-4.9956,-4.9956,+X
175.3600,6.057042,-8.600175,-3.141592,DRIVE_LANE,3,NONE,-4.9956,-4.9956,+X
175.3760,6.065035,-8.600175,-3.141592,DRIVE_LANE,3,NONE,-4.9956,-4.9956,+X
175.3920,6.073028,-8.600175,-3.141592,DRIVE_LANE,3,NONE,-4.9956,-4.9956,+X
175.4080,6.081021,-8.600175,-3.141592,DRIVE_LANE,3,NONE,-4.9956,-4.9956,+X
175.4240,6.089014,-8.600175,-3.141592,DRIVE_LANE,3,NONE,-4.9956,-4.9956,+X
175.4400,6.097007,-8.600175,-3.141592,DRIVE_LANE,3,NONE,-4.9956,-4.9956,+X
175.4560,6.105000,-8.600175,-3.141592,DRIVE_LANE,3,NONE,-4.9956,-4.9956,+X
175.4720,6.112993,-8.600175,-3.141592,DRIVE_LANE,3,NONE,-4.9956,-4.9956,+X
175.4880,6.120986,-8.600175,-3.141592,DRIVE_LANE,3,NONE,-4.9956,-4.9956,+X
175.5040,6.128979,-8.600175,-3.141592,DRIVE_LANE,3,NONE,-4.9956,-4.9956,+X
175.5200,6.136972,-8.600175,-3.141592,DRIVE_LANE,3,NONE,-4.9956,-4.9956,+X
175.5360,6.144965,-8.600175,-3.141592,DRIVE_LANE,3,NONE,-4.9956,-4.9956,+X
175.5520,6.152958,-8.600175,-3.141592,DRIVE_LANE,3,NONE,-4.9956,-4.9956,+X
175.5680,6.160951,-8.600175,-3.141592,DRIVE_LANE,3,NONE,-4.9956,-4.9956,+X
175.5840,6.168944,-8.600175,-3.141592,DRIVE_LANE,3,NONE,-4.9956,-4.9956,+X
175.6000,6.176937,-8.600175,-3.141592,DRIVE_LANE,3,NONE,-4.9956,-4.9956,+X
175.6160,6.184931,-8.600175,-3.141592,DRIVE_LANE,3,NONE,-4.9956,-4.9956,+X
175.6320,6.192924,-8.600175,-3.141592,DRIVE_LANE,3,NONE,-4.9956,-4.9956,+X
175.6480,6.200917,-8.600175,-3.141592,DRIVE_LANE,3,NONE,-4.9956,-4.9956,+X
175.6640,6.208910,-8.600175,-3.141592,DRIVE_LANE,3,NONE,-4.9956,-4.9956,+X
175.6800,6.216903,-8.600175,-3.141592,DRIVE_LANE,3,NONE,-4.9956,-4.9956,+X
175.6960,6.224896,-8.600175,-3.141592,DRIVE_LANE,3,NONE,-4.9956,-4.9956,+X
175.7120,6.232889,-8.600175,-3.141592,DRIVE_LANE,3,NONE,-4.9956,-4.9956,+X
175.7280,6.240882,-8.600175,-3.141592,DRIVE_LANE,3,NONE,-4.9956,-4.9956,+X
175.7440,6.248875,-8.600175,-3.141592,DRIVE_LANE,3,NONE,-4.9956,-4.9956,+X
175.7600,6.256868,-8.600175,-3.141592,DRIVE_LANE,3,NONE,-4.9956,-4.9956,+X
175.7760,6.264861,-8.600175,-3.141592,DRIVE_LANE,3,NONE,-4.9956,-4.9956,+X
175.7920,6.272854,-8.600175,-3.141592,DRIVE_LANE,3,NONE,-4.9956,-4.9956,+X
175.8080,6.280847,-8.600174,-3.141592,DRIVE_LANE,3,NONE,-4.9956,-4.9956,+X
175.8240,6.288840,-8.600174,-3.141592,DRIVE_LANE,3,NONE,-4.9956,-4.9956,+X
175.8400,6.296833,-8.600174,-3.141592,DRIVE_LANE,3,NONE,-4.9956,-4.9956,+X
175.8560,6.304826,-8.600174,-3.141592,DRIVE_LANE,3,NONE,-4.9956,-4.9956,+X
175.8720,6.312819,-8.600174,-3.141592,DRIVE_LANE,3,NONE,-4.9956,-4.9956,+X
175.8880,6.320812,-8.600174,-3.141592,DRIVE_LANE,3,NONE,-4.9956,-4.9956,+X
175.9040,6.328805,-8.600174,-3.141592,DRIVE_LANE,3,NONE,-4.9956,-4.9956,+X
175.9200,6.336798,-8.600174,-3.141592,DRIVE_LANE,3,NONE,-4.9956,-4.9956,+X
175.9360,6.344791,-8.600174,-3.141592,DRIVE_LANE,3,NONE,-4.9956,-4.9956,+X
175.9520,6.352784,-8.600174,-3.141592,DRIVE_LANE,3,NONE,-4.9956,-4.9956,+X
175.9680,6.360777,-8.600174,-3.141592,DRIVE_LANE,3,NONE,-4.9956,-4.9956,+X
175.9840,6.368770,-8.600174,-3.141592,DRIVE_LANE,3,NONE,-4.9956,-4.9956,+X
176.0000,6.376763,-8.600174,-3.141592,DRIVE_LANE,3,NONE,-4.9956,-4.9956,+X
176.0160,6.384756,-8.600174,-3.141592,DRIVE_LANE,3,NONE,-4.9956,-4.9956,+X
176.0320,6.392749,-8.600174,-3.141592,DRIVE_LANE,3,NONE,-4.9956,-4.9956,+X
176.0480,6.400742,-8.600174,-3.141592,DRIVE_LANE,3,NONE,-4.9956,-4.9956,+X
176.0640,6.408735,-8.600174,-3.141592,DRIVE_LANE,3,NONE,-4.9956,-4.9956,+X
176.0800,6.416728,-8.600174,-3.141592,DRIVE_LANE,3,NONE,-4.9956,-4.9956,+X
176.0960,6.424721,-8.600174,-3.141592,DRIVE_LANE,3,NONE,-4.9956,-4.9956,+X
176.1120,6.432714,-8.600174,-3.141592,DRIVE_LANE,3,NONE,-4.9956,-4.9956,+X
176.1280,6.440707,-8.600174,-3.141592,DRIVE_LANE,3,NONE,-4.9956,-4.9956,+X
176.1440,6.448700,-8.600174,-3.141592,DRIVE_LANE,3,NONE,-4.9956,-4.9956,+X
176.1600,6.456693,-8.600174,-3.141592,DRIVE_LANE,3,NONE,-4.9956,-4.9956,+X
176.1760,6.464686,-8.600174,-3.141592,DRIVE_LANE,3,NONE,-4.9956,-4.9956,+X
176.1920,6.472679,-8.600174,-3.141592,DRIVE_LANE,3,NONE,-4.9956,-4.9956,+X
176.2080,6.480672,-8.600174,-3.141592,DRIVE_LANE,3,NONE,-4.9956,-4.9956,+X
176.2240,6.488665,-8.600174,-3.141592,DRIVE_LANE,3,NONE,-4.9956,-4.9956,+X
176.2400,6.496658,-8.600174,-3.141592,DRIVE_LANE,3,NONE,-4.9956,-4.9956,+X
176.2560,6.504651,-8.600174,-3.141592,DRIVE_LANE,3,NONE,-4.9956,-4.9956,+X
176.2720,6.512644,-8.600174,-3.141592,DRIVE_LANE,3,NONE,-4.9956,-4.9956,+X
176.2880,6.520637,-8.600174,-3.141592,DRIVE_LANE,3,NONE,-4.9956,-4.9956,+X
176.3040,6.528630,-8.600174,-3.141592,DRIVE_LANE,3,NONE,-4.9956,-4.9956,+X
176.3200,6.536623,-8.600174,-3.141592,DRIVE_LANE,3,NONE,-4.9956,-4.9956,+X
176.3360,6.544616,-8.600174,-3.141592,DRIVE_LANE,3,NONE,-4.9956,-4.9956,+X
176.3520,6.552609,-8.600174,-3.141592,DRIVE_LANE,3,NONE,-4.9956,-4.9956,+X
176.3680,6.560602,-8.600174,-3.141592,DRIVE_LANE,3,NONE,-4.9956,-4.9956,+X
176.3840,6.568595,-8.600174,-3.141592,DRIVE_LANE,3,NONE,-4.9956,-4.9956,+X
176.4000,6.576588,-8.600174,-3.141592,DRIVE_LANE,3,NONE,-4.9956,-4.9956,+X
176.4160,6.584581,-8.600174,-3.141592,DRIVE_LANE,3,NONE,-4.9956,-4.9956,+X
176.4320,6.592574,-8.600174,-3.141592,DRIVE_LANE,3,NONE,-4.9956,-4.9956,+X
176.4480,6.600567,-8.600174,-3.141592,DRIVE_LANE,3,NONE,-4.9956,-4.9956,+X
176.4640,6.608560,-8.600174,-3.141592,DRIVE_LANE,3,NONE,-4.9956,-4.9956,+X
176.4800,6.616553,-8.600174,-3.141592,DRIVE_LANE,3,NONE,-4.9956,-4.9956,+X
176.4960,6.624546,-8.600174,-3.141592,DRIVE_LANE,3,NONE,-4.9956,-4.9956,+X
176.5120,6.632539,-8.600174,-3.141592,DRIVE_LANE,3,NONE,-4.9956,-4.9956,+X
176.5280,6.640532,-8.600174,-3.141592,DRIVE_LANE,3,NONE,-4.9956,-4.9956,+X
176.5440,6.648525,-8.600174,-3.141592,DRIVE_LANE,3,NONE,-4.9956,-4.9956,+X
176.5600,6.656518,-8.600174,-3.141592,DRIVE_LANE,3,NONE,-4.9956,-4.9956,+X
176.5760,6.664511,-8.600174,-3.141592,DRIVE_LANE,3,NONE,-4.9956,-4.9956,+X
176.5920,6.672504,-8.600174,-3.141592,DRIVE_LANE,3,NONE,-4.9956,-4.9956,+X
176.6080,6.680498,-8.600174,-3.141592,DRIVE_LANE,3,NONE,-4.9956,-4.9956,+X
176.6240,6.688491,-8.600174,-3.141592,DRIVE_LANE,3,NONE,-4.9956,-4.9956,+X
176.6400,6.696484,-8.600174,-3.141592,DRIVE_LANE,3,NONE,-4.9956,-4.9956,+X
176.6560,6.704477,-8.600174,-3.141592,DRIVE_LANE,3,NONE,-4.9956,-4.9956,+X
176.6720,6.712470,-8.600174,-3.141592,DRIVE_LANE,3,NONE,-4.9956,-4.9956,+X
176.6880,6.720463,-8.600174,-3.141592,DRIVE_LANE,3,NONE,-4.9956,-4.9956,+X
176.7040,6.728456,-8.600174,-3.141592,DRIVE_LANE,3,NONE,-4.9956,-4.9956,+X
176.7200,6.736449,-8.600174,-3.141592,DRIVE_LANE,3,NONE,-4.9956,-4.9956,+X
176.7360,6.744442,-8.600174,-3.141592,DRIVE_LANE,3,NONE,-4.9956,-4.9956,+X
176.7520,6.752435,-8.600174,-3.141592,DRIVE_LANE,3,NONE,-4.9956,-4.9956,+X
176.7680,6.760428,-8.600174,-3.141592,DRIVE_LANE,3,NONE,-4.9956,-4.9956,+X
176.7840,6.768421,-8.600174,-3.141592,DRIVE_LANE,3,NONE,-4.9956,-4.9956,+X
176.8000,6.776414,-8.600174,-3.141592,DRIVE_LANE,3,NONE,-4.9956,-4.9956,+X
176.8160,6.784407,-8.600174,-3.141592,DRIVE_LANE,3,NONE,-4.9956,-4.9956,+X
176.8320,6.792400,-8.600174,-3.141592,DRIVE_LANE,3,NONE,-4.9956,-4.9956,+X
176.8480,6.800393,-8.600174,-3.141592,DRIVE_LANE,3,NONE,-4.9956,-4.9956,+X
176.8640,6.808386,-8.600174,-3.141592,DRIVE_LANE,3,NONE,-4.9956,-4.9956,+X
176.8800,6.816379,-8.600174,-3.141592,DRIVE_LANE,3,NONE,-4.9956,-4.9956,+X
176.8960,6.824372,-8.600174,-3.141592,DRIVE_LANE,3,NONE,-4.9956,-4.9956,+X
176.9120,6.832365,-8.600174,-3.141592,DRIVE_LANE,3,NONE,-4.9956,-4.9956,+X
176.9280,6.840358,-8.600174,-3.141592,DRIVE_LANE,3,NONE,-4.9956,-4.9956,+X
176.9440,6.848351,-8.600174,-3.141592,DRIVE_LANE,3,NONE,-4.9956,-4.9956,+X
176.9600,6.856344,-8.600174,-3.141592,DRIVE_LANE,3,NONE,-4.9956,-4.9956,+X
176.9760,6.864337,-8.600174,-3.141592,DRIVE_LANE,3,NONE,-4.9956,-4.9956,+X
176.9920,6.872330,-8.600174,-3.141592,DRIVE_LANE,3,NONE,-4.9956,-4.9956,+X
177.0080,6.880323,-8.600174,-3.141592,DRIVE_LANE,3,NONE,-4.9956,-4.9956,+X
177.0240,6.888316,-8.600174,-3.141592,DRIVE_LANE,3,NONE,-4.9956,-4.9956,+X
177.0400,6.896309,-8.600174,-3.141592,DRIVE_LANE,3,NONE,-4.9956,-4.9956,+X
177.0560,6.904302,-8.600174,-3.141592,DRIVE_LANE,3,NONE,-4.9956,-4.9956,+X
177.0720,6.912295,-8.600174,-3.141592,DRIVE_LANE,3,NONE,-4.9956,-4.9956,+X
177.0880,6.920288,-8.600174,-3.141592,DRIVE_LANE,3,NONE,-4.9956,-4.9956,+X
177.1040,6.928281,-8.600174,-3.141592,DRIVE_LANE,3,NONE,-4.9956,-4.9956,+X
177.1200,6.936274,-8.600174,-3.141592,DRIVE_LANE,3,NONE,-4.9956,-4.9956,+X
177.1360,6.944267,-8.600174,-3.141592,DRIVE_LANE,3,NONE,-4.9956,-4.9956,+X
177.1520,6.952260,-8.600174,-3.141592,DRIVE_LANE,3,NONE,-4.9956,-4.9956,+X
177.1680,6.960253,-8.600174,-3.141592,DRIVE_LANE,3,NONE,-4.9956,-4.9956,+X
177.1840,6.968246,-8.600174,-3.141592,DRIVE_LANE,3,NONE,-4.9956,-4.9956,+X
177.2000,6.976239,-8.600174,-3.141592,DRIVE_LANE,3,NONE,-4.9956,-4.9956,+X
177.2160,6.984232,-8.600174,-3.141592,DRIVE_LANE,3,NONE,-4.9956,-4.9956,+X
177.2320,6.992225,-8.600174,-3.141592,DRIVE_LANE,3,NONE,-4.9956,-4.9956,+X
177.2480,7.000219,-8.600174,-3.141592,DRIVE_LANE,3,NONE,-4.9956,-4.9956,+X
177.2640,7.008212,-8.600174,-3.141592,DRIVE_LANE,3,NONE,-4.9956,-4.9956,+X
177.2800,7.016205,-8.600174,-3.141592,DRIVE_LANE,3,NONE,-4.9956,-4.9956,+X
177.2960,7.024198,-8.600174,-3.141592,DRIVE_LANE,3,NONE,-4.9956,-4.9956,+X
177.3120,7.032191,-8.600174,-3.141592,DRIVE_LANE,3,NONE,-4.9956,-4.9956,+X
177.3280,7.040184,-8.600174,-3.141592,DRIVE_LANE,3,NONE,-4.9956,-4.9956,+X
177.3440,7.048177,-8.600174,-3.141592,DRIVE_LANE,3,NONE,-4.9956,-4.9956,+X
177.3600,7.056170,-8.600174,-3.141592,DRIVE_LANE,3,NONE,-4.9956,-4.9956,+X
177.3760,7.064163,-8.600174,-3.141592,DRIVE_LANE,3,NONE,-4.9956,-4.9956,+X
177.3920,7.072156,-8.600174,-3.141592,DRIVE_LANE,3,NONE,-4.9956,-4.9956,+X
177.4080,7.080149,-8.600174,-3.141592,DRIVE_LANE,3,NONE,-4.9956,-4.9956,+X
177.4240,7.088142,-8.600174,-3.141592,DRIVE_LANE,3,NONE,-4.9956,-4.9956,+X
177.4400,7.096135,-8.600174,-3.141592,DRIVE_LANE,3,NONE,-4.9956,-4.9956,+X
177.4560,7.104128,-8.600174,-3.141592,DRIVE_LANE,3,NONE,-4.9956,-4.9956,+X
177.4720,7.112121,-8.600174,-3.141592,DRIVE_LANE,3,NONE,-4.9956,-4.9956,+X
177.4880,7.120114,-8.600174,-3.141592,DRIVE_LANE,3,NONE,-4.9956,-4.9956,+X
177.5040,7.128107,-8.600174,-3.141592,DRIVE_LANE,3,NONE,-4.9956,-4.9956,+X
177.5200,7.136100,-8.600174,-3.141592,DRIVE_LANE,3,NONE,-4.9956,-4.9956,+X
177.5360,7.144093,-8.600174,-3.141592,DRIVE_LANE,3,NONE,-4.9956,-4.9956,+X
177.5520,7.152086,-8.600174,-3.141592,DRIVE_LANE,3,NONE,-4.9956,-4.9956,+X
177.5680,7.160079,-8.600174,-3.141592,DRIVE_LANE,3,NONE,-4.9956,-4.9956,+X
177.5840,7.168072,-8.600174,-3.141592,DRIVE_LANE,3,NONE,-4.9956,-4.9956,+X
177.6000,7.176065,-8.600174,-3.141592,DRIVE_LANE,3,NONE,-4.9956,-4.9956,+X
177.6160,7.184058,-8.600174,-3.141592,DRIVE_LANE,3,NONE,-4.9956,-4.9956,+X
177.6320,7.192051,-8.600174,-3.141592,DRIVE_LANE,3,NONE,-4.9956,-4.9956,+X
177.6480,7.200044,-8.600174,-3.141592,DRIVE_LANE,3,NONE,-4.9956,-4.9956,+X
177.6640,7.208037,-8.600174,-3.141592,DRIVE_LANE,3,NONE,-4.9956,-4.9956,+X
177.6800,7.216030,-8.600174,-3.141592,DRIVE_LANE,3,NONE,-4.9956,-4.9956,+X
177.6960,7.224023,-8.600174,-3.141592,DRIVE_LANE,3,NONE,-4.9956,-4.9956,+X
177.7120,7.232016,-8.600174,-3.141592,DRIVE_LANE,3,NONE,-4.9956,-4.9956,+X
177.7280,7.240009,-8.600174,-3.141592,DRIVE_LANE,3,NONE,-4.9956,-4.9956,+X
177.7440,7.248003,-8.600174,-3.141592,DRIVE_LANE,3,NONE,-4.9956,-4.9956,+X
177.7600,7.255996,-8.600174,-3.141592,DRIVE_LANE,3,NONE,-4.9956,-4.9956,+X
177.7760,7.263989,-8.600174,-3.141592,DRIVE_LANE,3,NONE,-4.9956,-4.9956,+X
177.7920,7.271982,-8.600174,-3.141592,DRIVE_LANE,3,NONE,-4.9956,-4.9956,+X
177.8080,7.279975,-8.600174,-3.141592,DRIVE_LANE,3,NONE,-4.9956,-4.9956,+X
177.8240,7.287968,-8.600174,-3.141592,DRIVE_LANE,3,NONE,-4.9956,-4.9956,+X
177.8400,7.295961,-8.600174,-3.141592,DRIVE_LANE,3,NONE,-4.9956,-4.9956,+X
177.8560,7.303954,-8.600174,-3.141592,DRIVE_LANE,3,NONE,-4.9956,-4.9956,+X
177.8720,7.311947,-8.600174,-3.141592,DRIVE_LANE,3,NONE,-4.9956,-4.9956,+X
177.8880,7.319940,-8.600174,-3.141592,DRIVE_LANE,3,NONE,-4.9956,-4.9956,+X
177.9040,7.327933,-8.600174,-3.141592,DRIVE_LANE,3,NONE,-4.9956,-4.9956,+X
177.9200,7.335926,-8.600174,-3.141592,DRIVE_LANE,3,NONE,-4.9956,-4.9956,+X
177.9360,7.343919,-8.600174,-3.141592,DRIVE_LANE,3,NONE,-4.9956,-4.9956,+X
177.9520,7.351912,-8.600174,-3.141592,DRIVE_LANE,3,NONE,-4.9956,-4.9956,+X
177.9680,7.359905,-8.600174,-3.141592,DRIVE_LANE,3,NONE,-4.9956,-4.9956,+X
177.9840,7.367898,-8.600174,-3.141592,DRIVE_LANE,3,NONE,-4.9956,-4.9956,+X
178.0000,7.375891,-8.600174,-3.141592,DRIVE_LANE,3,NONE,-4.9956,-4.9956,+X
178.0160,7.383884,-8.600174,-3.141592,DRIVE_LANE,3,NONE,-4.9956,-4.9956,+X
178.0320,7.391877,-8.600174,-3.141592,DRIVE_LANE,3,NONE,-4.9956,-4.9956,+X
178.0480,7.399870,-8.600174,-3.141592,DRIVE_LANE,3,NONE,-4.9956,-4.9956,+X
178.0640,7.407863,-8.600174,-3.141592,DRIVE_LANE,3,NONE,-4.9956,-4.9956,+X
178.0800,7.415856,-8.600174,-3.141592,DRIVE_LANE,3,NONE,-4.9956,-4.9956,+X
178.0960,7.423849,-8.600174,-3.141592,DRIVE_LANE,3,NONE,-4.9956,-4.9956,+X
178.1120,7.431842,-8.600174,-3.141592,DRIVE_LANE,3,NONE,-4.9956,-4.9956,+X
178.1280,7.439835,-8.600174,-3.141592,DRIVE_LANE,3,NONE,-4.9956,-4.9956,+X
178.1440,7.447828,-8.600174,-3.141592,DRIVE_LANE,3,NONE,-4.9957,-4.9957,+X
178.1600,7.455822,-8.600174,-3.141592,DRIVE_LANE,3,NONE,-4.9957,-4.9957,+X
178.1760,7.463815,-8.600174,-3.141592,DRIVE_LANE,3,NONE,-4.9957,-4.9957,+X
178.1920,7.471808,-8.600174,-3.141592,DRIVE_LANE,3,NONE,-4.9957,-4.9957,+X
178.2080,7.479801,-8.600174,-3.141592,DRIVE_LANE,3,NONE,-4.9957,-4.9957,+X
178.2240,7.487794,-8.600174,-3.141592,DRIVE_LANE,3,NONE,-4.9957,-4.9957,+X
178.2400,7.495787,-8.600174,-3.141592,DRIVE_LANE,3,NONE,-4.9957,-4.9957,+X
178.2560,7.503780,-8.600174,-3.141592,DRIVE_LANE,3,NONE,-4.9957,-4.9957,+X
178.2720,7.511773,-8.600174,-3.141592,DRIVE_LANE,3,NONE,-4.9957,-4.9957,+X
178.2880,7.519766,-8.600174,-3.141592,DRIVE_LANE,3,NONE,-4.9957,-4.9957,+X
178.3040,7.527759,-8.600174,-3.141592,DRIVE_LANE,3,NONE,-4.9957,-4.9957,+X
178.3200,7.535752,-8.600174,-3.141592,DRIVE_LANE,3,NONE,-4.9957,-4.9957,+X
178.3360,7.543745,-8.600174,-3.141592,DRIVE_LANE,3,NONE,-4.9957,-4.9957,+X
178.3520,7.551738,-8.600174,-3.141592,DRIVE_LANE,3,NONE,-4.9957,-4.9957,+X
178.3680,7.559731,-8.600174,-3.141592,DRIVE_LANE,3,NONE,-4.9957,-4.9957,+X
178.3840,7.567724,-8.600174,-3.141592,DRIVE_LANE,3,NONE,-4.9957,-4.9957,+X
178.4000,7.575717,-8.600174,-3.141592,DRIVE_LANE,3,NONE,-4.9957,-4.9957,+X
178.4160,7.583710,-8.600174,-3.141592,DRIVE_LANE,3,NONE,-4.9957,-4.9957,+X
178.4320,7.591703,-8.600174,-3.141592,DRIVE_LANE,3,NONE,-4.9957,-4.9957,+X
178.4480,7.599696,-8.600174,-3.141592,DRIVE_LANE,3,NONE,-4.9957,-4.9957,+X
178.4640,7.607689,-8.600174,-3.141592,DRIVE_LANE,3,NONE,-4.9957,-4.9957,+X
178.4800,7.615682,-8.600174,-3.141592,DRIVE_LANE,3,NONE,-4.9957,-4.9957,+X
178.4960,7.623675,-8.600174,-3.141592,DRIVE_LANE,3,NONE,-4.9957,-4.9957,+X
178.5120,7.631668,-8.600174,-3.141592,DRIVE_LANE,3,NONE,-4.9957,-4.9957,+X
178.5280,7.639661,-8.600174,-3.141592,DRIVE_LANE,3,NONE,-4.9957,-4.9957,+X
178.5440,7.647655,-8.600174,-3.141592,DRIVE_LANE,3,NONE,-4.9957,-4.9957,+X
178.5600,7.655648,-8.600174,-3.141592,DRIVE_LANE,3,NONE,-4.9957,-4.9957,+X
178.5760,7.663641,-8.600174,-3.141592,DRIVE_LANE,3,NONE,-4.9957,-4.9957,+X
178.5920,7.671634,-8.600174,-3.141592,DRIVE_LANE,3,NONE,-4.9957,-4.9957,+X
178.6080,7.679627,-8.600174,-3.141592,DRIVE_LANE,3,NONE,-4.9957,-4.9957,+X
178.6240,7.687620,-8.600174,-3.141592,DRIVE_LANE,3,NONE,-4.9957,-4.9957,+X
178.6400,7.695613,-8.600173,-3.141592,DRIVE_LANE,3,NONE,-4.9957,-4.9957,+X
178.6560,7.703606,-8.600173,-3.141592,DRIVE_LANE,3,NONE,-4.9957,-4.9957,+X
178.6720,7.711599,-8.600173,-3.141592,DRIVE_LANE,3,NONE,-4.9957,-4.9957,+X
178.6880,7.719592,-8.600173,-3.141592,DRIVE_LANE,3,NONE,-4.9957,-4.9957,+X
178.7040,7.727585,-8.600173,-3.141592,DRIVE_LANE,3,NONE,-4.9957,-4.9957,+X
178.7200,7.735578,-8.600173,-3.141592,DRIVE_LANE,3,NONE,-4.9957,-4.9957,+X
178.7360,7.743571,-8.600173,-3.141592,DRIVE_LANE,3,NONE,-4.9957,-4.9957,+X
178.7520,7.751564,-8.600173,-3.141592,DRIVE_LANE,3,NONE,-4.9957,-4.9957,+X
178.7680,7.759557,-8.600173,-3.141592,DRIVE_LANE,3,NONE,-4.9957,-4.9957,+X
178.7840,7.767550,-8.600173,-3.141592,DRIVE_LANE,3,NONE,-4.9957,-4.9957,+X
178.8000,7.775543,-8.600173,-3.141592,DRIVE_LANE,3,NONE,-4.9957,-4.9957,+X
178.8160,7.783536,-8.600173,-3.141592,DRIVE_LANE,3,NONE,-4.9957,-4.9957,+X
178.8320,7.791529,-8.600173,-3.141592,DRIVE_LANE,3,NONE,-4.9957,-4.9957,+X
178.8480,7.799522,-8.600173,-3.141592,DRIVE_LANE,3,NONE,-4.9957,-4.9957,+X
178.8640,7.807515,-8.600173,-3.141592,DRIVE_LANE,3,NONE,-4.9957,-4.9957,+X
178.8800,7.815508,-8.600173,-3.141592,DRIVE_LANE,3,NONE,-4.9957,-4.9957,+X
178.8960,7.823502,-8.600173,-3.141592,DRIVE_LANE,3,NONE,-4.9957,-4.9957,+X
178.9120,7.831495,-8.600173,-3.141592,DRIVE_LANE,3,NONE,-4.9957,-4.9957,+X
178.9280,7.839488,-8.600173,-3.141592,DRIVE_LANE,3,NONE,-4.9957,-4.9957,+X
178.9440,7.847481,-8.600173,-3.141592,DRIVE_LANE,3,NONE,-4.9957,-4.9957,+X
178.9600,7.855474,-8.600173,-3.141592,DRIVE_LANE,3,NONE,-4.9957,-4.9957,+X
178.9760,7.863467,-8.600173,-3.141592,DRIVE_LANE,3,NONE,-4.9957,-4.9957,+X
178.9920,7.871460,-8.600173,-3.141592,DRIVE_LANE,3,NONE,-4.9957,-4.9957,+X
179.0080,7.879453,-8.600173,-3.141592,DRIVE_LANE,3,NONE,-4.9957,-4.9957,+X
179.0240,7.887446,-8.600173,-3.141592,DRIVE_LANE,3,NONE,-4.9957,-4.9957,+X
179.0400,7.895439,-8.600173,-3.141592,DRIVE_LANE,3,NONE,-4.9957,-4.9957,+X
179.0560,7.903432,-8.600173,-3.141592,DRIVE_LANE,3,NONE,-4.9957,-4.9957,+X
179.0720,7.911425,-8.600173,-3.141592,DRIVE_LANE,3,NONE,-4.9957,-4.9957,+X
179.0880,7.919418,-8.600173,-3.141592,DRIVE_LANE,3,NONE,-4.9957,-4.9957,+X
179.1040,7.927411,-8.600173,-3.141592,DRIVE_LANE,3,NONE,-4.9957,-4.9957,+X
179.1200,7.935404,-8.600173,-3.141592,DRIVE_LANE,3,NONE,-4.9957,-4.9957,+X
179.1360,7.943397,-8.600173,-3.141592,DRIVE_LANE,3,NONE,-4.9957,-4.9957,+X
179.1520,7.951390,-8.600173,-3.141592,DRIVE_LANE,3,NONE,-4.9957,-4.9957,+X
179.1680,7.959383,-8.600173,-3.141592,DRIVE_LANE,3,NONE,-4.9957,-4.9957,+X
179.1840,7.967376,-8.600173,-3.141592,DRIVE_LANE,3,NONE,-4.9957,-4.9957,+X
179.2000,7.975369,-8.600173,-3.141592,DRIVE_LANE,3,NONE,-4.9957,-4.9957,+X
179.2160,7.983363,-8.600173,-3.141592,DRIVE_LANE,3,NONE,-4.9957,-4.9957,+X
179.2320,7.991356,-8.600173,-3.141592,DRIVE_LANE,3,NONE,-4.9957,-4.9957,+X
179.2480,7.999349,-8.600173,-3.141592,DRIVE_LANE,3,NONE,-4.9957,-4.9957,+X
179.2640,8.007342,-8.600173,-3.141592,DRIVE_LANE,3,NONE,-4.9957,-4.9957,+X
179.2800,8.015335,-8.600173,-3.141592,DRIVE_LANE,3,NONE,-4.9957,-4.9957,+X
179.2960,8.023328,-8.600173,-3.141592,DRIVE_LANE,3,NONE,-4.9957,-4.9957,+X
179.3120,8.031321,-8.600173,-3.141592,DRIVE_LANE,3,NONE,-4.9957,-4.9957,+X
179.3280,8.039314,-8.600173,-3.141592,DRIVE_LANE,3,NONE,-4.9957,-4.9957,+X
179.3440,8.047307,-8.600173,-3.141592,DRIVE_LANE,3,NONE,-4.9957,-4.9957,+X
179.3600,8.055300,-8.600173,-3.141592,DRIVE_LANE,3,NONE,-4.9957,-4.9957,+X
179.3760,8.063293,-8.600173,-3.141592,DRIVE_LANE,3,NONE,-4.9957,-4.9957,+X
179.3920,8.071286,-8.600173,-3.141592,DRIVE_LANE,3,NONE,-4.9957,-4.9957,+X
179.4080,8.079279,-8.600173,-3.141592,DRIVE_LANE,3,NONE,-4.9957,-4.9957,+X
179.4240,8.087272,-8.600173,-3.141592,DRIVE_LANE,3,NONE,-4.9957,-4.9957,+X
179.4400,8.095265,-8.600173,-3.141592,DRIVE_LANE,3,NONE,-4.9957,-4.9957,+X
179.4560,8.103258,-8.600173,-3.141592,DRIVE_LANE,3,NONE,-4.9957,-4.9957,+X
179.4720,8.111251,-8.600173,-3.141592,DRIVE_LANE,3,NONE,-4.9957,-4.9957,+X
179.4880,8.119244,-8.600173,-3.141592,DRIVE_LANE,3,NONE,-4.9957,-4.9957,+X
179.5040,8.127238,-8.600173,-3.141592,DRIVE_LANE,3,NONE,-4.9957,-4.9957,+X
179.5200,8.135231,-8.600173,-3.141592,DRIVE_LANE,3,NONE,-4.9957,-4.9957,+X
179.5360,8.143224,-8.600173,-3.141592,DRIVE_LANE,3,NONE,-4.9957,-4.9957,+X
179.5520,8.151217,-8.600173,-3.141592,DRIVE_LANE,3,NONE,-4.9957,-4.9957,+X
179.5680,8.159210,-8.600173,-3.141592,DRIVE_LANE,3,NONE,-4.9957,-4.9957,+X
179.5840,8.167203,-8.600173,-3.141592,DRIVE_LANE,3,NONE,-4.9957,-4.9957,+X
179.6000,8.175196,-8.600173,-3.141592,DRIVE_LANE,3,NONE,-4.9957,-4.9957,+X
179.6160,8.183189,-8.600173,-3.141592,DRIVE_LANE,3,NONE,-4.9957,-4.9957,+X
179.6320,8.191182,-8.600173,-3.141592,DRIVE_LANE,3,NONE,-4.9957,-4.9957,+X
179.6480,8.199175,-8.600173,-3.141592,DRIVE_LANE,3,NONE,-4.9957,-4.9957,+X
179.6640,8.207168,-8.600173,-3.141592,DRIVE_LANE,3,NONE,-4.9957,-4.9957,+X
179.6800,8.215161,-8.600173,-3.141592,DRIVE_LANE,3,NONE,-4.9957,-4.9957,+X
179.6960,8.223154,-8.600173,-3.141592,DRIVE_LANE,3,NONE,-4.9957,-4.9957,+X
179.7120,8.231147,-8.600173,-3.141592,DRIVE_LANE,3,NONE,-4.9957,-4.9957,+X
179.7280,8.239140,-8.600173,-3.141592,DRIVE_LANE,3,NONE,-4.9957,-4.9957,+X
179.7440,8.247133,-8.600173,-3.141592,DRIVE_LANE,3,NONE,-4.9957,-4.9957,+X
179.7600,8.255126,-8.600173,-3.141592,DRIVE_LANE,3,NONE,-4.9957,-4.9957,+X
179.7760,8.263119,-8.600173,-3.141592,DRIVE_LANE,3,NONE,-4.9957,-4.9957,+X
179.7920,8.271113,-8.600173,-3.141592,DRIVE_LANE,3,NONE,-4.9957,-4.9957,+X
179.8080,8.279106,-8.600173,-3.141592,DRIVE_LANE,3,NONE,-4.9957,-4.9957,+X
179.8240,8.287099,-8.600173,-3.141592,DRIVE_LANE,3,NONE,-4.9957,-4.9957,+X
179.8400,8.295092,-8.600173,-3.141592,DRIVE_LANE,3,NONE,-4.9957,-4.9957,+X
179.8560,8.303085,-8.600173,-3.141592,DRIVE_LANE,3,NONE,-4.9957,-4.9957,+X
179.8720,8.311078,-8.600173,-3.141592,DRIVE_LANE,3,NONE,-4.9957,-4.9957,+X
179.8880,8.319071,-8.600173,-3.141592,DRIVE_LANE,3,NONE,-4.9957,-4.9957,+X
179.9040,8.327064,-8.600173,-3.141592,DRIVE_LANE,3,NONE,-4.9957,-4.9957,+X
179.9200,8.335057,-8.600173,-3.141592,DRIVE_LANE,3,NONE,-4.9957,-4.9957,+X
179.9360,8.343050,-8.600173,-3.141592,DRIVE_LANE,3,NONE,-4.9957,-4.9957,+X
179.9520,8.351043,-8.600173,-3.141592,DRIVE_LANE,3,NONE,-4.9957,-4.9957,+X
179.9680,8.359036,-8.600173,-3.141592,DRIVE_LANE,3,NONE,-4.9957,-4.9957,+X
179.9840,8.367029,-8.600173,-3.141592,DRIVE_LANE,3,NONE,-4.9957,-4.9957,+X
180.0000,8.375022,-8.600173,-3.141592,DRIVE_LANE,3,NONE,-4.9957,-4.9957,+X
180.0160,8.383015,-8.600173,-3.141592,DRIVE_LANE,3,NONE,-4.9957,-4.9957,+X
180.0320,8.391008,-8.600173,-3.141592,DRIVE_LANE,3,NONE,-4.9957,-4.9957,+X
180.0480,8.399002,-8.600173,-3.141592,DRIVE_LANE,3,NONE,-4.9957,-4.9957,+X
180.0640,8.406995,-8.600173,-3.141592,DRIVE_LANE,3,NONE,-4.9957,-4.9957,+X
180.0800,8.414988,-8.600173,-3.141592,DRIVE_LANE,3,NONE,-4.9957,-4.9957,+X
180.0960,8.422981,-8.600173,-3.141592,DRIVE_LANE,3,NONE,-4.9957,-4.9957,+X
